     Removed 264 files, 27.7MiB total
   Compiling scopeguard v1.2.0
   Compiling libc v0.2.172 (/home/hwt/桌面/sources/实验和项目类/os区域赛/rcore-lab/vendor/libc)
   Compiling spin v0.7.1
   Compiling bitflags v1.3.2
   Compiling lock_api v0.4.6
   Compiling buddy_system_allocator v0.6.0
   Compiling spin v0.9.8
warning: unexpected `cfg` condition value: `trusty`
   --> /home/hwt/桌面/sources/实验和项目类/os区域赛/rcore-lab/vendor/libc/src/lib.rs:117:21
    |
117 |     } else if #[cfg(target_os = "trusty")] {
    |                     ^^^^^^^^^
    |
    = note: expected values for `target_os` are: `aix`, `android`, `cuda`, `cygwin`, `dragonfly`, `emscripten`, `espidf`, `freebsd`, `fuchsia`, `haiku`, `hermit`, `horizon`, `hurd`, `illumos`, `ios`, `l4re`, `linux`, `macos`, `netbsd`, `none`, `nto`, `nuttx`, `ohos`, `openbsd`, `psp`, `redox`, `rtems`, `solaris`, `solid_asp3`, `switch`, `teeos`, `tvos`, `uefi`, `unknown`, and `visionos` and 7 more
    = note: see <https://doc.rust-lang.org/nightly/rustc/check-cfg/cargo-specifics.html> for more information about checking conditional configuration
    = note: `#[warn(unexpected_cfgs)]` on by default

warning: `libc` (lib) generated 1 warning
   Compiling lazy_static v1.5.0
   Compiling user_lib v0.1.0 (/home/hwt/桌面/sources/实验和项目类/os区域赛/rcore-lab/user)
    Finished `release` profile [optimized] target(s) in 0.62s
warning: unexpected `cfg` condition name: `fuzzing`
   --> /home/hwt/桌面/sources/实验和项目类/os区域赛/rcore-lab/vendor/smoltcp/src/wire/icmpv4.rs:278:17
    |
278 |         if cfg!(fuzzing) {
    |                 ^^^^^^^
    |
    = help: expected names are: `clippy`, `debug_assertions`, `doc`, `docsrs`, `doctest`, `feature`, `miri`, `overflow_checks`, `panic`, `proc_macro`, `relocation_model`, `rustfmt`, `sanitize`, `sanitizer_cfi_generalize_pointers`, `sanitizer_cfi_normalize_integers`, `target_abi`, `target_arch`, `target_endian`, `target_env`, `target_family`, `target_feature`, `target_has_atomic`, `target_has_atomic_equal_alignment`, `target_has_atomic_load_store`, `target_os`, `target_pointer_width`, `target_thread_local`, `target_vendor`, `test`, `ub_checks`, `unix`, and `windows`
    = help: consider using a Cargo feature instead
    = help: or consider adding in `Cargo.toml` the `check-cfg` lint config for the lint:
             [lints.rust]
             unexpected_cfgs = { level = "warn", check-cfg = ['cfg(fuzzing)'] }
    = help: or consider adding `println!("cargo::rustc-check-cfg=cfg(fuzzing)");` to the top of the `build.rs`
    = note: see <https://doc.rust-lang.org/nightly/rustc/check-cfg/cargo-specifics.html> for more information about checking conditional configuration
    = note: `#[warn(unexpected_cfgs)]` on by default

warning: unexpected `cfg` condition name: `fuzzing`
   --> /home/hwt/桌面/sources/实验和项目类/os区域赛/rcore-lab/vendor/smoltcp/src/wire/ipv4.rs:453:17
    |
453 |         if cfg!(fuzzing) {
    |                 ^^^^^^^
    |
    = help: consider using a Cargo feature instead
    = help: or consider adding in `Cargo.toml` the `check-cfg` lint config for the lint:
             [lints.rust]
             unexpected_cfgs = { level = "warn", check-cfg = ['cfg(fuzzing)'] }
    = help: or consider adding `println!("cargo::rustc-check-cfg=cfg(fuzzing)");` to the top of the `build.rs`
    = note: see <https://doc.rust-lang.org/nightly/rustc/check-cfg/cargo-specifics.html> for more information about checking conditional configuration

warning: unexpected `cfg` condition name: `fuzzing`
   --> /home/hwt/桌面/sources/实验和项目类/os区域赛/rcore-lab/vendor/smoltcp/src/wire/tcp.rs:362:17
    |
362 |         if cfg!(fuzzing) {
    |                 ^^^^^^^
    |
    = help: consider using a Cargo feature instead
    = help: or consider adding in `Cargo.toml` the `check-cfg` lint config for the lint:
             [lints.rust]
             unexpected_cfgs = { level = "warn", check-cfg = ['cfg(fuzzing)'] }
    = help: or consider adding `println!("cargo::rustc-check-cfg=cfg(fuzzing)");` to the top of the `build.rs`
    = note: see <https://doc.rust-lang.org/nightly/rustc/check-cfg/cargo-specifics.html> for more information about checking conditional configuration

warning: unexpected `cfg` condition name: `fuzzing`
   --> /home/hwt/桌面/sources/实验和项目类/os区域赛/rcore-lab/vendor/smoltcp/src/wire/udp.rs:113:17
    |
113 |         if cfg!(fuzzing) {
    |                 ^^^^^^^
    |
    = help: consider using a Cargo feature instead
    = help: or consider adding in `Cargo.toml` the `check-cfg` lint config for the lint:
             [lints.rust]
             unexpected_cfgs = { level = "warn", check-cfg = ['cfg(fuzzing)'] }
    = help: or consider adding `println!("cargo::rustc-check-cfg=cfg(fuzzing)");` to the top of the `build.rs`
    = note: see <https://doc.rust-lang.org/nightly/rustc/check-cfg/cargo-specifics.html> for more information about checking conditional configuration

warning: `smoltcp` (lib) generated 4 warnings
warning: unexpected `cfg` condition name: `riscv64`
   --> /home/hwt/桌面/sources/实验和项目类/os区域赛/rcore-lab/vendor/riscv/src/paging/page_table.rs:213:7
    |
213 | #[cfg(riscv64)]
    |       ^^^^^^^ help: there is a config with a similar name: `riscv`
    |
    = help: consider using a Cargo feature instead
    = help: or consider adding in `Cargo.toml` the `check-cfg` lint config for the lint:
             [lints.rust]
             unexpected_cfgs = { level = "warn", check-cfg = ['cfg(riscv64)'] }
    = help: or consider adding `println!("cargo::rustc-check-cfg=cfg(riscv64)");` to the top of the `build.rs`
    = note: see <https://doc.rust-lang.org/nightly/rustc/check-cfg/cargo-specifics.html> for more information about checking conditional configuration
    = note: requested on the command line with `-W unexpected-cfgs`

warning: unexpected `cfg` condition name: `riscv32`
   --> /home/hwt/桌面/sources/实验和项目类/os区域赛/rcore-lab/vendor/riscv/src/paging/page_table.rs:215:7
    |
215 | #[cfg(riscv32)]
    |       ^^^^^^^ help: there is a config with a similar name: `riscv`
    |
    = help: consider using a Cargo feature instead
    = help: or consider adding in `Cargo.toml` the `check-cfg` lint config for the lint:
             [lints.rust]
             unexpected_cfgs = { level = "warn", check-cfg = ['cfg(riscv32)'] }
    = help: or consider adding `println!("cargo::rustc-check-cfg=cfg(riscv32)");` to the top of the `build.rs`
    = note: see <https://doc.rust-lang.org/nightly/rustc/check-cfg/cargo-specifics.html> for more information about checking conditional configuration

warning: unexpected `cfg` condition name: `riscv64`
   --> /home/hwt/桌面/sources/实验和项目类/os区域赛/rcore-lab/vendor/riscv/src/paging/page_table.rs:217:7
    |
217 | #[cfg(riscv64)]
    |       ^^^^^^^ help: there is a config with a similar name: `riscv`
    |
    = help: consider using a Cargo feature instead
    = help: or consider adding in `Cargo.toml` the `check-cfg` lint config for the lint:
             [lints.rust]
             unexpected_cfgs = { level = "warn", check-cfg = ['cfg(riscv64)'] }
    = help: or consider adding `println!("cargo::rustc-check-cfg=cfg(riscv64)");` to the top of the `build.rs`
    = note: see <https://doc.rust-lang.org/nightly/rustc/check-cfg/cargo-specifics.html> for more information about checking conditional configuration

warning: unexpected `cfg` condition name: `riscv32`
   --> /home/hwt/桌面/sources/实验和项目类/os区域赛/rcore-lab/vendor/riscv/src/paging/page_table.rs:219:7
    |
219 | #[cfg(riscv32)]
    |       ^^^^^^^ help: there is a config with a similar name: `riscv`
    |
    = help: consider using a Cargo feature instead
    = help: or consider adding in `Cargo.toml` the `check-cfg` lint config for the lint:
             [lints.rust]
             unexpected_cfgs = { level = "warn", check-cfg = ['cfg(riscv32)'] }
    = help: or consider adding `println!("cargo::rustc-check-cfg=cfg(riscv32)");` to the top of the `build.rs`
    = note: see <https://doc.rust-lang.org/nightly/rustc/check-cfg/cargo-specifics.html> for more information about checking conditional configuration

warning: unexpected `cfg` condition name: `riscv64`
   --> /home/hwt/桌面/sources/实验和项目类/os区域赛/rcore-lab/vendor/riscv/src/paging/page_table.rs:221:7
    |
221 | #[cfg(riscv64)]
    |       ^^^^^^^ help: there is a config with a similar name: `riscv`
    |
    = help: consider using a Cargo feature instead
    = help: or consider adding in `Cargo.toml` the `check-cfg` lint config for the lint:
             [lints.rust]
             unexpected_cfgs = { level = "warn", check-cfg = ['cfg(riscv64)'] }
    = help: or consider adding `println!("cargo::rustc-check-cfg=cfg(riscv64)");` to the top of the `build.rs`
    = note: see <https://doc.rust-lang.org/nightly/rustc/check-cfg/cargo-specifics.html> for more information about checking conditional configuration

warning: unexpected `cfg` condition name: `riscv32`
   --> /home/hwt/桌面/sources/实验和项目类/os区域赛/rcore-lab/vendor/riscv/src/paging/page_table.rs:223:7
    |
223 | #[cfg(riscv32)]
    |       ^^^^^^^ help: there is a config with a similar name: `riscv`
    |
    = help: consider using a Cargo feature instead
    = help: or consider adding in `Cargo.toml` the `check-cfg` lint config for the lint:
             [lints.rust]
             unexpected_cfgs = { level = "warn", check-cfg = ['cfg(riscv32)'] }
    = help: or consider adding `println!("cargo::rustc-check-cfg=cfg(riscv32)");` to the top of the `build.rs`
    = note: see <https://doc.rust-lang.org/nightly/rustc/check-cfg/cargo-specifics.html> for more information about checking conditional configuration

warning: unexpected `cfg` condition name: `riscv32`
   --> /home/hwt/桌面/sources/实验和项目类/os区域赛/rcore-lab/vendor/riscv/src/paging/page_table.rs:225:15
    |
225 | #[cfg(not(any(riscv32, riscv64)))]
    |               ^^^^^^^ help: there is a config with a similar name: `riscv`
    |
    = help: consider using a Cargo feature instead
    = help: or consider adding in `Cargo.toml` the `check-cfg` lint config for the lint:
             [lints.rust]
             unexpected_cfgs = { level = "warn", check-cfg = ['cfg(riscv32)'] }
    = help: or consider adding `println!("cargo::rustc-check-cfg=cfg(riscv32)");` to the top of the `build.rs`
    = note: see <https://doc.rust-lang.org/nightly/rustc/check-cfg/cargo-specifics.html> for more information about checking conditional configuration

warning: unexpected `cfg` condition name: `riscv64`
   --> /home/hwt/桌面/sources/实验和项目类/os区域赛/rcore-lab/vendor/riscv/src/paging/page_table.rs:225:24
    |
225 | #[cfg(not(any(riscv32, riscv64)))]
    |                        ^^^^^^^ help: there is a config with a similar name: `riscv`
    |
    = help: consider using a Cargo feature instead
    = help: or consider adding in `Cargo.toml` the `check-cfg` lint config for the lint:
             [lints.rust]
             unexpected_cfgs = { level = "warn", check-cfg = ['cfg(riscv64)'] }
    = help: or consider adding `println!("cargo::rustc-check-cfg=cfg(riscv64)");` to the top of the `build.rs`
    = note: see <https://doc.rust-lang.org/nightly/rustc/check-cfg/cargo-specifics.html> for more information about checking conditional configuration

warning: unexpected `cfg` condition name: `riscv32`
   --> /home/hwt/桌面/sources/实验和项目类/os区域赛/rcore-lab/vendor/riscv/src/paging/page_table.rs:227:15
    |
227 | #[cfg(not(any(riscv32, riscv64)))]
    |               ^^^^^^^ help: there is a config with a similar name: `riscv`
    |
    = help: consider using a Cargo feature instead
    = help: or consider adding in `Cargo.toml` the `check-cfg` lint config for the lint:
             [lints.rust]
             unexpected_cfgs = { level = "warn", check-cfg = ['cfg(riscv32)'] }
    = help: or consider adding `println!("cargo::rustc-check-cfg=cfg(riscv32)");` to the top of the `build.rs`
    = note: see <https://doc.rust-lang.org/nightly/rustc/check-cfg/cargo-specifics.html> for more information about checking conditional configuration

warning: unexpected `cfg` condition name: `riscv64`
   --> /home/hwt/桌面/sources/实验和项目类/os区域赛/rcore-lab/vendor/riscv/src/paging/page_table.rs:227:24
    |
227 | #[cfg(not(any(riscv32, riscv64)))]
    |                        ^^^^^^^ help: there is a config with a similar name: `riscv`
    |
    = help: consider using a Cargo feature instead
    = help: or consider adding in `Cargo.toml` the `check-cfg` lint config for the lint:
             [lints.rust]
             unexpected_cfgs = { level = "warn", check-cfg = ['cfg(riscv64)'] }
    = help: or consider adding `println!("cargo::rustc-check-cfg=cfg(riscv64)");` to the top of the `build.rs`
    = note: see <https://doc.rust-lang.org/nightly/rustc/check-cfg/cargo-specifics.html> for more information about checking conditional configuration

warning: unexpected `cfg` condition name: `riscv64`
   --> /home/hwt/桌面/sources/实验和项目类/os区域赛/rcore-lab/vendor/riscv/src/paging/page_table.rs:232:7
    |
232 | #[cfg(riscv64)]
    |       ^^^^^^^ help: there is a config with a similar name: `riscv`
    |
    = help: consider using a Cargo feature instead
    = help: or consider adding in `Cargo.toml` the `check-cfg` lint config for the lint:
             [lints.rust]
             unexpected_cfgs = { level = "warn", check-cfg = ['cfg(riscv64)'] }
    = help: or consider adding `println!("cargo::rustc-check-cfg=cfg(riscv64)");` to the top of the `build.rs`
    = note: see <https://doc.rust-lang.org/nightly/rustc/check-cfg/cargo-specifics.html> for more information about checking conditional configuration

warning: unexpected `cfg` condition name: `riscv32`
   --> /home/hwt/桌面/sources/实验和项目类/os区域赛/rcore-lab/vendor/riscv/src/paging/page_table.rs:234:7
    |
234 | #[cfg(riscv32)]
    |       ^^^^^^^ help: there is a config with a similar name: `riscv`
    |
    = help: consider using a Cargo feature instead
    = help: or consider adding in `Cargo.toml` the `check-cfg` lint config for the lint:
             [lints.rust]
             unexpected_cfgs = { level = "warn", check-cfg = ['cfg(riscv32)'] }
    = help: or consider adding `println!("cargo::rustc-check-cfg=cfg(riscv32)");` to the top of the `build.rs`
    = note: see <https://doc.rust-lang.org/nightly/rustc/check-cfg/cargo-specifics.html> for more information about checking conditional configuration

warning: unexpected `cfg` condition name: `riscv32`
   --> /home/hwt/桌面/sources/实验和项目类/os区域赛/rcore-lab/vendor/riscv/src/register/macros.rs:258:23
    |
258 |                 #[cfg(riscv32)]
    |                       ^^^^^^^ help: there is a config with a similar name: `riscv`
    |
   ::: /home/hwt/桌面/sources/实验和项目类/os区域赛/rcore-lab/vendor/riscv/src/register/time.rs:4:1
    |
4   | read_composite_csr!(super::timeh::read(), read());
    | ------------------------------------------------- in this macro invocation
    |
    = help: consider using a Cargo feature instead
    = help: or consider adding in `Cargo.toml` the `check-cfg` lint config for the lint:
             [lints.rust]
             unexpected_cfgs = { level = "warn", check-cfg = ['cfg(riscv32)'] }
    = help: or consider adding `println!("cargo::rustc-check-cfg=cfg(riscv32)");` to the top of the `build.rs`
    = note: see <https://doc.rust-lang.org/nightly/rustc/check-cfg/cargo-specifics.html> for more information about checking conditional configuration
    = note: this warning originates in the macro `read_composite_csr` (in Nightly builds, run with -Z macro-backtrace for more info)

warning: unexpected `cfg` condition name: `riscv32`
   --> /home/hwt/桌面/sources/实验和项目类/os区域赛/rcore-lab/vendor/riscv/src/register/macros.rs:267:27
    |
267 |                 #[cfg(not(riscv32))]
    |                           ^^^^^^^ help: there is a config with a similar name: `riscv`
    |
   ::: /home/hwt/桌面/sources/实验和项目类/os区域赛/rcore-lab/vendor/riscv/src/register/time.rs:4:1
    |
4   | read_composite_csr!(super::timeh::read(), read());
    | ------------------------------------------------- in this macro invocation
    |
    = help: consider using a Cargo feature instead
    = help: or consider adding in `Cargo.toml` the `check-cfg` lint config for the lint:
             [lints.rust]
             unexpected_cfgs = { level = "warn", check-cfg = ['cfg(riscv32)'] }
    = help: or consider adding `println!("cargo::rustc-check-cfg=cfg(riscv32)");` to the top of the `build.rs`
    = note: see <https://doc.rust-lang.org/nightly/rustc/check-cfg/cargo-specifics.html> for more information about checking conditional configuration
    = note: this warning originates in the macro `read_composite_csr` (in Nightly builds, run with -Z macro-backtrace for more info)

warning: unexpected `cfg` condition name: `riscv32`
   --> /home/hwt/桌面/sources/实验和项目类/os区域赛/rcore-lab/vendor/riscv/src/register/macros.rs:258:23
    |
258 |                 #[cfg(riscv32)]
    |                       ^^^^^^^ help: there is a config with a similar name: `riscv`
    |
   ::: /home/hwt/桌面/sources/实验和项目类/os区域赛/rcore-lab/vendor/riscv/src/register/hpmcounterx.rs:24:1
    |
24  | reg!(0xC03, hpmcounter3,  hpmcounter3h,  __read_hpmcounter3,  __write_hpmcounter3);
    | ---------------------------------------------------------------------------------- in this macro invocation
    |
    = help: consider using a Cargo feature instead
    = help: or consider adding in `Cargo.toml` the `check-cfg` lint config for the lint:
             [lints.rust]
             unexpected_cfgs = { level = "warn", check-cfg = ['cfg(riscv32)'] }
    = help: or consider adding `println!("cargo::rustc-check-cfg=cfg(riscv32)");` to the top of the `build.rs`
    = note: see <https://doc.rust-lang.org/nightly/rustc/check-cfg/cargo-specifics.html> for more information about checking conditional configuration
    = note: this warning originates in the macro `read_composite_csr` which comes from the expansion of the macro `reg` (in Nightly builds, run with -Z macro-backtrace for more info)

warning: unexpected `cfg` condition name: `riscv32`
   --> /home/hwt/桌面/sources/实验和项目类/os区域赛/rcore-lab/vendor/riscv/src/register/macros.rs:267:27
    |
267 |                 #[cfg(not(riscv32))]
    |                           ^^^^^^^ help: there is a config with a similar name: `riscv`
    |
   ::: /home/hwt/桌面/sources/实验和项目类/os区域赛/rcore-lab/vendor/riscv/src/register/hpmcounterx.rs:24:1
    |
24  | reg!(0xC03, hpmcounter3,  hpmcounter3h,  __read_hpmcounter3,  __write_hpmcounter3);
    | ---------------------------------------------------------------------------------- in this macro invocation
    |
    = help: consider using a Cargo feature instead
    = help: or consider adding in `Cargo.toml` the `check-cfg` lint config for the lint:
             [lints.rust]
             unexpected_cfgs = { level = "warn", check-cfg = ['cfg(riscv32)'] }
    = help: or consider adding `println!("cargo::rustc-check-cfg=cfg(riscv32)");` to the top of the `build.rs`
    = note: see <https://doc.rust-lang.org/nightly/rustc/check-cfg/cargo-specifics.html> for more information about checking conditional configuration
    = note: this warning originates in the macro `read_composite_csr` which comes from the expansion of the macro `reg` (in Nightly builds, run with -Z macro-backtrace for more info)

warning: unexpected `cfg` condition name: `riscv32`
   --> /home/hwt/桌面/sources/实验和项目类/os区域赛/rcore-lab/vendor/riscv/src/register/macros.rs:258:23
    |
258 |                 #[cfg(riscv32)]
    |                       ^^^^^^^ help: there is a config with a similar name: `riscv`
    |
   ::: /home/hwt/桌面/sources/实验和项目类/os区域赛/rcore-lab/vendor/riscv/src/register/hpmcounterx.rs:25:1
    |
25  | reg!(0xC04, hpmcounter4,  hpmcounter4h,  __read_hpmcounter4,  __write_hpmcounter4);
    | ---------------------------------------------------------------------------------- in this macro invocation
    |
    = help: consider using a Cargo feature instead
    = help: or consider adding in `Cargo.toml` the `check-cfg` lint config for the lint:
             [lints.rust]
             unexpected_cfgs = { level = "warn", check-cfg = ['cfg(riscv32)'] }
    = help: or consider adding `println!("cargo::rustc-check-cfg=cfg(riscv32)");` to the top of the `build.rs`
    = note: see <https://doc.rust-lang.org/nightly/rustc/check-cfg/cargo-specifics.html> for more information about checking conditional configuration
    = note: this warning originates in the macro `read_composite_csr` which comes from the expansion of the macro `reg` (in Nightly builds, run with -Z macro-backtrace for more info)

warning: unexpected `cfg` condition name: `riscv32`
   --> /home/hwt/桌面/sources/实验和项目类/os区域赛/rcore-lab/vendor/riscv/src/register/macros.rs:267:27
    |
267 |                 #[cfg(not(riscv32))]
    |                           ^^^^^^^ help: there is a config with a similar name: `riscv`
    |
   ::: /home/hwt/桌面/sources/实验和项目类/os区域赛/rcore-lab/vendor/riscv/src/register/hpmcounterx.rs:25:1
    |
25  | reg!(0xC04, hpmcounter4,  hpmcounter4h,  __read_hpmcounter4,  __write_hpmcounter4);
    | ---------------------------------------------------------------------------------- in this macro invocation
    |
    = help: consider using a Cargo feature instead
    = help: or consider adding in `Cargo.toml` the `check-cfg` lint config for the lint:
             [lints.rust]
             unexpected_cfgs = { level = "warn", check-cfg = ['cfg(riscv32)'] }
    = help: or consider adding `println!("cargo::rustc-check-cfg=cfg(riscv32)");` to the top of the `build.rs`
    = note: see <https://doc.rust-lang.org/nightly/rustc/check-cfg/cargo-specifics.html> for more information about checking conditional configuration
    = note: this warning originates in the macro `read_composite_csr` which comes from the expansion of the macro `reg` (in Nightly builds, run with -Z macro-backtrace for more info)

warning: unexpected `cfg` condition name: `riscv32`
   --> /home/hwt/桌面/sources/实验和项目类/os区域赛/rcore-lab/vendor/riscv/src/register/macros.rs:258:23
    |
258 |                 #[cfg(riscv32)]
    |                       ^^^^^^^ help: there is a config with a similar name: `riscv`
    |
   ::: /home/hwt/桌面/sources/实验和项目类/os区域赛/rcore-lab/vendor/riscv/src/register/hpmcounterx.rs:26:1
    |
26  | reg!(0xC05, hpmcounter5,  hpmcounter5h,  __read_hpmcounter5,  __write_hpmcounter5);
    | ---------------------------------------------------------------------------------- in this macro invocation
    |
    = help: consider using a Cargo feature instead
    = help: or consider adding in `Cargo.toml` the `check-cfg` lint config for the lint:
             [lints.rust]
             unexpected_cfgs = { level = "warn", check-cfg = ['cfg(riscv32)'] }
    = help: or consider adding `println!("cargo::rustc-check-cfg=cfg(riscv32)");` to the top of the `build.rs`
    = note: see <https://doc.rust-lang.org/nightly/rustc/check-cfg/cargo-specifics.html> for more information about checking conditional configuration
    = note: this warning originates in the macro `read_composite_csr` which comes from the expansion of the macro `reg` (in Nightly builds, run with -Z macro-backtrace for more info)

warning: unexpected `cfg` condition name: `riscv32`
   --> /home/hwt/桌面/sources/实验和项目类/os区域赛/rcore-lab/vendor/riscv/src/register/macros.rs:267:27
    |
267 |                 #[cfg(not(riscv32))]
    |                           ^^^^^^^ help: there is a config with a similar name: `riscv`
    |
   ::: /home/hwt/桌面/sources/实验和项目类/os区域赛/rcore-lab/vendor/riscv/src/register/hpmcounterx.rs:26:1
    |
26  | reg!(0xC05, hpmcounter5,  hpmcounter5h,  __read_hpmcounter5,  __write_hpmcounter5);
    | ---------------------------------------------------------------------------------- in this macro invocation
    |
    = help: consider using a Cargo feature instead
    = help: or consider adding in `Cargo.toml` the `check-cfg` lint config for the lint:
             [lints.rust]
             unexpected_cfgs = { level = "warn", check-cfg = ['cfg(riscv32)'] }
    = help: or consider adding `println!("cargo::rustc-check-cfg=cfg(riscv32)");` to the top of the `build.rs`
    = note: see <https://doc.rust-lang.org/nightly/rustc/check-cfg/cargo-specifics.html> for more information about checking conditional configuration
    = note: this warning originates in the macro `read_composite_csr` which comes from the expansion of the macro `reg` (in Nightly builds, run with -Z macro-backtrace for more info)

warning: unexpected `cfg` condition name: `riscv32`
   --> /home/hwt/桌面/sources/实验和项目类/os区域赛/rcore-lab/vendor/riscv/src/register/macros.rs:258:23
    |
258 |                 #[cfg(riscv32)]
    |                       ^^^^^^^ help: there is a config with a similar name: `riscv`
    |
   ::: /home/hwt/桌面/sources/实验和项目类/os区域赛/rcore-lab/vendor/riscv/src/register/hpmcounterx.rs:27:1
    |
27  | reg!(0xC06, hpmcounter6,  hpmcounter6h,  __read_hpmcounter6,  __write_hpmcounter6);
    | ---------------------------------------------------------------------------------- in this macro invocation
    |
    = help: consider using a Cargo feature instead
    = help: or consider adding in `Cargo.toml` the `check-cfg` lint config for the lint:
             [lints.rust]
             unexpected_cfgs = { level = "warn", check-cfg = ['cfg(riscv32)'] }
    = help: or consider adding `println!("cargo::rustc-check-cfg=cfg(riscv32)");` to the top of the `build.rs`
    = note: see <https://doc.rust-lang.org/nightly/rustc/check-cfg/cargo-specifics.html> for more information about checking conditional configuration
    = note: this warning originates in the macro `read_composite_csr` which comes from the expansion of the macro `reg` (in Nightly builds, run with -Z macro-backtrace for more info)

warning: unexpected `cfg` condition name: `riscv32`
   --> /home/hwt/桌面/sources/实验和项目类/os区域赛/rcore-lab/vendor/riscv/src/register/macros.rs:267:27
    |
267 |                 #[cfg(not(riscv32))]
    |                           ^^^^^^^ help: there is a config with a similar name: `riscv`
    |
   ::: /home/hwt/桌面/sources/实验和项目类/os区域赛/rcore-lab/vendor/riscv/src/register/hpmcounterx.rs:27:1
    |
27  | reg!(0xC06, hpmcounter6,  hpmcounter6h,  __read_hpmcounter6,  __write_hpmcounter6);
    | ---------------------------------------------------------------------------------- in this macro invocation
    |
    = help: consider using a Cargo feature instead
    = help: or consider adding in `Cargo.toml` the `check-cfg` lint config for the lint:
             [lints.rust]
             unexpected_cfgs = { level = "warn", check-cfg = ['cfg(riscv32)'] }
    = help: or consider adding `println!("cargo::rustc-check-cfg=cfg(riscv32)");` to the top of the `build.rs`
    = note: see <https://doc.rust-lang.org/nightly/rustc/check-cfg/cargo-specifics.html> for more information about checking conditional configuration
    = note: this warning originates in the macro `read_composite_csr` which comes from the expansion of the macro `reg` (in Nightly builds, run with -Z macro-backtrace for more info)

warning: unexpected `cfg` condition name: `riscv32`
   --> /home/hwt/桌面/sources/实验和项目类/os区域赛/rcore-lab/vendor/riscv/src/register/macros.rs:258:23
    |
258 |                 #[cfg(riscv32)]
    |                       ^^^^^^^ help: there is a config with a similar name: `riscv`
    |
   ::: /home/hwt/桌面/sources/实验和项目类/os区域赛/rcore-lab/vendor/riscv/src/register/hpmcounterx.rs:28:1
    |
28  | reg!(0xC07, hpmcounter7,  hpmcounter7h,  __read_hpmcounter7,  __write_hpmcounter7);
    | ---------------------------------------------------------------------------------- in this macro invocation
    |
    = help: consider using a Cargo feature instead
    = help: or consider adding in `Cargo.toml` the `check-cfg` lint config for the lint:
             [lints.rust]
             unexpected_cfgs = { level = "warn", check-cfg = ['cfg(riscv32)'] }
    = help: or consider adding `println!("cargo::rustc-check-cfg=cfg(riscv32)");` to the top of the `build.rs`
    = note: see <https://doc.rust-lang.org/nightly/rustc/check-cfg/cargo-specifics.html> for more information about checking conditional configuration
    = note: this warning originates in the macro `read_composite_csr` which comes from the expansion of the macro `reg` (in Nightly builds, run with -Z macro-backtrace for more info)

warning: unexpected `cfg` condition name: `riscv32`
   --> /home/hwt/桌面/sources/实验和项目类/os区域赛/rcore-lab/vendor/riscv/src/register/macros.rs:267:27
    |
267 |                 #[cfg(not(riscv32))]
    |                           ^^^^^^^ help: there is a config with a similar name: `riscv`
    |
   ::: /home/hwt/桌面/sources/实验和项目类/os区域赛/rcore-lab/vendor/riscv/src/register/hpmcounterx.rs:28:1
    |
28  | reg!(0xC07, hpmcounter7,  hpmcounter7h,  __read_hpmcounter7,  __write_hpmcounter7);
    | ---------------------------------------------------------------------------------- in this macro invocation
    |
    = help: consider using a Cargo feature instead
    = help: or consider adding in `Cargo.toml` the `check-cfg` lint config for the lint:
             [lints.rust]
             unexpected_cfgs = { level = "warn", check-cfg = ['cfg(riscv32)'] }
    = help: or consider adding `println!("cargo::rustc-check-cfg=cfg(riscv32)");` to the top of the `build.rs`
    = note: see <https://doc.rust-lang.org/nightly/rustc/check-cfg/cargo-specifics.html> for more information about checking conditional configuration
    = note: this warning originates in the macro `read_composite_csr` which comes from the expansion of the macro `reg` (in Nightly builds, run with -Z macro-backtrace for more info)

warning: unexpected `cfg` condition name: `riscv32`
   --> /home/hwt/桌面/sources/实验和项目类/os区域赛/rcore-lab/vendor/riscv/src/register/macros.rs:258:23
    |
258 |                 #[cfg(riscv32)]
    |                       ^^^^^^^ help: there is a config with a similar name: `riscv`
    |
   ::: /home/hwt/桌面/sources/实验和项目类/os区域赛/rcore-lab/vendor/riscv/src/register/hpmcounterx.rs:29:1
    |
29  | reg!(0xC08, hpmcounter8,  hpmcounter8h,  __read_hpmcounter8,  __write_hpmcounter8);
    | ---------------------------------------------------------------------------------- in this macro invocation
    |
    = help: consider using a Cargo feature instead
    = help: or consider adding in `Cargo.toml` the `check-cfg` lint config for the lint:
             [lints.rust]
             unexpected_cfgs = { level = "warn", check-cfg = ['cfg(riscv32)'] }
    = help: or consider adding `println!("cargo::rustc-check-cfg=cfg(riscv32)");` to the top of the `build.rs`
    = note: see <https://doc.rust-lang.org/nightly/rustc/check-cfg/cargo-specifics.html> for more information about checking conditional configuration
    = note: this warning originates in the macro `read_composite_csr` which comes from the expansion of the macro `reg` (in Nightly builds, run with -Z macro-backtrace for more info)

warning: unexpected `cfg` condition name: `riscv32`
   --> /home/hwt/桌面/sources/实验和项目类/os区域赛/rcore-lab/vendor/riscv/src/register/macros.rs:267:27
    |
267 |                 #[cfg(not(riscv32))]
    |                           ^^^^^^^ help: there is a config with a similar name: `riscv`
    |
   ::: /home/hwt/桌面/sources/实验和项目类/os区域赛/rcore-lab/vendor/riscv/src/register/hpmcounterx.rs:29:1
    |
29  | reg!(0xC08, hpmcounter8,  hpmcounter8h,  __read_hpmcounter8,  __write_hpmcounter8);
    | ---------------------------------------------------------------------------------- in this macro invocation
    |
    = help: consider using a Cargo feature instead
    = help: or consider adding in `Cargo.toml` the `check-cfg` lint config for the lint:
             [lints.rust]
             unexpected_cfgs = { level = "warn", check-cfg = ['cfg(riscv32)'] }
    = help: or consider adding `println!("cargo::rustc-check-cfg=cfg(riscv32)");` to the top of the `build.rs`
    = note: see <https://doc.rust-lang.org/nightly/rustc/check-cfg/cargo-specifics.html> for more information about checking conditional configuration
    = note: this warning originates in the macro `read_composite_csr` which comes from the expansion of the macro `reg` (in Nightly builds, run with -Z macro-backtrace for more info)

warning: unexpected `cfg` condition name: `riscv32`
   --> /home/hwt/桌面/sources/实验和项目类/os区域赛/rcore-lab/vendor/riscv/src/register/macros.rs:258:23
    |
258 |                 #[cfg(riscv32)]
    |                       ^^^^^^^ help: there is a config with a similar name: `riscv`
    |
   ::: /home/hwt/桌面/sources/实验和项目类/os区域赛/rcore-lab/vendor/riscv/src/register/hpmcounterx.rs:30:1
    |
30  | reg!(0xC09, hpmcounter9,  hpmcounter9h,  __read_hpmcounter9,  __write_hpmcounter9);
    | ---------------------------------------------------------------------------------- in this macro invocation
    |
    = help: consider using a Cargo feature instead
    = help: or consider adding in `Cargo.toml` the `check-cfg` lint config for the lint:
             [lints.rust]
             unexpected_cfgs = { level = "warn", check-cfg = ['cfg(riscv32)'] }
    = help: or consider adding `println!("cargo::rustc-check-cfg=cfg(riscv32)");` to the top of the `build.rs`
    = note: see <https://doc.rust-lang.org/nightly/rustc/check-cfg/cargo-specifics.html> for more information about checking conditional configuration
    = note: this warning originates in the macro `read_composite_csr` which comes from the expansion of the macro `reg` (in Nightly builds, run with -Z macro-backtrace for more info)

warning: unexpected `cfg` condition name: `riscv32`
   --> /home/hwt/桌面/sources/实验和项目类/os区域赛/rcore-lab/vendor/riscv/src/register/macros.rs:267:27
    |
267 |                 #[cfg(not(riscv32))]
    |                           ^^^^^^^ help: there is a config with a similar name: `riscv`
    |
   ::: /home/hwt/桌面/sources/实验和项目类/os区域赛/rcore-lab/vendor/riscv/src/register/hpmcounterx.rs:30:1
    |
30  | reg!(0xC09, hpmcounter9,  hpmcounter9h,  __read_hpmcounter9,  __write_hpmcounter9);
    | ---------------------------------------------------------------------------------- in this macro invocation
    |
    = help: consider using a Cargo feature instead
    = help: or consider adding in `Cargo.toml` the `check-cfg` lint config for the lint:
             [lints.rust]
             unexpected_cfgs = { level = "warn", check-cfg = ['cfg(riscv32)'] }
    = help: or consider adding `println!("cargo::rustc-check-cfg=cfg(riscv32)");` to the top of the `build.rs`
    = note: see <https://doc.rust-lang.org/nightly/rustc/check-cfg/cargo-specifics.html> for more information about checking conditional configuration
    = note: this warning originates in the macro `read_composite_csr` which comes from the expansion of the macro `reg` (in Nightly builds, run with -Z macro-backtrace for more info)

warning: unexpected `cfg` condition name: `riscv32`
   --> /home/hwt/桌面/sources/实验和项目类/os区域赛/rcore-lab/vendor/riscv/src/register/macros.rs:258:23
    |
258 |                 #[cfg(riscv32)]
    |                       ^^^^^^^ help: there is a config with a similar name: `riscv`
    |
   ::: /home/hwt/桌面/sources/实验和项目类/os区域赛/rcore-lab/vendor/riscv/src/register/hpmcounterx.rs:31:1
    |
31  | reg!(0xC0A, hpmcounter10, hpmcounter10h, __read_hpmcounter10, __write_hpmcounter10);
    | ----------------------------------------------------------------------------------- in this macro invocation
    |
    = help: consider using a Cargo feature instead
    = help: or consider adding in `Cargo.toml` the `check-cfg` lint config for the lint:
             [lints.rust]
             unexpected_cfgs = { level = "warn", check-cfg = ['cfg(riscv32)'] }
    = help: or consider adding `println!("cargo::rustc-check-cfg=cfg(riscv32)");` to the top of the `build.rs`
    = note: see <https://doc.rust-lang.org/nightly/rustc/check-cfg/cargo-specifics.html> for more information about checking conditional configuration
    = note: this warning originates in the macro `read_composite_csr` which comes from the expansion of the macro `reg` (in Nightly builds, run with -Z macro-backtrace for more info)

warning: unexpected `cfg` condition name: `riscv32`
   --> /home/hwt/桌面/sources/实验和项目类/os区域赛/rcore-lab/vendor/riscv/src/register/macros.rs:267:27
    |
267 |                 #[cfg(not(riscv32))]
    |                           ^^^^^^^ help: there is a config with a similar name: `riscv`
    |
   ::: /home/hwt/桌面/sources/实验和项目类/os区域赛/rcore-lab/vendor/riscv/src/register/hpmcounterx.rs:31:1
    |
31  | reg!(0xC0A, hpmcounter10, hpmcounter10h, __read_hpmcounter10, __write_hpmcounter10);
    | ----------------------------------------------------------------------------------- in this macro invocation
    |
    = help: consider using a Cargo feature instead
    = help: or consider adding in `Cargo.toml` the `check-cfg` lint config for the lint:
             [lints.rust]
             unexpected_cfgs = { level = "warn", check-cfg = ['cfg(riscv32)'] }
    = help: or consider adding `println!("cargo::rustc-check-cfg=cfg(riscv32)");` to the top of the `build.rs`
    = note: see <https://doc.rust-lang.org/nightly/rustc/check-cfg/cargo-specifics.html> for more information about checking conditional configuration
    = note: this warning originates in the macro `read_composite_csr` which comes from the expansion of the macro `reg` (in Nightly builds, run with -Z macro-backtrace for more info)

warning: unexpected `cfg` condition name: `riscv32`
   --> /home/hwt/桌面/sources/实验和项目类/os区域赛/rcore-lab/vendor/riscv/src/register/macros.rs:258:23
    |
258 |                 #[cfg(riscv32)]
    |                       ^^^^^^^ help: there is a config with a similar name: `riscv`
    |
   ::: /home/hwt/桌面/sources/实验和项目类/os区域赛/rcore-lab/vendor/riscv/src/register/hpmcounterx.rs:32:1
    |
32  | reg!(0xC0B, hpmcounter11, hpmcounter11h, __read_hpmcounter11, __write_hpmcounter11);
    | ----------------------------------------------------------------------------------- in this macro invocation
    |
    = help: consider using a Cargo feature instead
    = help: or consider adding in `Cargo.toml` the `check-cfg` lint config for the lint:
             [lints.rust]
             unexpected_cfgs = { level = "warn", check-cfg = ['cfg(riscv32)'] }
    = help: or consider adding `println!("cargo::rustc-check-cfg=cfg(riscv32)");` to the top of the `build.rs`
    = note: see <https://doc.rust-lang.org/nightly/rustc/check-cfg/cargo-specifics.html> for more information about checking conditional configuration
    = note: this warning originates in the macro `read_composite_csr` which comes from the expansion of the macro `reg` (in Nightly builds, run with -Z macro-backtrace for more info)

warning: unexpected `cfg` condition name: `riscv32`
   --> /home/hwt/桌面/sources/实验和项目类/os区域赛/rcore-lab/vendor/riscv/src/register/macros.rs:267:27
    |
267 |                 #[cfg(not(riscv32))]
    |                           ^^^^^^^ help: there is a config with a similar name: `riscv`
    |
   ::: /home/hwt/桌面/sources/实验和项目类/os区域赛/rcore-lab/vendor/riscv/src/register/hpmcounterx.rs:32:1
    |
32  | reg!(0xC0B, hpmcounter11, hpmcounter11h, __read_hpmcounter11, __write_hpmcounter11);
    | ----------------------------------------------------------------------------------- in this macro invocation
    |
    = help: consider using a Cargo feature instead
    = help: or consider adding in `Cargo.toml` the `check-cfg` lint config for the lint:
             [lints.rust]
             unexpected_cfgs = { level = "warn", check-cfg = ['cfg(riscv32)'] }
    = help: or consider adding `println!("cargo::rustc-check-cfg=cfg(riscv32)");` to the top of the `build.rs`
    = note: see <https://doc.rust-lang.org/nightly/rustc/check-cfg/cargo-specifics.html> for more information about checking conditional configuration
    = note: this warning originates in the macro `read_composite_csr` which comes from the expansion of the macro `reg` (in Nightly builds, run with -Z macro-backtrace for more info)

warning: unexpected `cfg` condition name: `riscv32`
   --> /home/hwt/桌面/sources/实验和项目类/os区域赛/rcore-lab/vendor/riscv/src/register/macros.rs:258:23
    |
258 |                 #[cfg(riscv32)]
    |                       ^^^^^^^ help: there is a config with a similar name: `riscv`
    |
   ::: /home/hwt/桌面/sources/实验和项目类/os区域赛/rcore-lab/vendor/riscv/src/register/hpmcounterx.rs:33:1
    |
33  | reg!(0xC0C, hpmcounter12, hpmcounter12h, __read_hpmcounter12, __write_hpmcounter12);
    | ----------------------------------------------------------------------------------- in this macro invocation
    |
    = help: consider using a Cargo feature instead
    = help: or consider adding in `Cargo.toml` the `check-cfg` lint config for the lint:
             [lints.rust]
             unexpected_cfgs = { level = "warn", check-cfg = ['cfg(riscv32)'] }
    = help: or consider adding `println!("cargo::rustc-check-cfg=cfg(riscv32)");` to the top of the `build.rs`
    = note: see <https://doc.rust-lang.org/nightly/rustc/check-cfg/cargo-specifics.html> for more information about checking conditional configuration
    = note: this warning originates in the macro `read_composite_csr` which comes from the expansion of the macro `reg` (in Nightly builds, run with -Z macro-backtrace for more info)

warning: unexpected `cfg` condition name: `riscv32`
   --> /home/hwt/桌面/sources/实验和项目类/os区域赛/rcore-lab/vendor/riscv/src/register/macros.rs:267:27
    |
267 |                 #[cfg(not(riscv32))]
    |                           ^^^^^^^ help: there is a config with a similar name: `riscv`
    |
   ::: /home/hwt/桌面/sources/实验和项目类/os区域赛/rcore-lab/vendor/riscv/src/register/hpmcounterx.rs:33:1
    |
33  | reg!(0xC0C, hpmcounter12, hpmcounter12h, __read_hpmcounter12, __write_hpmcounter12);
    | ----------------------------------------------------------------------------------- in this macro invocation
    |
    = help: consider using a Cargo feature instead
    = help: or consider adding in `Cargo.toml` the `check-cfg` lint config for the lint:
             [lints.rust]
             unexpected_cfgs = { level = "warn", check-cfg = ['cfg(riscv32)'] }
    = help: or consider adding `println!("cargo::rustc-check-cfg=cfg(riscv32)");` to the top of the `build.rs`
    = note: see <https://doc.rust-lang.org/nightly/rustc/check-cfg/cargo-specifics.html> for more information about checking conditional configuration
    = note: this warning originates in the macro `read_composite_csr` which comes from the expansion of the macro `reg` (in Nightly builds, run with -Z macro-backtrace for more info)

warning: unexpected `cfg` condition name: `riscv32`
   --> /home/hwt/桌面/sources/实验和项目类/os区域赛/rcore-lab/vendor/riscv/src/register/macros.rs:258:23
    |
258 |                 #[cfg(riscv32)]
    |                       ^^^^^^^ help: there is a config with a similar name: `riscv`
    |
   ::: /home/hwt/桌面/sources/实验和项目类/os区域赛/rcore-lab/vendor/riscv/src/register/hpmcounterx.rs:34:1
    |
34  | reg!(0xC0D, hpmcounter13, hpmcounter13h, __read_hpmcounter13, __write_hpmcounter13);
    | ----------------------------------------------------------------------------------- in this macro invocation
    |
    = help: consider using a Cargo feature instead
    = help: or consider adding in `Cargo.toml` the `check-cfg` lint config for the lint:
             [lints.rust]
             unexpected_cfgs = { level = "warn", check-cfg = ['cfg(riscv32)'] }
    = help: or consider adding `println!("cargo::rustc-check-cfg=cfg(riscv32)");` to the top of the `build.rs`
    = note: see <https://doc.rust-lang.org/nightly/rustc/check-cfg/cargo-specifics.html> for more information about checking conditional configuration
    = note: this warning originates in the macro `read_composite_csr` which comes from the expansion of the macro `reg` (in Nightly builds, run with -Z macro-backtrace for more info)

warning: unexpected `cfg` condition name: `riscv32`
   --> /home/hwt/桌面/sources/实验和项目类/os区域赛/rcore-lab/vendor/riscv/src/register/macros.rs:267:27
    |
267 |                 #[cfg(not(riscv32))]
    |                           ^^^^^^^ help: there is a config with a similar name: `riscv`
    |
   ::: /home/hwt/桌面/sources/实验和项目类/os区域赛/rcore-lab/vendor/riscv/src/register/hpmcounterx.rs:34:1
    |
34  | reg!(0xC0D, hpmcounter13, hpmcounter13h, __read_hpmcounter13, __write_hpmcounter13);
    | ----------------------------------------------------------------------------------- in this macro invocation
    |
    = help: consider using a Cargo feature instead
    = help: or consider adding in `Cargo.toml` the `check-cfg` lint config for the lint:
             [lints.rust]
             unexpected_cfgs = { level = "warn", check-cfg = ['cfg(riscv32)'] }
    = help: or consider adding `println!("cargo::rustc-check-cfg=cfg(riscv32)");` to the top of the `build.rs`
    = note: see <https://doc.rust-lang.org/nightly/rustc/check-cfg/cargo-specifics.html> for more information about checking conditional configuration
    = note: this warning originates in the macro `read_composite_csr` which comes from the expansion of the macro `reg` (in Nightly builds, run with -Z macro-backtrace for more info)

warning: unexpected `cfg` condition name: `riscv32`
   --> /home/hwt/桌面/sources/实验和项目类/os区域赛/rcore-lab/vendor/riscv/src/register/macros.rs:258:23
    |
258 |                 #[cfg(riscv32)]
    |                       ^^^^^^^ help: there is a config with a similar name: `riscv`
    |
   ::: /home/hwt/桌面/sources/实验和项目类/os区域赛/rcore-lab/vendor/riscv/src/register/hpmcounterx.rs:35:1
    |
35  | reg!(0xC0E, hpmcounter14, hpmcounter14h, __read_hpmcounter14, __write_hpmcounter14);
    | ----------------------------------------------------------------------------------- in this macro invocation
    |
    = help: consider using a Cargo feature instead
    = help: or consider adding in `Cargo.toml` the `check-cfg` lint config for the lint:
             [lints.rust]
             unexpected_cfgs = { level = "warn", check-cfg = ['cfg(riscv32)'] }
    = help: or consider adding `println!("cargo::rustc-check-cfg=cfg(riscv32)");` to the top of the `build.rs`
    = note: see <https://doc.rust-lang.org/nightly/rustc/check-cfg/cargo-specifics.html> for more information about checking conditional configuration
    = note: this warning originates in the macro `read_composite_csr` which comes from the expansion of the macro `reg` (in Nightly builds, run with -Z macro-backtrace for more info)

warning: unexpected `cfg` condition name: `riscv32`
   --> /home/hwt/桌面/sources/实验和项目类/os区域赛/rcore-lab/vendor/riscv/src/register/macros.rs:267:27
    |
267 |                 #[cfg(not(riscv32))]
    |                           ^^^^^^^ help: there is a config with a similar name: `riscv`
    |
   ::: /home/hwt/桌面/sources/实验和项目类/os区域赛/rcore-lab/vendor/riscv/src/register/hpmcounterx.rs:35:1
    |
35  | reg!(0xC0E, hpmcounter14, hpmcounter14h, __read_hpmcounter14, __write_hpmcounter14);
    | ----------------------------------------------------------------------------------- in this macro invocation
    |
    = help: consider using a Cargo feature instead
    = help: or consider adding in `Cargo.toml` the `check-cfg` lint config for the lint:
             [lints.rust]
             unexpected_cfgs = { level = "warn", check-cfg = ['cfg(riscv32)'] }
    = help: or consider adding `println!("cargo::rustc-check-cfg=cfg(riscv32)");` to the top of the `build.rs`
    = note: see <https://doc.rust-lang.org/nightly/rustc/check-cfg/cargo-specifics.html> for more information about checking conditional configuration
    = note: this warning originates in the macro `read_composite_csr` which comes from the expansion of the macro `reg` (in Nightly builds, run with -Z macro-backtrace for more info)

warning: unexpected `cfg` condition name: `riscv32`
   --> /home/hwt/桌面/sources/实验和项目类/os区域赛/rcore-lab/vendor/riscv/src/register/macros.rs:258:23
    |
258 |                 #[cfg(riscv32)]
    |                       ^^^^^^^ help: there is a config with a similar name: `riscv`
    |
   ::: /home/hwt/桌面/sources/实验和项目类/os区域赛/rcore-lab/vendor/riscv/src/register/hpmcounterx.rs:36:1
    |
36  | reg!(0xC0F, hpmcounter15, hpmcounter15h, __read_hpmcounter15, __write_hpmcounter15);
    | ----------------------------------------------------------------------------------- in this macro invocation
    |
    = help: consider using a Cargo feature instead
    = help: or consider adding in `Cargo.toml` the `check-cfg` lint config for the lint:
             [lints.rust]
             unexpected_cfgs = { level = "warn", check-cfg = ['cfg(riscv32)'] }
    = help: or consider adding `println!("cargo::rustc-check-cfg=cfg(riscv32)");` to the top of the `build.rs`
    = note: see <https://doc.rust-lang.org/nightly/rustc/check-cfg/cargo-specifics.html> for more information about checking conditional configuration
    = note: this warning originates in the macro `read_composite_csr` which comes from the expansion of the macro `reg` (in Nightly builds, run with -Z macro-backtrace for more info)

warning: unexpected `cfg` condition name: `riscv32`
   --> /home/hwt/桌面/sources/实验和项目类/os区域赛/rcore-lab/vendor/riscv/src/register/macros.rs:267:27
    |
267 |                 #[cfg(not(riscv32))]
    |                           ^^^^^^^ help: there is a config with a similar name: `riscv`
    |
   ::: /home/hwt/桌面/sources/实验和项目类/os区域赛/rcore-lab/vendor/riscv/src/register/hpmcounterx.rs:36:1
    |
36  | reg!(0xC0F, hpmcounter15, hpmcounter15h, __read_hpmcounter15, __write_hpmcounter15);
    | ----------------------------------------------------------------------------------- in this macro invocation
    |
    = help: consider using a Cargo feature instead
    = help: or consider adding in `Cargo.toml` the `check-cfg` lint config for the lint:
             [lints.rust]
             unexpected_cfgs = { level = "warn", check-cfg = ['cfg(riscv32)'] }
    = help: or consider adding `println!("cargo::rustc-check-cfg=cfg(riscv32)");` to the top of the `build.rs`
    = note: see <https://doc.rust-lang.org/nightly/rustc/check-cfg/cargo-specifics.html> for more information about checking conditional configuration
    = note: this warning originates in the macro `read_composite_csr` which comes from the expansion of the macro `reg` (in Nightly builds, run with -Z macro-backtrace for more info)

warning: unexpected `cfg` condition name: `riscv32`
   --> /home/hwt/桌面/sources/实验和项目类/os区域赛/rcore-lab/vendor/riscv/src/register/macros.rs:258:23
    |
258 |                 #[cfg(riscv32)]
    |                       ^^^^^^^ help: there is a config with a similar name: `riscv`
    |
   ::: /home/hwt/桌面/sources/实验和项目类/os区域赛/rcore-lab/vendor/riscv/src/register/hpmcounterx.rs:37:1
    |
37  | reg!(0xC10, hpmcounter16, hpmcounter16h, __read_hpmcounter16, __write_hpmcounter16);
    | ----------------------------------------------------------------------------------- in this macro invocation
    |
    = help: consider using a Cargo feature instead
    = help: or consider adding in `Cargo.toml` the `check-cfg` lint config for the lint:
             [lints.rust]
             unexpected_cfgs = { level = "warn", check-cfg = ['cfg(riscv32)'] }
    = help: or consider adding `println!("cargo::rustc-check-cfg=cfg(riscv32)");` to the top of the `build.rs`
    = note: see <https://doc.rust-lang.org/nightly/rustc/check-cfg/cargo-specifics.html> for more information about checking conditional configuration
    = note: this warning originates in the macro `read_composite_csr` which comes from the expansion of the macro `reg` (in Nightly builds, run with -Z macro-backtrace for more info)

warning: unexpected `cfg` condition name: `riscv32`
   --> /home/hwt/桌面/sources/实验和项目类/os区域赛/rcore-lab/vendor/riscv/src/register/macros.rs:267:27
    |
267 |                 #[cfg(not(riscv32))]
    |                           ^^^^^^^ help: there is a config with a similar name: `riscv`
    |
   ::: /home/hwt/桌面/sources/实验和项目类/os区域赛/rcore-lab/vendor/riscv/src/register/hpmcounterx.rs:37:1
    |
37  | reg!(0xC10, hpmcounter16, hpmcounter16h, __read_hpmcounter16, __write_hpmcounter16);
    | ----------------------------------------------------------------------------------- in this macro invocation
    |
    = help: consider using a Cargo feature instead
    = help: or consider adding in `Cargo.toml` the `check-cfg` lint config for the lint:
             [lints.rust]
             unexpected_cfgs = { level = "warn", check-cfg = ['cfg(riscv32)'] }
    = help: or consider adding `println!("cargo::rustc-check-cfg=cfg(riscv32)");` to the top of the `build.rs`
    = note: see <https://doc.rust-lang.org/nightly/rustc/check-cfg/cargo-specifics.html> for more information about checking conditional configuration
    = note: this warning originates in the macro `read_composite_csr` which comes from the expansion of the macro `reg` (in Nightly builds, run with -Z macro-backtrace for more info)

warning: unexpected `cfg` condition name: `riscv32`
   --> /home/hwt/桌面/sources/实验和项目类/os区域赛/rcore-lab/vendor/riscv/src/register/macros.rs:258:23
    |
258 |                 #[cfg(riscv32)]
    |                       ^^^^^^^ help: there is a config with a similar name: `riscv`
    |
   ::: /home/hwt/桌面/sources/实验和项目类/os区域赛/rcore-lab/vendor/riscv/src/register/hpmcounterx.rs:38:1
    |
38  | reg!(0xC11, hpmcounter17, hpmcounter17h, __read_hpmcounter17, __write_hpmcounter17);
    | ----------------------------------------------------------------------------------- in this macro invocation
    |
    = help: consider using a Cargo feature instead
    = help: or consider adding in `Cargo.toml` the `check-cfg` lint config for the lint:
             [lints.rust]
             unexpected_cfgs = { level = "warn", check-cfg = ['cfg(riscv32)'] }
    = help: or consider adding `println!("cargo::rustc-check-cfg=cfg(riscv32)");` to the top of the `build.rs`
    = note: see <https://doc.rust-lang.org/nightly/rustc/check-cfg/cargo-specifics.html> for more information about checking conditional configuration
    = note: this warning originates in the macro `read_composite_csr` which comes from the expansion of the macro `reg` (in Nightly builds, run with -Z macro-backtrace for more info)

warning: unexpected `cfg` condition name: `riscv32`
   --> /home/hwt/桌面/sources/实验和项目类/os区域赛/rcore-lab/vendor/riscv/src/register/macros.rs:267:27
    |
267 |                 #[cfg(not(riscv32))]
    |                           ^^^^^^^ help: there is a config with a similar name: `riscv`
    |
   ::: /home/hwt/桌面/sources/实验和项目类/os区域赛/rcore-lab/vendor/riscv/src/register/hpmcounterx.rs:38:1
    |
38  | reg!(0xC11, hpmcounter17, hpmcounter17h, __read_hpmcounter17, __write_hpmcounter17);
    | ----------------------------------------------------------------------------------- in this macro invocation
    |
    = help: consider using a Cargo feature instead
    = help: or consider adding in `Cargo.toml` the `check-cfg` lint config for the lint:
             [lints.rust]
             unexpected_cfgs = { level = "warn", check-cfg = ['cfg(riscv32)'] }
    = help: or consider adding `println!("cargo::rustc-check-cfg=cfg(riscv32)");` to the top of the `build.rs`
    = note: see <https://doc.rust-lang.org/nightly/rustc/check-cfg/cargo-specifics.html> for more information about checking conditional configuration
    = note: this warning originates in the macro `read_composite_csr` which comes from the expansion of the macro `reg` (in Nightly builds, run with -Z macro-backtrace for more info)

warning: unexpected `cfg` condition name: `riscv32`
   --> /home/hwt/桌面/sources/实验和项目类/os区域赛/rcore-lab/vendor/riscv/src/register/macros.rs:258:23
    |
258 |                 #[cfg(riscv32)]
    |                       ^^^^^^^ help: there is a config with a similar name: `riscv`
    |
   ::: /home/hwt/桌面/sources/实验和项目类/os区域赛/rcore-lab/vendor/riscv/src/register/hpmcounterx.rs:39:1
    |
39  | reg!(0xC12, hpmcounter18, hpmcounter18h, __read_hpmcounter18, __write_hpmcounter18);
    | ----------------------------------------------------------------------------------- in this macro invocation
    |
    = help: consider using a Cargo feature instead
    = help: or consider adding in `Cargo.toml` the `check-cfg` lint config for the lint:
             [lints.rust]
             unexpected_cfgs = { level = "warn", check-cfg = ['cfg(riscv32)'] }
    = help: or consider adding `println!("cargo::rustc-check-cfg=cfg(riscv32)");` to the top of the `build.rs`
    = note: see <https://doc.rust-lang.org/nightly/rustc/check-cfg/cargo-specifics.html> for more information about checking conditional configuration
    = note: this warning originates in the macro `read_composite_csr` which comes from the expansion of the macro `reg` (in Nightly builds, run with -Z macro-backtrace for more info)

warning: unexpected `cfg` condition name: `riscv32`
   --> /home/hwt/桌面/sources/实验和项目类/os区域赛/rcore-lab/vendor/riscv/src/register/macros.rs:267:27
    |
267 |                 #[cfg(not(riscv32))]
    |                           ^^^^^^^ help: there is a config with a similar name: `riscv`
    |
   ::: /home/hwt/桌面/sources/实验和项目类/os区域赛/rcore-lab/vendor/riscv/src/register/hpmcounterx.rs:39:1
    |
39  | reg!(0xC12, hpmcounter18, hpmcounter18h, __read_hpmcounter18, __write_hpmcounter18);
    | ----------------------------------------------------------------------------------- in this macro invocation
    |
    = help: consider using a Cargo feature instead
    = help: or consider adding in `Cargo.toml` the `check-cfg` lint config for the lint:
             [lints.rust]
             unexpected_cfgs = { level = "warn", check-cfg = ['cfg(riscv32)'] }
    = help: or consider adding `println!("cargo::rustc-check-cfg=cfg(riscv32)");` to the top of the `build.rs`
    = note: see <https://doc.rust-lang.org/nightly/rustc/check-cfg/cargo-specifics.html> for more information about checking conditional configuration
    = note: this warning originates in the macro `read_composite_csr` which comes from the expansion of the macro `reg` (in Nightly builds, run with -Z macro-backtrace for more info)

warning: unexpected `cfg` condition name: `riscv32`
   --> /home/hwt/桌面/sources/实验和项目类/os区域赛/rcore-lab/vendor/riscv/src/register/macros.rs:258:23
    |
258 |                 #[cfg(riscv32)]
    |                       ^^^^^^^ help: there is a config with a similar name: `riscv`
    |
   ::: /home/hwt/桌面/sources/实验和项目类/os区域赛/rcore-lab/vendor/riscv/src/register/hpmcounterx.rs:40:1
    |
40  | reg!(0xC13, hpmcounter19, hpmcounter19h, __read_hpmcounter19, __write_hpmcounter19);
    | ----------------------------------------------------------------------------------- in this macro invocation
    |
    = help: consider using a Cargo feature instead
    = help: or consider adding in `Cargo.toml` the `check-cfg` lint config for the lint:
             [lints.rust]
             unexpected_cfgs = { level = "warn", check-cfg = ['cfg(riscv32)'] }
    = help: or consider adding `println!("cargo::rustc-check-cfg=cfg(riscv32)");` to the top of the `build.rs`
    = note: see <https://doc.rust-lang.org/nightly/rustc/check-cfg/cargo-specifics.html> for more information about checking conditional configuration
    = note: this warning originates in the macro `read_composite_csr` which comes from the expansion of the macro `reg` (in Nightly builds, run with -Z macro-backtrace for more info)

warning: unexpected `cfg` condition name: `riscv32`
   --> /home/hwt/桌面/sources/实验和项目类/os区域赛/rcore-lab/vendor/riscv/src/register/macros.rs:267:27
    |
267 |                 #[cfg(not(riscv32))]
    |                           ^^^^^^^ help: there is a config with a similar name: `riscv`
    |
   ::: /home/hwt/桌面/sources/实验和项目类/os区域赛/rcore-lab/vendor/riscv/src/register/hpmcounterx.rs:40:1
    |
40  | reg!(0xC13, hpmcounter19, hpmcounter19h, __read_hpmcounter19, __write_hpmcounter19);
    | ----------------------------------------------------------------------------------- in this macro invocation
    |
    = help: consider using a Cargo feature instead
    = help: or consider adding in `Cargo.toml` the `check-cfg` lint config for the lint:
             [lints.rust]
             unexpected_cfgs = { level = "warn", check-cfg = ['cfg(riscv32)'] }
    = help: or consider adding `println!("cargo::rustc-check-cfg=cfg(riscv32)");` to the top of the `build.rs`
    = note: see <https://doc.rust-lang.org/nightly/rustc/check-cfg/cargo-specifics.html> for more information about checking conditional configuration
    = note: this warning originates in the macro `read_composite_csr` which comes from the expansion of the macro `reg` (in Nightly builds, run with -Z macro-backtrace for more info)

warning: unexpected `cfg` condition name: `riscv32`
   --> /home/hwt/桌面/sources/实验和项目类/os区域赛/rcore-lab/vendor/riscv/src/register/macros.rs:258:23
    |
258 |                 #[cfg(riscv32)]
    |                       ^^^^^^^ help: there is a config with a similar name: `riscv`
    |
   ::: /home/hwt/桌面/sources/实验和项目类/os区域赛/rcore-lab/vendor/riscv/src/register/hpmcounterx.rs:41:1
    |
41  | reg!(0xC14, hpmcounter20, hpmcounter20h, __read_hpmcounter20, __write_hpmcounter20);
    | ----------------------------------------------------------------------------------- in this macro invocation
    |
    = help: consider using a Cargo feature instead
    = help: or consider adding in `Cargo.toml` the `check-cfg` lint config for the lint:
             [lints.rust]
             unexpected_cfgs = { level = "warn", check-cfg = ['cfg(riscv32)'] }
    = help: or consider adding `println!("cargo::rustc-check-cfg=cfg(riscv32)");` to the top of the `build.rs`
    = note: see <https://doc.rust-lang.org/nightly/rustc/check-cfg/cargo-specifics.html> for more information about checking conditional configuration
    = note: this warning originates in the macro `read_composite_csr` which comes from the expansion of the macro `reg` (in Nightly builds, run with -Z macro-backtrace for more info)

warning: unexpected `cfg` condition name: `riscv32`
   --> /home/hwt/桌面/sources/实验和项目类/os区域赛/rcore-lab/vendor/riscv/src/register/macros.rs:267:27
    |
267 |                 #[cfg(not(riscv32))]
    |                           ^^^^^^^ help: there is a config with a similar name: `riscv`
    |
   ::: /home/hwt/桌面/sources/实验和项目类/os区域赛/rcore-lab/vendor/riscv/src/register/hpmcounterx.rs:41:1
    |
41  | reg!(0xC14, hpmcounter20, hpmcounter20h, __read_hpmcounter20, __write_hpmcounter20);
    | ----------------------------------------------------------------------------------- in this macro invocation
    |
    = help: consider using a Cargo feature instead
    = help: or consider adding in `Cargo.toml` the `check-cfg` lint config for the lint:
             [lints.rust]
             unexpected_cfgs = { level = "warn", check-cfg = ['cfg(riscv32)'] }
    = help: or consider adding `println!("cargo::rustc-check-cfg=cfg(riscv32)");` to the top of the `build.rs`
    = note: see <https://doc.rust-lang.org/nightly/rustc/check-cfg/cargo-specifics.html> for more information about checking conditional configuration
    = note: this warning originates in the macro `read_composite_csr` which comes from the expansion of the macro `reg` (in Nightly builds, run with -Z macro-backtrace for more info)

warning: unexpected `cfg` condition name: `riscv32`
   --> /home/hwt/桌面/sources/实验和项目类/os区域赛/rcore-lab/vendor/riscv/src/register/macros.rs:258:23
    |
258 |                 #[cfg(riscv32)]
    |                       ^^^^^^^ help: there is a config with a similar name: `riscv`
    |
   ::: /home/hwt/桌面/sources/实验和项目类/os区域赛/rcore-lab/vendor/riscv/src/register/hpmcounterx.rs:42:1
    |
42  | reg!(0xC15, hpmcounter21, hpmcounter21h, __read_hpmcounter21, __write_hpmcounter21);
    | ----------------------------------------------------------------------------------- in this macro invocation
    |
    = help: consider using a Cargo feature instead
    = help: or consider adding in `Cargo.toml` the `check-cfg` lint config for the lint:
             [lints.rust]
             unexpected_cfgs = { level = "warn", check-cfg = ['cfg(riscv32)'] }
    = help: or consider adding `println!("cargo::rustc-check-cfg=cfg(riscv32)");` to the top of the `build.rs`
    = note: see <https://doc.rust-lang.org/nightly/rustc/check-cfg/cargo-specifics.html> for more information about checking conditional configuration
    = note: this warning originates in the macro `read_composite_csr` which comes from the expansion of the macro `reg` (in Nightly builds, run with -Z macro-backtrace for more info)

warning: unexpected `cfg` condition name: `riscv32`
   --> /home/hwt/桌面/sources/实验和项目类/os区域赛/rcore-lab/vendor/riscv/src/register/macros.rs:267:27
    |
267 |                 #[cfg(not(riscv32))]
    |                           ^^^^^^^ help: there is a config with a similar name: `riscv`
    |
   ::: /home/hwt/桌面/sources/实验和项目类/os区域赛/rcore-lab/vendor/riscv/src/register/hpmcounterx.rs:42:1
    |
42  | reg!(0xC15, hpmcounter21, hpmcounter21h, __read_hpmcounter21, __write_hpmcounter21);
    | ----------------------------------------------------------------------------------- in this macro invocation
    |
    = help: consider using a Cargo feature instead
    = help: or consider adding in `Cargo.toml` the `check-cfg` lint config for the lint:
             [lints.rust]
             unexpected_cfgs = { level = "warn", check-cfg = ['cfg(riscv32)'] }
    = help: or consider adding `println!("cargo::rustc-check-cfg=cfg(riscv32)");` to the top of the `build.rs`
    = note: see <https://doc.rust-lang.org/nightly/rustc/check-cfg/cargo-specifics.html> for more information about checking conditional configuration
    = note: this warning originates in the macro `read_composite_csr` which comes from the expansion of the macro `reg` (in Nightly builds, run with -Z macro-backtrace for more info)

warning: unexpected `cfg` condition name: `riscv32`
   --> /home/hwt/桌面/sources/实验和项目类/os区域赛/rcore-lab/vendor/riscv/src/register/macros.rs:258:23
    |
258 |                 #[cfg(riscv32)]
    |                       ^^^^^^^ help: there is a config with a similar name: `riscv`
    |
   ::: /home/hwt/桌面/sources/实验和项目类/os区域赛/rcore-lab/vendor/riscv/src/register/hpmcounterx.rs:43:1
    |
43  | reg!(0xC16, hpmcounter22, hpmcounter22h, __read_hpmcounter22, __write_hpmcounter22);
    | ----------------------------------------------------------------------------------- in this macro invocation
    |
    = help: consider using a Cargo feature instead
    = help: or consider adding in `Cargo.toml` the `check-cfg` lint config for the lint:
             [lints.rust]
             unexpected_cfgs = { level = "warn", check-cfg = ['cfg(riscv32)'] }
    = help: or consider adding `println!("cargo::rustc-check-cfg=cfg(riscv32)");` to the top of the `build.rs`
    = note: see <https://doc.rust-lang.org/nightly/rustc/check-cfg/cargo-specifics.html> for more information about checking conditional configuration
    = note: this warning originates in the macro `read_composite_csr` which comes from the expansion of the macro `reg` (in Nightly builds, run with -Z macro-backtrace for more info)

warning: unexpected `cfg` condition name: `riscv32`
   --> /home/hwt/桌面/sources/实验和项目类/os区域赛/rcore-lab/vendor/riscv/src/register/macros.rs:267:27
    |
267 |                 #[cfg(not(riscv32))]
    |                           ^^^^^^^ help: there is a config with a similar name: `riscv`
    |
   ::: /home/hwt/桌面/sources/实验和项目类/os区域赛/rcore-lab/vendor/riscv/src/register/hpmcounterx.rs:43:1
    |
43  | reg!(0xC16, hpmcounter22, hpmcounter22h, __read_hpmcounter22, __write_hpmcounter22);
    | ----------------------------------------------------------------------------------- in this macro invocation
    |
    = help: consider using a Cargo feature instead
    = help: or consider adding in `Cargo.toml` the `check-cfg` lint config for the lint:
             [lints.rust]
             unexpected_cfgs = { level = "warn", check-cfg = ['cfg(riscv32)'] }
    = help: or consider adding `println!("cargo::rustc-check-cfg=cfg(riscv32)");` to the top of the `build.rs`
    = note: see <https://doc.rust-lang.org/nightly/rustc/check-cfg/cargo-specifics.html> for more information about checking conditional configuration
    = note: this warning originates in the macro `read_composite_csr` which comes from the expansion of the macro `reg` (in Nightly builds, run with -Z macro-backtrace for more info)

warning: unexpected `cfg` condition name: `riscv32`
   --> /home/hwt/桌面/sources/实验和项目类/os区域赛/rcore-lab/vendor/riscv/src/register/macros.rs:258:23
    |
258 |                 #[cfg(riscv32)]
    |                       ^^^^^^^ help: there is a config with a similar name: `riscv`
    |
   ::: /home/hwt/桌面/sources/实验和项目类/os区域赛/rcore-lab/vendor/riscv/src/register/hpmcounterx.rs:44:1
    |
44  | reg!(0xC17, hpmcounter23, hpmcounter23h, __read_hpmcounter23, __write_hpmcounter23);
    | ----------------------------------------------------------------------------------- in this macro invocation
    |
    = help: consider using a Cargo feature instead
    = help: or consider adding in `Cargo.toml` the `check-cfg` lint config for the lint:
             [lints.rust]
             unexpected_cfgs = { level = "warn", check-cfg = ['cfg(riscv32)'] }
    = help: or consider adding `println!("cargo::rustc-check-cfg=cfg(riscv32)");` to the top of the `build.rs`
    = note: see <https://doc.rust-lang.org/nightly/rustc/check-cfg/cargo-specifics.html> for more information about checking conditional configuration
    = note: this warning originates in the macro `read_composite_csr` which comes from the expansion of the macro `reg` (in Nightly builds, run with -Z macro-backtrace for more info)

warning: unexpected `cfg` condition name: `riscv32`
   --> /home/hwt/桌面/sources/实验和项目类/os区域赛/rcore-lab/vendor/riscv/src/register/macros.rs:267:27
    |
267 |                 #[cfg(not(riscv32))]
    |                           ^^^^^^^ help: there is a config with a similar name: `riscv`
    |
   ::: /home/hwt/桌面/sources/实验和项目类/os区域赛/rcore-lab/vendor/riscv/src/register/hpmcounterx.rs:44:1
    |
44  | reg!(0xC17, hpmcounter23, hpmcounter23h, __read_hpmcounter23, __write_hpmcounter23);
    | ----------------------------------------------------------------------------------- in this macro invocation
    |
    = help: consider using a Cargo feature instead
    = help: or consider adding in `Cargo.toml` the `check-cfg` lint config for the lint:
             [lints.rust]
             unexpected_cfgs = { level = "warn", check-cfg = ['cfg(riscv32)'] }
    = help: or consider adding `println!("cargo::rustc-check-cfg=cfg(riscv32)");` to the top of the `build.rs`
    = note: see <https://doc.rust-lang.org/nightly/rustc/check-cfg/cargo-specifics.html> for more information about checking conditional configuration
    = note: this warning originates in the macro `read_composite_csr` which comes from the expansion of the macro `reg` (in Nightly builds, run with -Z macro-backtrace for more info)

warning: unexpected `cfg` condition name: `riscv32`
   --> /home/hwt/桌面/sources/实验和项目类/os区域赛/rcore-lab/vendor/riscv/src/register/macros.rs:258:23
    |
258 |                 #[cfg(riscv32)]
    |                       ^^^^^^^ help: there is a config with a similar name: `riscv`
    |
   ::: /home/hwt/桌面/sources/实验和项目类/os区域赛/rcore-lab/vendor/riscv/src/register/hpmcounterx.rs:45:1
    |
45  | reg!(0xC18, hpmcounter24, hpmcounter24h, __read_hpmcounter24, __write_hpmcounter24);
    | ----------------------------------------------------------------------------------- in this macro invocation
    |
    = help: consider using a Cargo feature instead
    = help: or consider adding in `Cargo.toml` the `check-cfg` lint config for the lint:
             [lints.rust]
             unexpected_cfgs = { level = "warn", check-cfg = ['cfg(riscv32)'] }
    = help: or consider adding `println!("cargo::rustc-check-cfg=cfg(riscv32)");` to the top of the `build.rs`
    = note: see <https://doc.rust-lang.org/nightly/rustc/check-cfg/cargo-specifics.html> for more information about checking conditional configuration
    = note: this warning originates in the macro `read_composite_csr` which comes from the expansion of the macro `reg` (in Nightly builds, run with -Z macro-backtrace for more info)

warning: unexpected `cfg` condition name: `riscv32`
   --> /home/hwt/桌面/sources/实验和项目类/os区域赛/rcore-lab/vendor/riscv/src/register/macros.rs:267:27
    |
267 |                 #[cfg(not(riscv32))]
    |                           ^^^^^^^ help: there is a config with a similar name: `riscv`
    |
   ::: /home/hwt/桌面/sources/实验和项目类/os区域赛/rcore-lab/vendor/riscv/src/register/hpmcounterx.rs:45:1
    |
45  | reg!(0xC18, hpmcounter24, hpmcounter24h, __read_hpmcounter24, __write_hpmcounter24);
    | ----------------------------------------------------------------------------------- in this macro invocation
    |
    = help: consider using a Cargo feature instead
    = help: or consider adding in `Cargo.toml` the `check-cfg` lint config for the lint:
             [lints.rust]
             unexpected_cfgs = { level = "warn", check-cfg = ['cfg(riscv32)'] }
    = help: or consider adding `println!("cargo::rustc-check-cfg=cfg(riscv32)");` to the top of the `build.rs`
    = note: see <https://doc.rust-lang.org/nightly/rustc/check-cfg/cargo-specifics.html> for more information about checking conditional configuration
    = note: this warning originates in the macro `read_composite_csr` which comes from the expansion of the macro `reg` (in Nightly builds, run with -Z macro-backtrace for more info)

warning: unexpected `cfg` condition name: `riscv32`
   --> /home/hwt/桌面/sources/实验和项目类/os区域赛/rcore-lab/vendor/riscv/src/register/macros.rs:258:23
    |
258 |                 #[cfg(riscv32)]
    |                       ^^^^^^^ help: there is a config with a similar name: `riscv`
    |
   ::: /home/hwt/桌面/sources/实验和项目类/os区域赛/rcore-lab/vendor/riscv/src/register/hpmcounterx.rs:46:1
    |
46  | reg!(0xC19, hpmcounter25, hpmcounter25h, __read_hpmcounter25, __write_hpmcounter25);
    | ----------------------------------------------------------------------------------- in this macro invocation
    |
    = help: consider using a Cargo feature instead
    = help: or consider adding in `Cargo.toml` the `check-cfg` lint config for the lint:
             [lints.rust]
             unexpected_cfgs = { level = "warn", check-cfg = ['cfg(riscv32)'] }
    = help: or consider adding `println!("cargo::rustc-check-cfg=cfg(riscv32)");` to the top of the `build.rs`
    = note: see <https://doc.rust-lang.org/nightly/rustc/check-cfg/cargo-specifics.html> for more information about checking conditional configuration
    = note: this warning originates in the macro `read_composite_csr` which comes from the expansion of the macro `reg` (in Nightly builds, run with -Z macro-backtrace for more info)

warning: unexpected `cfg` condition name: `riscv32`
   --> /home/hwt/桌面/sources/实验和项目类/os区域赛/rcore-lab/vendor/riscv/src/register/macros.rs:267:27
    |
267 |                 #[cfg(not(riscv32))]
    |                           ^^^^^^^ help: there is a config with a similar name: `riscv`
    |
   ::: /home/hwt/桌面/sources/实验和项目类/os区域赛/rcore-lab/vendor/riscv/src/register/hpmcounterx.rs:46:1
    |
46  | reg!(0xC19, hpmcounter25, hpmcounter25h, __read_hpmcounter25, __write_hpmcounter25);
    | ----------------------------------------------------------------------------------- in this macro invocation
    |
    = help: consider using a Cargo feature instead
    = help: or consider adding in `Cargo.toml` the `check-cfg` lint config for the lint:
             [lints.rust]
             unexpected_cfgs = { level = "warn", check-cfg = ['cfg(riscv32)'] }
    = help: or consider adding `println!("cargo::rustc-check-cfg=cfg(riscv32)");` to the top of the `build.rs`
    = note: see <https://doc.rust-lang.org/nightly/rustc/check-cfg/cargo-specifics.html> for more information about checking conditional configuration
    = note: this warning originates in the macro `read_composite_csr` which comes from the expansion of the macro `reg` (in Nightly builds, run with -Z macro-backtrace for more info)

warning: unexpected `cfg` condition name: `riscv32`
   --> /home/hwt/桌面/sources/实验和项目类/os区域赛/rcore-lab/vendor/riscv/src/register/macros.rs:258:23
    |
258 |                 #[cfg(riscv32)]
    |                       ^^^^^^^ help: there is a config with a similar name: `riscv`
    |
   ::: /home/hwt/桌面/sources/实验和项目类/os区域赛/rcore-lab/vendor/riscv/src/register/hpmcounterx.rs:47:1
    |
47  | reg!(0xC1A, hpmcounter26, hpmcounter26h, __read_hpmcounter26, __write_hpmcounter26);
    | ----------------------------------------------------------------------------------- in this macro invocation
    |
    = help: consider using a Cargo feature instead
    = help: or consider adding in `Cargo.toml` the `check-cfg` lint config for the lint:
             [lints.rust]
             unexpected_cfgs = { level = "warn", check-cfg = ['cfg(riscv32)'] }
    = help: or consider adding `println!("cargo::rustc-check-cfg=cfg(riscv32)");` to the top of the `build.rs`
    = note: see <https://doc.rust-lang.org/nightly/rustc/check-cfg/cargo-specifics.html> for more information about checking conditional configuration
    = note: this warning originates in the macro `read_composite_csr` which comes from the expansion of the macro `reg` (in Nightly builds, run with -Z macro-backtrace for more info)

warning: unexpected `cfg` condition name: `riscv32`
   --> /home/hwt/桌面/sources/实验和项目类/os区域赛/rcore-lab/vendor/riscv/src/register/macros.rs:267:27
    |
267 |                 #[cfg(not(riscv32))]
    |                           ^^^^^^^ help: there is a config with a similar name: `riscv`
    |
   ::: /home/hwt/桌面/sources/实验和项目类/os区域赛/rcore-lab/vendor/riscv/src/register/hpmcounterx.rs:47:1
    |
47  | reg!(0xC1A, hpmcounter26, hpmcounter26h, __read_hpmcounter26, __write_hpmcounter26);
    | ----------------------------------------------------------------------------------- in this macro invocation
    |
    = help: consider using a Cargo feature instead
    = help: or consider adding in `Cargo.toml` the `check-cfg` lint config for the lint:
             [lints.rust]
             unexpected_cfgs = { level = "warn", check-cfg = ['cfg(riscv32)'] }
    = help: or consider adding `println!("cargo::rustc-check-cfg=cfg(riscv32)");` to the top of the `build.rs`
    = note: see <https://doc.rust-lang.org/nightly/rustc/check-cfg/cargo-specifics.html> for more information about checking conditional configuration
    = note: this warning originates in the macro `read_composite_csr` which comes from the expansion of the macro `reg` (in Nightly builds, run with -Z macro-backtrace for more info)

warning: unexpected `cfg` condition name: `riscv32`
   --> /home/hwt/桌面/sources/实验和项目类/os区域赛/rcore-lab/vendor/riscv/src/register/macros.rs:258:23
    |
258 |                 #[cfg(riscv32)]
    |                       ^^^^^^^ help: there is a config with a similar name: `riscv`
    |
   ::: /home/hwt/桌面/sources/实验和项目类/os区域赛/rcore-lab/vendor/riscv/src/register/hpmcounterx.rs:48:1
    |
48  | reg!(0xC1B, hpmcounter27, hpmcounter27h, __read_hpmcounter27, __write_hpmcounter27);
    | ----------------------------------------------------------------------------------- in this macro invocation
    |
    = help: consider using a Cargo feature instead
    = help: or consider adding in `Cargo.toml` the `check-cfg` lint config for the lint:
             [lints.rust]
             unexpected_cfgs = { level = "warn", check-cfg = ['cfg(riscv32)'] }
    = help: or consider adding `println!("cargo::rustc-check-cfg=cfg(riscv32)");` to the top of the `build.rs`
    = note: see <https://doc.rust-lang.org/nightly/rustc/check-cfg/cargo-specifics.html> for more information about checking conditional configuration
    = note: this warning originates in the macro `read_composite_csr` which comes from the expansion of the macro `reg` (in Nightly builds, run with -Z macro-backtrace for more info)

warning: unexpected `cfg` condition name: `riscv32`
   --> /home/hwt/桌面/sources/实验和项目类/os区域赛/rcore-lab/vendor/riscv/src/register/macros.rs:267:27
    |
267 |                 #[cfg(not(riscv32))]
    |                           ^^^^^^^ help: there is a config with a similar name: `riscv`
    |
   ::: /home/hwt/桌面/sources/实验和项目类/os区域赛/rcore-lab/vendor/riscv/src/register/hpmcounterx.rs:48:1
    |
48  | reg!(0xC1B, hpmcounter27, hpmcounter27h, __read_hpmcounter27, __write_hpmcounter27);
    | ----------------------------------------------------------------------------------- in this macro invocation
    |
    = help: consider using a Cargo feature instead
    = help: or consider adding in `Cargo.toml` the `check-cfg` lint config for the lint:
             [lints.rust]
             unexpected_cfgs = { level = "warn", check-cfg = ['cfg(riscv32)'] }
    = help: or consider adding `println!("cargo::rustc-check-cfg=cfg(riscv32)");` to the top of the `build.rs`
    = note: see <https://doc.rust-lang.org/nightly/rustc/check-cfg/cargo-specifics.html> for more information about checking conditional configuration
    = note: this warning originates in the macro `read_composite_csr` which comes from the expansion of the macro `reg` (in Nightly builds, run with -Z macro-backtrace for more info)

warning: unexpected `cfg` condition name: `riscv32`
   --> /home/hwt/桌面/sources/实验和项目类/os区域赛/rcore-lab/vendor/riscv/src/register/macros.rs:258:23
    |
258 |                 #[cfg(riscv32)]
    |                       ^^^^^^^ help: there is a config with a similar name: `riscv`
    |
   ::: /home/hwt/桌面/sources/实验和项目类/os区域赛/rcore-lab/vendor/riscv/src/register/hpmcounterx.rs:49:1
    |
49  | reg!(0xC1C, hpmcounter28, hpmcounter28h, __read_hpmcounter28, __write_hpmcounter28);
    | ----------------------------------------------------------------------------------- in this macro invocation
    |
    = help: consider using a Cargo feature instead
    = help: or consider adding in `Cargo.toml` the `check-cfg` lint config for the lint:
             [lints.rust]
             unexpected_cfgs = { level = "warn", check-cfg = ['cfg(riscv32)'] }
    = help: or consider adding `println!("cargo::rustc-check-cfg=cfg(riscv32)");` to the top of the `build.rs`
    = note: see <https://doc.rust-lang.org/nightly/rustc/check-cfg/cargo-specifics.html> for more information about checking conditional configuration
    = note: this warning originates in the macro `read_composite_csr` which comes from the expansion of the macro `reg` (in Nightly builds, run with -Z macro-backtrace for more info)

warning: unexpected `cfg` condition name: `riscv32`
   --> /home/hwt/桌面/sources/实验和项目类/os区域赛/rcore-lab/vendor/riscv/src/register/macros.rs:267:27
    |
267 |                 #[cfg(not(riscv32))]
    |                           ^^^^^^^ help: there is a config with a similar name: `riscv`
    |
   ::: /home/hwt/桌面/sources/实验和项目类/os区域赛/rcore-lab/vendor/riscv/src/register/hpmcounterx.rs:49:1
    |
49  | reg!(0xC1C, hpmcounter28, hpmcounter28h, __read_hpmcounter28, __write_hpmcounter28);
    | ----------------------------------------------------------------------------------- in this macro invocation
    |
    = help: consider using a Cargo feature instead
    = help: or consider adding in `Cargo.toml` the `check-cfg` lint config for the lint:
             [lints.rust]
             unexpected_cfgs = { level = "warn", check-cfg = ['cfg(riscv32)'] }
    = help: or consider adding `println!("cargo::rustc-check-cfg=cfg(riscv32)");` to the top of the `build.rs`
    = note: see <https://doc.rust-lang.org/nightly/rustc/check-cfg/cargo-specifics.html> for more information about checking conditional configuration
    = note: this warning originates in the macro `read_composite_csr` which comes from the expansion of the macro `reg` (in Nightly builds, run with -Z macro-backtrace for more info)

warning: unexpected `cfg` condition name: `riscv32`
   --> /home/hwt/桌面/sources/实验和项目类/os区域赛/rcore-lab/vendor/riscv/src/register/macros.rs:258:23
    |
258 |                 #[cfg(riscv32)]
    |                       ^^^^^^^ help: there is a config with a similar name: `riscv`
    |
   ::: /home/hwt/桌面/sources/实验和项目类/os区域赛/rcore-lab/vendor/riscv/src/register/hpmcounterx.rs:50:1
    |
50  | reg!(0xC1D, hpmcounter29, hpmcounter29h, __read_hpmcounter29, __write_hpmcounter29);
    | ----------------------------------------------------------------------------------- in this macro invocation
    |
    = help: consider using a Cargo feature instead
    = help: or consider adding in `Cargo.toml` the `check-cfg` lint config for the lint:
             [lints.rust]
             unexpected_cfgs = { level = "warn", check-cfg = ['cfg(riscv32)'] }
    = help: or consider adding `println!("cargo::rustc-check-cfg=cfg(riscv32)");` to the top of the `build.rs`
    = note: see <https://doc.rust-lang.org/nightly/rustc/check-cfg/cargo-specifics.html> for more information about checking conditional configuration
    = note: this warning originates in the macro `read_composite_csr` which comes from the expansion of the macro `reg` (in Nightly builds, run with -Z macro-backtrace for more info)

warning: unexpected `cfg` condition name: `riscv32`
   --> /home/hwt/桌面/sources/实验和项目类/os区域赛/rcore-lab/vendor/riscv/src/register/macros.rs:267:27
    |
267 |                 #[cfg(not(riscv32))]
    |                           ^^^^^^^ help: there is a config with a similar name: `riscv`
    |
   ::: /home/hwt/桌面/sources/实验和项目类/os区域赛/rcore-lab/vendor/riscv/src/register/hpmcounterx.rs:50:1
    |
50  | reg!(0xC1D, hpmcounter29, hpmcounter29h, __read_hpmcounter29, __write_hpmcounter29);
    | ----------------------------------------------------------------------------------- in this macro invocation
    |
    = help: consider using a Cargo feature instead
    = help: or consider adding in `Cargo.toml` the `check-cfg` lint config for the lint:
             [lints.rust]
             unexpected_cfgs = { level = "warn", check-cfg = ['cfg(riscv32)'] }
    = help: or consider adding `println!("cargo::rustc-check-cfg=cfg(riscv32)");` to the top of the `build.rs`
    = note: see <https://doc.rust-lang.org/nightly/rustc/check-cfg/cargo-specifics.html> for more information about checking conditional configuration
    = note: this warning originates in the macro `read_composite_csr` which comes from the expansion of the macro `reg` (in Nightly builds, run with -Z macro-backtrace for more info)

warning: unexpected `cfg` condition name: `riscv32`
   --> /home/hwt/桌面/sources/实验和项目类/os区域赛/rcore-lab/vendor/riscv/src/register/macros.rs:258:23
    |
258 |                 #[cfg(riscv32)]
    |                       ^^^^^^^ help: there is a config with a similar name: `riscv`
    |
   ::: /home/hwt/桌面/sources/实验和项目类/os区域赛/rcore-lab/vendor/riscv/src/register/hpmcounterx.rs:51:1
    |
51  | reg!(0xC1E, hpmcounter30, hpmcounter30h, __read_hpmcounter30, __write_hpmcounter30);
    | ----------------------------------------------------------------------------------- in this macro invocation
    |
    = help: consider using a Cargo feature instead
    = help: or consider adding in `Cargo.toml` the `check-cfg` lint config for the lint:
             [lints.rust]
             unexpected_cfgs = { level = "warn", check-cfg = ['cfg(riscv32)'] }
    = help: or consider adding `println!("cargo::rustc-check-cfg=cfg(riscv32)");` to the top of the `build.rs`
    = note: see <https://doc.rust-lang.org/nightly/rustc/check-cfg/cargo-specifics.html> for more information about checking conditional configuration
    = note: this warning originates in the macro `read_composite_csr` which comes from the expansion of the macro `reg` (in Nightly builds, run with -Z macro-backtrace for more info)

warning: unexpected `cfg` condition name: `riscv32`
   --> /home/hwt/桌面/sources/实验和项目类/os区域赛/rcore-lab/vendor/riscv/src/register/macros.rs:267:27
    |
267 |                 #[cfg(not(riscv32))]
    |                           ^^^^^^^ help: there is a config with a similar name: `riscv`
    |
   ::: /home/hwt/桌面/sources/实验和项目类/os区域赛/rcore-lab/vendor/riscv/src/register/hpmcounterx.rs:51:1
    |
51  | reg!(0xC1E, hpmcounter30, hpmcounter30h, __read_hpmcounter30, __write_hpmcounter30);
    | ----------------------------------------------------------------------------------- in this macro invocation
    |
    = help: consider using a Cargo feature instead
    = help: or consider adding in `Cargo.toml` the `check-cfg` lint config for the lint:
             [lints.rust]
             unexpected_cfgs = { level = "warn", check-cfg = ['cfg(riscv32)'] }
    = help: or consider adding `println!("cargo::rustc-check-cfg=cfg(riscv32)");` to the top of the `build.rs`
    = note: see <https://doc.rust-lang.org/nightly/rustc/check-cfg/cargo-specifics.html> for more information about checking conditional configuration
    = note: this warning originates in the macro `read_composite_csr` which comes from the expansion of the macro `reg` (in Nightly builds, run with -Z macro-backtrace for more info)

warning: unexpected `cfg` condition name: `riscv32`
   --> /home/hwt/桌面/sources/实验和项目类/os区域赛/rcore-lab/vendor/riscv/src/register/macros.rs:258:23
    |
258 |                 #[cfg(riscv32)]
    |                       ^^^^^^^ help: there is a config with a similar name: `riscv`
    |
   ::: /home/hwt/桌面/sources/实验和项目类/os区域赛/rcore-lab/vendor/riscv/src/register/hpmcounterx.rs:52:1
    |
52  | reg!(0xC1F, hpmcounter31, hpmcounter31h, __read_hpmcounter31, __write_hpmcounter31);
    | ----------------------------------------------------------------------------------- in this macro invocation
    |
    = help: consider using a Cargo feature instead
    = help: or consider adding in `Cargo.toml` the `check-cfg` lint config for the lint:
             [lints.rust]
             unexpected_cfgs = { level = "warn", check-cfg = ['cfg(riscv32)'] }
    = help: or consider adding `println!("cargo::rustc-check-cfg=cfg(riscv32)");` to the top of the `build.rs`
    = note: see <https://doc.rust-lang.org/nightly/rustc/check-cfg/cargo-specifics.html> for more information about checking conditional configuration
    = note: this warning originates in the macro `read_composite_csr` which comes from the expansion of the macro `reg` (in Nightly builds, run with -Z macro-backtrace for more info)

warning: unexpected `cfg` condition name: `riscv32`
   --> /home/hwt/桌面/sources/实验和项目类/os区域赛/rcore-lab/vendor/riscv/src/register/macros.rs:267:27
    |
267 |                 #[cfg(not(riscv32))]
    |                           ^^^^^^^ help: there is a config with a similar name: `riscv`
    |
   ::: /home/hwt/桌面/sources/实验和项目类/os区域赛/rcore-lab/vendor/riscv/src/register/hpmcounterx.rs:52:1
    |
52  | reg!(0xC1F, hpmcounter31, hpmcounter31h, __read_hpmcounter31, __write_hpmcounter31);
    | ----------------------------------------------------------------------------------- in this macro invocation
    |
    = help: consider using a Cargo feature instead
    = help: or consider adding in `Cargo.toml` the `check-cfg` lint config for the lint:
             [lints.rust]
             unexpected_cfgs = { level = "warn", check-cfg = ['cfg(riscv32)'] }
    = help: or consider adding `println!("cargo::rustc-check-cfg=cfg(riscv32)");` to the top of the `build.rs`
    = note: see <https://doc.rust-lang.org/nightly/rustc/check-cfg/cargo-specifics.html> for more information about checking conditional configuration
    = note: this warning originates in the macro `read_composite_csr` which comes from the expansion of the macro `reg` (in Nightly builds, run with -Z macro-backtrace for more info)

warning: unexpected `cfg` condition name: `riscv32`
  --> /home/hwt/桌面/sources/实验和项目类/os区域赛/rcore-lab/vendor/riscv/src/register/macros.rs:36:27
   |
36 |                 #[cfg(all(riscv32, feature = "inline-asm"))]
   |                           ^^^^^^^ help: there is a config with a similar name: `riscv`
   |
  ::: /home/hwt/桌面/sources/实验和项目类/os区域赛/rcore-lab/vendor/riscv/src/register/hpmcounterx.rs:54:1
   |
54 | regh!(0xC83, hpmcounter3h,  __read_hpmcounter3h,  __write_hpmcounter3h);
   | ----------------------------------------------------------------------- in this macro invocation
   |
   = help: consider using a Cargo feature instead
   = help: or consider adding in `Cargo.toml` the `check-cfg` lint config for the lint:
            [lints.rust]
            unexpected_cfgs = { level = "warn", check-cfg = ['cfg(riscv32)'] }
   = help: or consider adding `println!("cargo::rustc-check-cfg=cfg(riscv32)");` to the top of the `build.rs`
   = note: see <https://doc.rust-lang.org/nightly/rustc/check-cfg/cargo-specifics.html> for more information about checking conditional configuration
   = note: this warning originates in the macro `read_csr_rv32` which comes from the expansion of the macro `regh` (in Nightly builds, run with -Z macro-backtrace for more info)

warning: unexpected `cfg` condition name: `riscv32`
  --> /home/hwt/桌面/sources/实验和项目类/os区域赛/rcore-lab/vendor/riscv/src/register/macros.rs:43:27
   |
43 |                 #[cfg(all(riscv32, not(feature = "inline-asm")))]
   |                           ^^^^^^^ help: there is a config with a similar name: `riscv`
   |
  ::: /home/hwt/桌面/sources/实验和项目类/os区域赛/rcore-lab/vendor/riscv/src/register/hpmcounterx.rs:54:1
   |
54 | regh!(0xC83, hpmcounter3h,  __read_hpmcounter3h,  __write_hpmcounter3h);
   | ----------------------------------------------------------------------- in this macro invocation
   |
   = help: consider using a Cargo feature instead
   = help: or consider adding in `Cargo.toml` the `check-cfg` lint config for the lint:
            [lints.rust]
            unexpected_cfgs = { level = "warn", check-cfg = ['cfg(riscv32)'] }
   = help: or consider adding `println!("cargo::rustc-check-cfg=cfg(riscv32)");` to the top of the `build.rs`
   = note: see <https://doc.rust-lang.org/nightly/rustc/check-cfg/cargo-specifics.html> for more information about checking conditional configuration
   = note: this warning originates in the macro `read_csr_rv32` which comes from the expansion of the macro `regh` (in Nightly builds, run with -Z macro-backtrace for more info)

warning: unexpected `cfg` condition name: `riscv32`
  --> /home/hwt/桌面/sources/实验和项目类/os区域赛/rcore-lab/vendor/riscv/src/register/macros.rs:52:27
   |
52 |                 #[cfg(not(riscv32))]
   |                           ^^^^^^^ help: there is a config with a similar name: `riscv`
   |
  ::: /home/hwt/桌面/sources/实验和项目类/os区域赛/rcore-lab/vendor/riscv/src/register/hpmcounterx.rs:54:1
   |
54 | regh!(0xC83, hpmcounter3h,  __read_hpmcounter3h,  __write_hpmcounter3h);
   | ----------------------------------------------------------------------- in this macro invocation
   |
   = help: consider using a Cargo feature instead
   = help: or consider adding in `Cargo.toml` the `check-cfg` lint config for the lint:
            [lints.rust]
            unexpected_cfgs = { level = "warn", check-cfg = ['cfg(riscv32)'] }
   = help: or consider adding `println!("cargo::rustc-check-cfg=cfg(riscv32)");` to the top of the `build.rs`
   = note: see <https://doc.rust-lang.org/nightly/rustc/check-cfg/cargo-specifics.html> for more information about checking conditional configuration
   = note: this warning originates in the macro `read_csr_rv32` which comes from the expansion of the macro `regh` (in Nightly builds, run with -Z macro-backtrace for more info)

warning: unexpected `cfg` condition name: `riscv32`
  --> /home/hwt/桌面/sources/实验和项目类/os区域赛/rcore-lab/vendor/riscv/src/register/macros.rs:36:27
   |
36 |                 #[cfg(all(riscv32, feature = "inline-asm"))]
   |                           ^^^^^^^ help: there is a config with a similar name: `riscv`
   |
  ::: /home/hwt/桌面/sources/实验和项目类/os区域赛/rcore-lab/vendor/riscv/src/register/hpmcounterx.rs:55:1
   |
55 | regh!(0xC84, hpmcounter4h,  __read_hpmcounter4h,  __write_hpmcounter4h);
   | ----------------------------------------------------------------------- in this macro invocation
   |
   = help: consider using a Cargo feature instead
   = help: or consider adding in `Cargo.toml` the `check-cfg` lint config for the lint:
            [lints.rust]
            unexpected_cfgs = { level = "warn", check-cfg = ['cfg(riscv32)'] }
   = help: or consider adding `println!("cargo::rustc-check-cfg=cfg(riscv32)");` to the top of the `build.rs`
   = note: see <https://doc.rust-lang.org/nightly/rustc/check-cfg/cargo-specifics.html> for more information about checking conditional configuration
   = note: this warning originates in the macro `read_csr_rv32` which comes from the expansion of the macro `regh` (in Nightly builds, run with -Z macro-backtrace for more info)

warning: unexpected `cfg` condition name: `riscv32`
  --> /home/hwt/桌面/sources/实验和项目类/os区域赛/rcore-lab/vendor/riscv/src/register/macros.rs:43:27
   |
43 |                 #[cfg(all(riscv32, not(feature = "inline-asm")))]
   |                           ^^^^^^^ help: there is a config with a similar name: `riscv`
   |
  ::: /home/hwt/桌面/sources/实验和项目类/os区域赛/rcore-lab/vendor/riscv/src/register/hpmcounterx.rs:55:1
   |
55 | regh!(0xC84, hpmcounter4h,  __read_hpmcounter4h,  __write_hpmcounter4h);
   | ----------------------------------------------------------------------- in this macro invocation
   |
   = help: consider using a Cargo feature instead
   = help: or consider adding in `Cargo.toml` the `check-cfg` lint config for the lint:
            [lints.rust]
            unexpected_cfgs = { level = "warn", check-cfg = ['cfg(riscv32)'] }
   = help: or consider adding `println!("cargo::rustc-check-cfg=cfg(riscv32)");` to the top of the `build.rs`
   = note: see <https://doc.rust-lang.org/nightly/rustc/check-cfg/cargo-specifics.html> for more information about checking conditional configuration
   = note: this warning originates in the macro `read_csr_rv32` which comes from the expansion of the macro `regh` (in Nightly builds, run with -Z macro-backtrace for more info)

warning: unexpected `cfg` condition name: `riscv32`
  --> /home/hwt/桌面/sources/实验和项目类/os区域赛/rcore-lab/vendor/riscv/src/register/macros.rs:52:27
   |
52 |                 #[cfg(not(riscv32))]
   |                           ^^^^^^^ help: there is a config with a similar name: `riscv`
   |
  ::: /home/hwt/桌面/sources/实验和项目类/os区域赛/rcore-lab/vendor/riscv/src/register/hpmcounterx.rs:55:1
   |
55 | regh!(0xC84, hpmcounter4h,  __read_hpmcounter4h,  __write_hpmcounter4h);
   | ----------------------------------------------------------------------- in this macro invocation
   |
   = help: consider using a Cargo feature instead
   = help: or consider adding in `Cargo.toml` the `check-cfg` lint config for the lint:
            [lints.rust]
            unexpected_cfgs = { level = "warn", check-cfg = ['cfg(riscv32)'] }
   = help: or consider adding `println!("cargo::rustc-check-cfg=cfg(riscv32)");` to the top of the `build.rs`
   = note: see <https://doc.rust-lang.org/nightly/rustc/check-cfg/cargo-specifics.html> for more information about checking conditional configuration
   = note: this warning originates in the macro `read_csr_rv32` which comes from the expansion of the macro `regh` (in Nightly builds, run with -Z macro-backtrace for more info)

warning: unexpected `cfg` condition name: `riscv32`
  --> /home/hwt/桌面/sources/实验和项目类/os区域赛/rcore-lab/vendor/riscv/src/register/macros.rs:36:27
   |
36 |                 #[cfg(all(riscv32, feature = "inline-asm"))]
   |                           ^^^^^^^ help: there is a config with a similar name: `riscv`
   |
  ::: /home/hwt/桌面/sources/实验和项目类/os区域赛/rcore-lab/vendor/riscv/src/register/hpmcounterx.rs:56:1
   |
56 | regh!(0xC85, hpmcounter5h,  __read_hpmcounter5h,  __write_hpmcounter5h);
   | ----------------------------------------------------------------------- in this macro invocation
   |
   = help: consider using a Cargo feature instead
   = help: or consider adding in `Cargo.toml` the `check-cfg` lint config for the lint:
            [lints.rust]
            unexpected_cfgs = { level = "warn", check-cfg = ['cfg(riscv32)'] }
   = help: or consider adding `println!("cargo::rustc-check-cfg=cfg(riscv32)");` to the top of the `build.rs`
   = note: see <https://doc.rust-lang.org/nightly/rustc/check-cfg/cargo-specifics.html> for more information about checking conditional configuration
   = note: this warning originates in the macro `read_csr_rv32` which comes from the expansion of the macro `regh` (in Nightly builds, run with -Z macro-backtrace for more info)

warning: unexpected `cfg` condition name: `riscv32`
  --> /home/hwt/桌面/sources/实验和项目类/os区域赛/rcore-lab/vendor/riscv/src/register/macros.rs:43:27
   |
43 |                 #[cfg(all(riscv32, not(feature = "inline-asm")))]
   |                           ^^^^^^^ help: there is a config with a similar name: `riscv`
   |
  ::: /home/hwt/桌面/sources/实验和项目类/os区域赛/rcore-lab/vendor/riscv/src/register/hpmcounterx.rs:56:1
   |
56 | regh!(0xC85, hpmcounter5h,  __read_hpmcounter5h,  __write_hpmcounter5h);
   | ----------------------------------------------------------------------- in this macro invocation
   |
   = help: consider using a Cargo feature instead
   = help: or consider adding in `Cargo.toml` the `check-cfg` lint config for the lint:
            [lints.rust]
            unexpected_cfgs = { level = "warn", check-cfg = ['cfg(riscv32)'] }
   = help: or consider adding `println!("cargo::rustc-check-cfg=cfg(riscv32)");` to the top of the `build.rs`
   = note: see <https://doc.rust-lang.org/nightly/rustc/check-cfg/cargo-specifics.html> for more information about checking conditional configuration
   = note: this warning originates in the macro `read_csr_rv32` which comes from the expansion of the macro `regh` (in Nightly builds, run with -Z macro-backtrace for more info)

warning: unexpected `cfg` condition name: `riscv32`
  --> /home/hwt/桌面/sources/实验和项目类/os区域赛/rcore-lab/vendor/riscv/src/register/macros.rs:52:27
   |
52 |                 #[cfg(not(riscv32))]
   |                           ^^^^^^^ help: there is a config with a similar name: `riscv`
   |
  ::: /home/hwt/桌面/sources/实验和项目类/os区域赛/rcore-lab/vendor/riscv/src/register/hpmcounterx.rs:56:1
   |
56 | regh!(0xC85, hpmcounter5h,  __read_hpmcounter5h,  __write_hpmcounter5h);
   | ----------------------------------------------------------------------- in this macro invocation
   |
   = help: consider using a Cargo feature instead
   = help: or consider adding in `Cargo.toml` the `check-cfg` lint config for the lint:
            [lints.rust]
            unexpected_cfgs = { level = "warn", check-cfg = ['cfg(riscv32)'] }
   = help: or consider adding `println!("cargo::rustc-check-cfg=cfg(riscv32)");` to the top of the `build.rs`
   = note: see <https://doc.rust-lang.org/nightly/rustc/check-cfg/cargo-specifics.html> for more information about checking conditional configuration
   = note: this warning originates in the macro `read_csr_rv32` which comes from the expansion of the macro `regh` (in Nightly builds, run with -Z macro-backtrace for more info)

warning: unexpected `cfg` condition name: `riscv32`
  --> /home/hwt/桌面/sources/实验和项目类/os区域赛/rcore-lab/vendor/riscv/src/register/macros.rs:36:27
   |
36 |                 #[cfg(all(riscv32, feature = "inline-asm"))]
   |                           ^^^^^^^ help: there is a config with a similar name: `riscv`
   |
  ::: /home/hwt/桌面/sources/实验和项目类/os区域赛/rcore-lab/vendor/riscv/src/register/hpmcounterx.rs:57:1
   |
57 | regh!(0xC86, hpmcounter6h,  __read_hpmcounter6h,  __write_hpmcounter6h);
   | ----------------------------------------------------------------------- in this macro invocation
   |
   = help: consider using a Cargo feature instead
   = help: or consider adding in `Cargo.toml` the `check-cfg` lint config for the lint:
            [lints.rust]
            unexpected_cfgs = { level = "warn", check-cfg = ['cfg(riscv32)'] }
   = help: or consider adding `println!("cargo::rustc-check-cfg=cfg(riscv32)");` to the top of the `build.rs`
   = note: see <https://doc.rust-lang.org/nightly/rustc/check-cfg/cargo-specifics.html> for more information about checking conditional configuration
   = note: this warning originates in the macro `read_csr_rv32` which comes from the expansion of the macro `regh` (in Nightly builds, run with -Z macro-backtrace for more info)

warning: unexpected `cfg` condition name: `riscv32`
  --> /home/hwt/桌面/sources/实验和项目类/os区域赛/rcore-lab/vendor/riscv/src/register/macros.rs:43:27
   |
43 |                 #[cfg(all(riscv32, not(feature = "inline-asm")))]
   |                           ^^^^^^^ help: there is a config with a similar name: `riscv`
   |
  ::: /home/hwt/桌面/sources/实验和项目类/os区域赛/rcore-lab/vendor/riscv/src/register/hpmcounterx.rs:57:1
   |
57 | regh!(0xC86, hpmcounter6h,  __read_hpmcounter6h,  __write_hpmcounter6h);
   | ----------------------------------------------------------------------- in this macro invocation
   |
   = help: consider using a Cargo feature instead
   = help: or consider adding in `Cargo.toml` the `check-cfg` lint config for the lint:
            [lints.rust]
            unexpected_cfgs = { level = "warn", check-cfg = ['cfg(riscv32)'] }
   = help: or consider adding `println!("cargo::rustc-check-cfg=cfg(riscv32)");` to the top of the `build.rs`
   = note: see <https://doc.rust-lang.org/nightly/rustc/check-cfg/cargo-specifics.html> for more information about checking conditional configuration
   = note: this warning originates in the macro `read_csr_rv32` which comes from the expansion of the macro `regh` (in Nightly builds, run with -Z macro-backtrace for more info)

warning: unexpected `cfg` condition name: `riscv32`
  --> /home/hwt/桌面/sources/实验和项目类/os区域赛/rcore-lab/vendor/riscv/src/register/macros.rs:52:27
   |
52 |                 #[cfg(not(riscv32))]
   |                           ^^^^^^^ help: there is a config with a similar name: `riscv`
   |
  ::: /home/hwt/桌面/sources/实验和项目类/os区域赛/rcore-lab/vendor/riscv/src/register/hpmcounterx.rs:57:1
   |
57 | regh!(0xC86, hpmcounter6h,  __read_hpmcounter6h,  __write_hpmcounter6h);
   | ----------------------------------------------------------------------- in this macro invocation
   |
   = help: consider using a Cargo feature instead
   = help: or consider adding in `Cargo.toml` the `check-cfg` lint config for the lint:
            [lints.rust]
            unexpected_cfgs = { level = "warn", check-cfg = ['cfg(riscv32)'] }
   = help: or consider adding `println!("cargo::rustc-check-cfg=cfg(riscv32)");` to the top of the `build.rs`
   = note: see <https://doc.rust-lang.org/nightly/rustc/check-cfg/cargo-specifics.html> for more information about checking conditional configuration
   = note: this warning originates in the macro `read_csr_rv32` which comes from the expansion of the macro `regh` (in Nightly builds, run with -Z macro-backtrace for more info)

warning: unexpected `cfg` condition name: `riscv32`
  --> /home/hwt/桌面/sources/实验和项目类/os区域赛/rcore-lab/vendor/riscv/src/register/macros.rs:36:27
   |
36 |                 #[cfg(all(riscv32, feature = "inline-asm"))]
   |                           ^^^^^^^ help: there is a config with a similar name: `riscv`
   |
  ::: /home/hwt/桌面/sources/实验和项目类/os区域赛/rcore-lab/vendor/riscv/src/register/hpmcounterx.rs:58:1
   |
58 | regh!(0xC87, hpmcounter7h,  __read_hpmcounter7h,  __write_hpmcounter7h);
   | ----------------------------------------------------------------------- in this macro invocation
   |
   = help: consider using a Cargo feature instead
   = help: or consider adding in `Cargo.toml` the `check-cfg` lint config for the lint:
            [lints.rust]
            unexpected_cfgs = { level = "warn", check-cfg = ['cfg(riscv32)'] }
   = help: or consider adding `println!("cargo::rustc-check-cfg=cfg(riscv32)");` to the top of the `build.rs`
   = note: see <https://doc.rust-lang.org/nightly/rustc/check-cfg/cargo-specifics.html> for more information about checking conditional configuration
   = note: this warning originates in the macro `read_csr_rv32` which comes from the expansion of the macro `regh` (in Nightly builds, run with -Z macro-backtrace for more info)

warning: unexpected `cfg` condition name: `riscv32`
  --> /home/hwt/桌面/sources/实验和项目类/os区域赛/rcore-lab/vendor/riscv/src/register/macros.rs:43:27
   |
43 |                 #[cfg(all(riscv32, not(feature = "inline-asm")))]
   |                           ^^^^^^^ help: there is a config with a similar name: `riscv`
   |
  ::: /home/hwt/桌面/sources/实验和项目类/os区域赛/rcore-lab/vendor/riscv/src/register/hpmcounterx.rs:58:1
   |
58 | regh!(0xC87, hpmcounter7h,  __read_hpmcounter7h,  __write_hpmcounter7h);
   | ----------------------------------------------------------------------- in this macro invocation
   |
   = help: consider using a Cargo feature instead
   = help: or consider adding in `Cargo.toml` the `check-cfg` lint config for the lint:
            [lints.rust]
            unexpected_cfgs = { level = "warn", check-cfg = ['cfg(riscv32)'] }
   = help: or consider adding `println!("cargo::rustc-check-cfg=cfg(riscv32)");` to the top of the `build.rs`
   = note: see <https://doc.rust-lang.org/nightly/rustc/check-cfg/cargo-specifics.html> for more information about checking conditional configuration
   = note: this warning originates in the macro `read_csr_rv32` which comes from the expansion of the macro `regh` (in Nightly builds, run with -Z macro-backtrace for more info)

warning: unexpected `cfg` condition name: `riscv32`
  --> /home/hwt/桌面/sources/实验和项目类/os区域赛/rcore-lab/vendor/riscv/src/register/macros.rs:52:27
   |
52 |                 #[cfg(not(riscv32))]
   |                           ^^^^^^^ help: there is a config with a similar name: `riscv`
   |
  ::: /home/hwt/桌面/sources/实验和项目类/os区域赛/rcore-lab/vendor/riscv/src/register/hpmcounterx.rs:58:1
   |
58 | regh!(0xC87, hpmcounter7h,  __read_hpmcounter7h,  __write_hpmcounter7h);
   | ----------------------------------------------------------------------- in this macro invocation
   |
   = help: consider using a Cargo feature instead
   = help: or consider adding in `Cargo.toml` the `check-cfg` lint config for the lint:
            [lints.rust]
            unexpected_cfgs = { level = "warn", check-cfg = ['cfg(riscv32)'] }
   = help: or consider adding `println!("cargo::rustc-check-cfg=cfg(riscv32)");` to the top of the `build.rs`
   = note: see <https://doc.rust-lang.org/nightly/rustc/check-cfg/cargo-specifics.html> for more information about checking conditional configuration
   = note: this warning originates in the macro `read_csr_rv32` which comes from the expansion of the macro `regh` (in Nightly builds, run with -Z macro-backtrace for more info)

warning: unexpected `cfg` condition name: `riscv32`
  --> /home/hwt/桌面/sources/实验和项目类/os区域赛/rcore-lab/vendor/riscv/src/register/macros.rs:36:27
   |
36 |                 #[cfg(all(riscv32, feature = "inline-asm"))]
   |                           ^^^^^^^ help: there is a config with a similar name: `riscv`
   |
  ::: /home/hwt/桌面/sources/实验和项目类/os区域赛/rcore-lab/vendor/riscv/src/register/hpmcounterx.rs:59:1
   |
59 | regh!(0xC88, hpmcounter8h,  __read_hpmcounter8h,  __write_hpmcounter8h);
   | ----------------------------------------------------------------------- in this macro invocation
   |
   = help: consider using a Cargo feature instead
   = help: or consider adding in `Cargo.toml` the `check-cfg` lint config for the lint:
            [lints.rust]
            unexpected_cfgs = { level = "warn", check-cfg = ['cfg(riscv32)'] }
   = help: or consider adding `println!("cargo::rustc-check-cfg=cfg(riscv32)");` to the top of the `build.rs`
   = note: see <https://doc.rust-lang.org/nightly/rustc/check-cfg/cargo-specifics.html> for more information about checking conditional configuration
   = note: this warning originates in the macro `read_csr_rv32` which comes from the expansion of the macro `regh` (in Nightly builds, run with -Z macro-backtrace for more info)

warning: unexpected `cfg` condition name: `riscv32`
  --> /home/hwt/桌面/sources/实验和项目类/os区域赛/rcore-lab/vendor/riscv/src/register/macros.rs:43:27
   |
43 |                 #[cfg(all(riscv32, not(feature = "inline-asm")))]
   |                           ^^^^^^^ help: there is a config with a similar name: `riscv`
   |
  ::: /home/hwt/桌面/sources/实验和项目类/os区域赛/rcore-lab/vendor/riscv/src/register/hpmcounterx.rs:59:1
   |
59 | regh!(0xC88, hpmcounter8h,  __read_hpmcounter8h,  __write_hpmcounter8h);
   | ----------------------------------------------------------------------- in this macro invocation
   |
   = help: consider using a Cargo feature instead
   = help: or consider adding in `Cargo.toml` the `check-cfg` lint config for the lint:
            [lints.rust]
            unexpected_cfgs = { level = "warn", check-cfg = ['cfg(riscv32)'] }
   = help: or consider adding `println!("cargo::rustc-check-cfg=cfg(riscv32)");` to the top of the `build.rs`
   = note: see <https://doc.rust-lang.org/nightly/rustc/check-cfg/cargo-specifics.html> for more information about checking conditional configuration
   = note: this warning originates in the macro `read_csr_rv32` which comes from the expansion of the macro `regh` (in Nightly builds, run with -Z macro-backtrace for more info)

warning: unexpected `cfg` condition name: `riscv32`
  --> /home/hwt/桌面/sources/实验和项目类/os区域赛/rcore-lab/vendor/riscv/src/register/macros.rs:52:27
   |
52 |                 #[cfg(not(riscv32))]
   |                           ^^^^^^^ help: there is a config with a similar name: `riscv`
   |
  ::: /home/hwt/桌面/sources/实验和项目类/os区域赛/rcore-lab/vendor/riscv/src/register/hpmcounterx.rs:59:1
   |
59 | regh!(0xC88, hpmcounter8h,  __read_hpmcounter8h,  __write_hpmcounter8h);
   | ----------------------------------------------------------------------- in this macro invocation
   |
   = help: consider using a Cargo feature instead
   = help: or consider adding in `Cargo.toml` the `check-cfg` lint config for the lint:
            [lints.rust]
            unexpected_cfgs = { level = "warn", check-cfg = ['cfg(riscv32)'] }
   = help: or consider adding `println!("cargo::rustc-check-cfg=cfg(riscv32)");` to the top of the `build.rs`
   = note: see <https://doc.rust-lang.org/nightly/rustc/check-cfg/cargo-specifics.html> for more information about checking conditional configuration
   = note: this warning originates in the macro `read_csr_rv32` which comes from the expansion of the macro `regh` (in Nightly builds, run with -Z macro-backtrace for more info)

warning: unexpected `cfg` condition name: `riscv32`
  --> /home/hwt/桌面/sources/实验和项目类/os区域赛/rcore-lab/vendor/riscv/src/register/macros.rs:36:27
   |
36 |                 #[cfg(all(riscv32, feature = "inline-asm"))]
   |                           ^^^^^^^ help: there is a config with a similar name: `riscv`
   |
  ::: /home/hwt/桌面/sources/实验和项目类/os区域赛/rcore-lab/vendor/riscv/src/register/hpmcounterx.rs:60:1
   |
60 | regh!(0xC89, hpmcounter9h,  __read_hpmcounter9h,  __write_hpmcounter9h);
   | ----------------------------------------------------------------------- in this macro invocation
   |
   = help: consider using a Cargo feature instead
   = help: or consider adding in `Cargo.toml` the `check-cfg` lint config for the lint:
            [lints.rust]
            unexpected_cfgs = { level = "warn", check-cfg = ['cfg(riscv32)'] }
   = help: or consider adding `println!("cargo::rustc-check-cfg=cfg(riscv32)");` to the top of the `build.rs`
   = note: see <https://doc.rust-lang.org/nightly/rustc/check-cfg/cargo-specifics.html> for more information about checking conditional configuration
   = note: this warning originates in the macro `read_csr_rv32` which comes from the expansion of the macro `regh` (in Nightly builds, run with -Z macro-backtrace for more info)

warning: unexpected `cfg` condition name: `riscv32`
  --> /home/hwt/桌面/sources/实验和项目类/os区域赛/rcore-lab/vendor/riscv/src/register/macros.rs:43:27
   |
43 |                 #[cfg(all(riscv32, not(feature = "inline-asm")))]
   |                           ^^^^^^^ help: there is a config with a similar name: `riscv`
   |
  ::: /home/hwt/桌面/sources/实验和项目类/os区域赛/rcore-lab/vendor/riscv/src/register/hpmcounterx.rs:60:1
   |
60 | regh!(0xC89, hpmcounter9h,  __read_hpmcounter9h,  __write_hpmcounter9h);
   | ----------------------------------------------------------------------- in this macro invocation
   |
   = help: consider using a Cargo feature instead
   = help: or consider adding in `Cargo.toml` the `check-cfg` lint config for the lint:
            [lints.rust]
            unexpected_cfgs = { level = "warn", check-cfg = ['cfg(riscv32)'] }
   = help: or consider adding `println!("cargo::rustc-check-cfg=cfg(riscv32)");` to the top of the `build.rs`
   = note: see <https://doc.rust-lang.org/nightly/rustc/check-cfg/cargo-specifics.html> for more information about checking conditional configuration
   = note: this warning originates in the macro `read_csr_rv32` which comes from the expansion of the macro `regh` (in Nightly builds, run with -Z macro-backtrace for more info)

warning: unexpected `cfg` condition name: `riscv32`
  --> /home/hwt/桌面/sources/实验和项目类/os区域赛/rcore-lab/vendor/riscv/src/register/macros.rs:52:27
   |
52 |                 #[cfg(not(riscv32))]
   |                           ^^^^^^^ help: there is a config with a similar name: `riscv`
   |
  ::: /home/hwt/桌面/sources/实验和项目类/os区域赛/rcore-lab/vendor/riscv/src/register/hpmcounterx.rs:60:1
   |
60 | regh!(0xC89, hpmcounter9h,  __read_hpmcounter9h,  __write_hpmcounter9h);
   | ----------------------------------------------------------------------- in this macro invocation
   |
   = help: consider using a Cargo feature instead
   = help: or consider adding in `Cargo.toml` the `check-cfg` lint config for the lint:
            [lints.rust]
            unexpected_cfgs = { level = "warn", check-cfg = ['cfg(riscv32)'] }
   = help: or consider adding `println!("cargo::rustc-check-cfg=cfg(riscv32)");` to the top of the `build.rs`
   = note: see <https://doc.rust-lang.org/nightly/rustc/check-cfg/cargo-specifics.html> for more information about checking conditional configuration
   = note: this warning originates in the macro `read_csr_rv32` which comes from the expansion of the macro `regh` (in Nightly builds, run with -Z macro-backtrace for more info)

warning: unexpected `cfg` condition name: `riscv32`
  --> /home/hwt/桌面/sources/实验和项目类/os区域赛/rcore-lab/vendor/riscv/src/register/macros.rs:36:27
   |
36 |                 #[cfg(all(riscv32, feature = "inline-asm"))]
   |                           ^^^^^^^ help: there is a config with a similar name: `riscv`
   |
  ::: /home/hwt/桌面/sources/实验和项目类/os区域赛/rcore-lab/vendor/riscv/src/register/hpmcounterx.rs:61:1
   |
61 | regh!(0xC8A, hpmcounter10h, __read_hpmcounter10h, __write_hpmcounter10h);
   | ------------------------------------------------------------------------ in this macro invocation
   |
   = help: consider using a Cargo feature instead
   = help: or consider adding in `Cargo.toml` the `check-cfg` lint config for the lint:
            [lints.rust]
            unexpected_cfgs = { level = "warn", check-cfg = ['cfg(riscv32)'] }
   = help: or consider adding `println!("cargo::rustc-check-cfg=cfg(riscv32)");` to the top of the `build.rs`
   = note: see <https://doc.rust-lang.org/nightly/rustc/check-cfg/cargo-specifics.html> for more information about checking conditional configuration
   = note: this warning originates in the macro `read_csr_rv32` which comes from the expansion of the macro `regh` (in Nightly builds, run with -Z macro-backtrace for more info)

warning: unexpected `cfg` condition name: `riscv32`
  --> /home/hwt/桌面/sources/实验和项目类/os区域赛/rcore-lab/vendor/riscv/src/register/macros.rs:43:27
   |
43 |                 #[cfg(all(riscv32, not(feature = "inline-asm")))]
   |                           ^^^^^^^ help: there is a config with a similar name: `riscv`
   |
  ::: /home/hwt/桌面/sources/实验和项目类/os区域赛/rcore-lab/vendor/riscv/src/register/hpmcounterx.rs:61:1
   |
61 | regh!(0xC8A, hpmcounter10h, __read_hpmcounter10h, __write_hpmcounter10h);
   | ------------------------------------------------------------------------ in this macro invocation
   |
   = help: consider using a Cargo feature instead
   = help: or consider adding in `Cargo.toml` the `check-cfg` lint config for the lint:
            [lints.rust]
            unexpected_cfgs = { level = "warn", check-cfg = ['cfg(riscv32)'] }
   = help: or consider adding `println!("cargo::rustc-check-cfg=cfg(riscv32)");` to the top of the `build.rs`
   = note: see <https://doc.rust-lang.org/nightly/rustc/check-cfg/cargo-specifics.html> for more information about checking conditional configuration
   = note: this warning originates in the macro `read_csr_rv32` which comes from the expansion of the macro `regh` (in Nightly builds, run with -Z macro-backtrace for more info)

warning: unexpected `cfg` condition name: `riscv32`
  --> /home/hwt/桌面/sources/实验和项目类/os区域赛/rcore-lab/vendor/riscv/src/register/macros.rs:52:27
   |
52 |                 #[cfg(not(riscv32))]
   |                           ^^^^^^^ help: there is a config with a similar name: `riscv`
   |
  ::: /home/hwt/桌面/sources/实验和项目类/os区域赛/rcore-lab/vendor/riscv/src/register/hpmcounterx.rs:61:1
   |
61 | regh!(0xC8A, hpmcounter10h, __read_hpmcounter10h, __write_hpmcounter10h);
   | ------------------------------------------------------------------------ in this macro invocation
   |
   = help: consider using a Cargo feature instead
   = help: or consider adding in `Cargo.toml` the `check-cfg` lint config for the lint:
            [lints.rust]
            unexpected_cfgs = { level = "warn", check-cfg = ['cfg(riscv32)'] }
   = help: or consider adding `println!("cargo::rustc-check-cfg=cfg(riscv32)");` to the top of the `build.rs`
   = note: see <https://doc.rust-lang.org/nightly/rustc/check-cfg/cargo-specifics.html> for more information about checking conditional configuration
   = note: this warning originates in the macro `read_csr_rv32` which comes from the expansion of the macro `regh` (in Nightly builds, run with -Z macro-backtrace for more info)

warning: unexpected `cfg` condition name: `riscv32`
  --> /home/hwt/桌面/sources/实验和项目类/os区域赛/rcore-lab/vendor/riscv/src/register/macros.rs:36:27
   |
36 |                 #[cfg(all(riscv32, feature = "inline-asm"))]
   |                           ^^^^^^^ help: there is a config with a similar name: `riscv`
   |
  ::: /home/hwt/桌面/sources/实验和项目类/os区域赛/rcore-lab/vendor/riscv/src/register/hpmcounterx.rs:62:1
   |
62 | regh!(0xC8B, hpmcounter11h, __read_hpmcounter11h, __write_hpmcounter11h);
   | ------------------------------------------------------------------------ in this macro invocation
   |
   = help: consider using a Cargo feature instead
   = help: or consider adding in `Cargo.toml` the `check-cfg` lint config for the lint:
            [lints.rust]
            unexpected_cfgs = { level = "warn", check-cfg = ['cfg(riscv32)'] }
   = help: or consider adding `println!("cargo::rustc-check-cfg=cfg(riscv32)");` to the top of the `build.rs`
   = note: see <https://doc.rust-lang.org/nightly/rustc/check-cfg/cargo-specifics.html> for more information about checking conditional configuration
   = note: this warning originates in the macro `read_csr_rv32` which comes from the expansion of the macro `regh` (in Nightly builds, run with -Z macro-backtrace for more info)

warning: unexpected `cfg` condition name: `riscv32`
  --> /home/hwt/桌面/sources/实验和项目类/os区域赛/rcore-lab/vendor/riscv/src/register/macros.rs:43:27
   |
43 |                 #[cfg(all(riscv32, not(feature = "inline-asm")))]
   |                           ^^^^^^^ help: there is a config with a similar name: `riscv`
   |
  ::: /home/hwt/桌面/sources/实验和项目类/os区域赛/rcore-lab/vendor/riscv/src/register/hpmcounterx.rs:62:1
   |
62 | regh!(0xC8B, hpmcounter11h, __read_hpmcounter11h, __write_hpmcounter11h);
   | ------------------------------------------------------------------------ in this macro invocation
   |
   = help: consider using a Cargo feature instead
   = help: or consider adding in `Cargo.toml` the `check-cfg` lint config for the lint:
            [lints.rust]
            unexpected_cfgs = { level = "warn", check-cfg = ['cfg(riscv32)'] }
   = help: or consider adding `println!("cargo::rustc-check-cfg=cfg(riscv32)");` to the top of the `build.rs`
   = note: see <https://doc.rust-lang.org/nightly/rustc/check-cfg/cargo-specifics.html> for more information about checking conditional configuration
   = note: this warning originates in the macro `read_csr_rv32` which comes from the expansion of the macro `regh` (in Nightly builds, run with -Z macro-backtrace for more info)

warning: unexpected `cfg` condition name: `riscv32`
  --> /home/hwt/桌面/sources/实验和项目类/os区域赛/rcore-lab/vendor/riscv/src/register/macros.rs:52:27
   |
52 |                 #[cfg(not(riscv32))]
   |                           ^^^^^^^ help: there is a config with a similar name: `riscv`
   |
  ::: /home/hwt/桌面/sources/实验和项目类/os区域赛/rcore-lab/vendor/riscv/src/register/hpmcounterx.rs:62:1
   |
62 | regh!(0xC8B, hpmcounter11h, __read_hpmcounter11h, __write_hpmcounter11h);
   | ------------------------------------------------------------------------ in this macro invocation
   |
   = help: consider using a Cargo feature instead
   = help: or consider adding in `Cargo.toml` the `check-cfg` lint config for the lint:
            [lints.rust]
            unexpected_cfgs = { level = "warn", check-cfg = ['cfg(riscv32)'] }
   = help: or consider adding `println!("cargo::rustc-check-cfg=cfg(riscv32)");` to the top of the `build.rs`
   = note: see <https://doc.rust-lang.org/nightly/rustc/check-cfg/cargo-specifics.html> for more information about checking conditional configuration
   = note: this warning originates in the macro `read_csr_rv32` which comes from the expansion of the macro `regh` (in Nightly builds, run with -Z macro-backtrace for more info)

warning: unexpected `cfg` condition name: `riscv32`
  --> /home/hwt/桌面/sources/实验和项目类/os区域赛/rcore-lab/vendor/riscv/src/register/macros.rs:36:27
   |
36 |                 #[cfg(all(riscv32, feature = "inline-asm"))]
   |                           ^^^^^^^ help: there is a config with a similar name: `riscv`
   |
  ::: /home/hwt/桌面/sources/实验和项目类/os区域赛/rcore-lab/vendor/riscv/src/register/hpmcounterx.rs:63:1
   |
63 | regh!(0xC8C, hpmcounter12h, __read_hpmcounter12h, __write_hpmcounter12h);
   | ------------------------------------------------------------------------ in this macro invocation
   |
   = help: consider using a Cargo feature instead
   = help: or consider adding in `Cargo.toml` the `check-cfg` lint config for the lint:
            [lints.rust]
            unexpected_cfgs = { level = "warn", check-cfg = ['cfg(riscv32)'] }
   = help: or consider adding `println!("cargo::rustc-check-cfg=cfg(riscv32)");` to the top of the `build.rs`
   = note: see <https://doc.rust-lang.org/nightly/rustc/check-cfg/cargo-specifics.html> for more information about checking conditional configuration
   = note: this warning originates in the macro `read_csr_rv32` which comes from the expansion of the macro `regh` (in Nightly builds, run with -Z macro-backtrace for more info)

warning: unexpected `cfg` condition name: `riscv32`
  --> /home/hwt/桌面/sources/实验和项目类/os区域赛/rcore-lab/vendor/riscv/src/register/macros.rs:43:27
   |
43 |                 #[cfg(all(riscv32, not(feature = "inline-asm")))]
   |                           ^^^^^^^ help: there is a config with a similar name: `riscv`
   |
  ::: /home/hwt/桌面/sources/实验和项目类/os区域赛/rcore-lab/vendor/riscv/src/register/hpmcounterx.rs:63:1
   |
63 | regh!(0xC8C, hpmcounter12h, __read_hpmcounter12h, __write_hpmcounter12h);
   | ------------------------------------------------------------------------ in this macro invocation
   |
   = help: consider using a Cargo feature instead
   = help: or consider adding in `Cargo.toml` the `check-cfg` lint config for the lint:
            [lints.rust]
            unexpected_cfgs = { level = "warn", check-cfg = ['cfg(riscv32)'] }
   = help: or consider adding `println!("cargo::rustc-check-cfg=cfg(riscv32)");` to the top of the `build.rs`
   = note: see <https://doc.rust-lang.org/nightly/rustc/check-cfg/cargo-specifics.html> for more information about checking conditional configuration
   = note: this warning originates in the macro `read_csr_rv32` which comes from the expansion of the macro `regh` (in Nightly builds, run with -Z macro-backtrace for more info)

warning: unexpected `cfg` condition name: `riscv32`
  --> /home/hwt/桌面/sources/实验和项目类/os区域赛/rcore-lab/vendor/riscv/src/register/macros.rs:52:27
   |
52 |                 #[cfg(not(riscv32))]
   |                           ^^^^^^^ help: there is a config with a similar name: `riscv`
   |
  ::: /home/hwt/桌面/sources/实验和项目类/os区域赛/rcore-lab/vendor/riscv/src/register/hpmcounterx.rs:63:1
   |
63 | regh!(0xC8C, hpmcounter12h, __read_hpmcounter12h, __write_hpmcounter12h);
   | ------------------------------------------------------------------------ in this macro invocation
   |
   = help: consider using a Cargo feature instead
   = help: or consider adding in `Cargo.toml` the `check-cfg` lint config for the lint:
            [lints.rust]
            unexpected_cfgs = { level = "warn", check-cfg = ['cfg(riscv32)'] }
   = help: or consider adding `println!("cargo::rustc-check-cfg=cfg(riscv32)");` to the top of the `build.rs`
   = note: see <https://doc.rust-lang.org/nightly/rustc/check-cfg/cargo-specifics.html> for more information about checking conditional configuration
   = note: this warning originates in the macro `read_csr_rv32` which comes from the expansion of the macro `regh` (in Nightly builds, run with -Z macro-backtrace for more info)

warning: unexpected `cfg` condition name: `riscv32`
  --> /home/hwt/桌面/sources/实验和项目类/os区域赛/rcore-lab/vendor/riscv/src/register/macros.rs:36:27
   |
36 |                 #[cfg(all(riscv32, feature = "inline-asm"))]
   |                           ^^^^^^^ help: there is a config with a similar name: `riscv`
   |
  ::: /home/hwt/桌面/sources/实验和项目类/os区域赛/rcore-lab/vendor/riscv/src/register/hpmcounterx.rs:64:1
   |
64 | regh!(0xC8D, hpmcounter13h, __read_hpmcounter13h, __write_hpmcounter13h);
   | ------------------------------------------------------------------------ in this macro invocation
   |
   = help: consider using a Cargo feature instead
   = help: or consider adding in `Cargo.toml` the `check-cfg` lint config for the lint:
            [lints.rust]
            unexpected_cfgs = { level = "warn", check-cfg = ['cfg(riscv32)'] }
   = help: or consider adding `println!("cargo::rustc-check-cfg=cfg(riscv32)");` to the top of the `build.rs`
   = note: see <https://doc.rust-lang.org/nightly/rustc/check-cfg/cargo-specifics.html> for more information about checking conditional configuration
   = note: this warning originates in the macro `read_csr_rv32` which comes from the expansion of the macro `regh` (in Nightly builds, run with -Z macro-backtrace for more info)

warning: unexpected `cfg` condition name: `riscv32`
  --> /home/hwt/桌面/sources/实验和项目类/os区域赛/rcore-lab/vendor/riscv/src/register/macros.rs:43:27
   |
43 |                 #[cfg(all(riscv32, not(feature = "inline-asm")))]
   |                           ^^^^^^^ help: there is a config with a similar name: `riscv`
   |
  ::: /home/hwt/桌面/sources/实验和项目类/os区域赛/rcore-lab/vendor/riscv/src/register/hpmcounterx.rs:64:1
   |
64 | regh!(0xC8D, hpmcounter13h, __read_hpmcounter13h, __write_hpmcounter13h);
   | ------------------------------------------------------------------------ in this macro invocation
   |
   = help: consider using a Cargo feature instead
   = help: or consider adding in `Cargo.toml` the `check-cfg` lint config for the lint:
            [lints.rust]
            unexpected_cfgs = { level = "warn", check-cfg = ['cfg(riscv32)'] }
   = help: or consider adding `println!("cargo::rustc-check-cfg=cfg(riscv32)");` to the top of the `build.rs`
   = note: see <https://doc.rust-lang.org/nightly/rustc/check-cfg/cargo-specifics.html> for more information about checking conditional configuration
   = note: this warning originates in the macro `read_csr_rv32` which comes from the expansion of the macro `regh` (in Nightly builds, run with -Z macro-backtrace for more info)

warning: unexpected `cfg` condition name: `riscv32`
  --> /home/hwt/桌面/sources/实验和项目类/os区域赛/rcore-lab/vendor/riscv/src/register/macros.rs:52:27
   |
52 |                 #[cfg(not(riscv32))]
   |                           ^^^^^^^ help: there is a config with a similar name: `riscv`
   |
  ::: /home/hwt/桌面/sources/实验和项目类/os区域赛/rcore-lab/vendor/riscv/src/register/hpmcounterx.rs:64:1
   |
64 | regh!(0xC8D, hpmcounter13h, __read_hpmcounter13h, __write_hpmcounter13h);
   | ------------------------------------------------------------------------ in this macro invocation
   |
   = help: consider using a Cargo feature instead
   = help: or consider adding in `Cargo.toml` the `check-cfg` lint config for the lint:
            [lints.rust]
            unexpected_cfgs = { level = "warn", check-cfg = ['cfg(riscv32)'] }
   = help: or consider adding `println!("cargo::rustc-check-cfg=cfg(riscv32)");` to the top of the `build.rs`
   = note: see <https://doc.rust-lang.org/nightly/rustc/check-cfg/cargo-specifics.html> for more information about checking conditional configuration
   = note: this warning originates in the macro `read_csr_rv32` which comes from the expansion of the macro `regh` (in Nightly builds, run with -Z macro-backtrace for more info)

warning: unexpected `cfg` condition name: `riscv32`
  --> /home/hwt/桌面/sources/实验和项目类/os区域赛/rcore-lab/vendor/riscv/src/register/macros.rs:36:27
   |
36 |                 #[cfg(all(riscv32, feature = "inline-asm"))]
   |                           ^^^^^^^ help: there is a config with a similar name: `riscv`
   |
  ::: /home/hwt/桌面/sources/实验和项目类/os区域赛/rcore-lab/vendor/riscv/src/register/hpmcounterx.rs:65:1
   |
65 | regh!(0xC8E, hpmcounter14h, __read_hpmcounter14h, __write_hpmcounter14h);
   | ------------------------------------------------------------------------ in this macro invocation
   |
   = help: consider using a Cargo feature instead
   = help: or consider adding in `Cargo.toml` the `check-cfg` lint config for the lint:
            [lints.rust]
            unexpected_cfgs = { level = "warn", check-cfg = ['cfg(riscv32)'] }
   = help: or consider adding `println!("cargo::rustc-check-cfg=cfg(riscv32)");` to the top of the `build.rs`
   = note: see <https://doc.rust-lang.org/nightly/rustc/check-cfg/cargo-specifics.html> for more information about checking conditional configuration
   = note: this warning originates in the macro `read_csr_rv32` which comes from the expansion of the macro `regh` (in Nightly builds, run with -Z macro-backtrace for more info)

warning: unexpected `cfg` condition name: `riscv32`
  --> /home/hwt/桌面/sources/实验和项目类/os区域赛/rcore-lab/vendor/riscv/src/register/macros.rs:43:27
   |
43 |                 #[cfg(all(riscv32, not(feature = "inline-asm")))]
   |                           ^^^^^^^ help: there is a config with a similar name: `riscv`
   |
  ::: /home/hwt/桌面/sources/实验和项目类/os区域赛/rcore-lab/vendor/riscv/src/register/hpmcounterx.rs:65:1
   |
65 | regh!(0xC8E, hpmcounter14h, __read_hpmcounter14h, __write_hpmcounter14h);
   | ------------------------------------------------------------------------ in this macro invocation
   |
   = help: consider using a Cargo feature instead
   = help: or consider adding in `Cargo.toml` the `check-cfg` lint config for the lint:
            [lints.rust]
            unexpected_cfgs = { level = "warn", check-cfg = ['cfg(riscv32)'] }
   = help: or consider adding `println!("cargo::rustc-check-cfg=cfg(riscv32)");` to the top of the `build.rs`
   = note: see <https://doc.rust-lang.org/nightly/rustc/check-cfg/cargo-specifics.html> for more information about checking conditional configuration
   = note: this warning originates in the macro `read_csr_rv32` which comes from the expansion of the macro `regh` (in Nightly builds, run with -Z macro-backtrace for more info)

warning: unexpected `cfg` condition name: `riscv32`
  --> /home/hwt/桌面/sources/实验和项目类/os区域赛/rcore-lab/vendor/riscv/src/register/macros.rs:52:27
   |
52 |                 #[cfg(not(riscv32))]
   |                           ^^^^^^^ help: there is a config with a similar name: `riscv`
   |
  ::: /home/hwt/桌面/sources/实验和项目类/os区域赛/rcore-lab/vendor/riscv/src/register/hpmcounterx.rs:65:1
   |
65 | regh!(0xC8E, hpmcounter14h, __read_hpmcounter14h, __write_hpmcounter14h);
   | ------------------------------------------------------------------------ in this macro invocation
   |
   = help: consider using a Cargo feature instead
   = help: or consider adding in `Cargo.toml` the `check-cfg` lint config for the lint:
            [lints.rust]
            unexpected_cfgs = { level = "warn", check-cfg = ['cfg(riscv32)'] }
   = help: or consider adding `println!("cargo::rustc-check-cfg=cfg(riscv32)");` to the top of the `build.rs`
   = note: see <https://doc.rust-lang.org/nightly/rustc/check-cfg/cargo-specifics.html> for more information about checking conditional configuration
   = note: this warning originates in the macro `read_csr_rv32` which comes from the expansion of the macro `regh` (in Nightly builds, run with -Z macro-backtrace for more info)

warning: unexpected `cfg` condition name: `riscv32`
  --> /home/hwt/桌面/sources/实验和项目类/os区域赛/rcore-lab/vendor/riscv/src/register/macros.rs:36:27
   |
36 |                 #[cfg(all(riscv32, feature = "inline-asm"))]
   |                           ^^^^^^^ help: there is a config with a similar name: `riscv`
   |
  ::: /home/hwt/桌面/sources/实验和项目类/os区域赛/rcore-lab/vendor/riscv/src/register/hpmcounterx.rs:66:1
   |
66 | regh!(0xC8F, hpmcounter15h, __read_hpmcounter15h, __write_hpmcounter15h);
   | ------------------------------------------------------------------------ in this macro invocation
   |
   = help: consider using a Cargo feature instead
   = help: or consider adding in `Cargo.toml` the `check-cfg` lint config for the lint:
            [lints.rust]
            unexpected_cfgs = { level = "warn", check-cfg = ['cfg(riscv32)'] }
   = help: or consider adding `println!("cargo::rustc-check-cfg=cfg(riscv32)");` to the top of the `build.rs`
   = note: see <https://doc.rust-lang.org/nightly/rustc/check-cfg/cargo-specifics.html> for more information about checking conditional configuration
   = note: this warning originates in the macro `read_csr_rv32` which comes from the expansion of the macro `regh` (in Nightly builds, run with -Z macro-backtrace for more info)

warning: unexpected `cfg` condition name: `riscv32`
  --> /home/hwt/桌面/sources/实验和项目类/os区域赛/rcore-lab/vendor/riscv/src/register/macros.rs:43:27
   |
43 |                 #[cfg(all(riscv32, not(feature = "inline-asm")))]
   |                           ^^^^^^^ help: there is a config with a similar name: `riscv`
   |
  ::: /home/hwt/桌面/sources/实验和项目类/os区域赛/rcore-lab/vendor/riscv/src/register/hpmcounterx.rs:66:1
   |
66 | regh!(0xC8F, hpmcounter15h, __read_hpmcounter15h, __write_hpmcounter15h);
   | ------------------------------------------------------------------------ in this macro invocation
   |
   = help: consider using a Cargo feature instead
   = help: or consider adding in `Cargo.toml` the `check-cfg` lint config for the lint:
            [lints.rust]
            unexpected_cfgs = { level = "warn", check-cfg = ['cfg(riscv32)'] }
   = help: or consider adding `println!("cargo::rustc-check-cfg=cfg(riscv32)");` to the top of the `build.rs`
   = note: see <https://doc.rust-lang.org/nightly/rustc/check-cfg/cargo-specifics.html> for more information about checking conditional configuration
   = note: this warning originates in the macro `read_csr_rv32` which comes from the expansion of the macro `regh` (in Nightly builds, run with -Z macro-backtrace for more info)

warning: unexpected `cfg` condition name: `riscv32`
  --> /home/hwt/桌面/sources/实验和项目类/os区域赛/rcore-lab/vendor/riscv/src/register/macros.rs:52:27
   |
52 |                 #[cfg(not(riscv32))]
   |                           ^^^^^^^ help: there is a config with a similar name: `riscv`
   |
  ::: /home/hwt/桌面/sources/实验和项目类/os区域赛/rcore-lab/vendor/riscv/src/register/hpmcounterx.rs:66:1
   |
66 | regh!(0xC8F, hpmcounter15h, __read_hpmcounter15h, __write_hpmcounter15h);
   | ------------------------------------------------------------------------ in this macro invocation
   |
   = help: consider using a Cargo feature instead
   = help: or consider adding in `Cargo.toml` the `check-cfg` lint config for the lint:
            [lints.rust]
            unexpected_cfgs = { level = "warn", check-cfg = ['cfg(riscv32)'] }
   = help: or consider adding `println!("cargo::rustc-check-cfg=cfg(riscv32)");` to the top of the `build.rs`
   = note: see <https://doc.rust-lang.org/nightly/rustc/check-cfg/cargo-specifics.html> for more information about checking conditional configuration
   = note: this warning originates in the macro `read_csr_rv32` which comes from the expansion of the macro `regh` (in Nightly builds, run with -Z macro-backtrace for more info)

warning: unexpected `cfg` condition name: `riscv32`
  --> /home/hwt/桌面/sources/实验和项目类/os区域赛/rcore-lab/vendor/riscv/src/register/macros.rs:36:27
   |
36 |                 #[cfg(all(riscv32, feature = "inline-asm"))]
   |                           ^^^^^^^ help: there is a config with a similar name: `riscv`
   |
  ::: /home/hwt/桌面/sources/实验和项目类/os区域赛/rcore-lab/vendor/riscv/src/register/hpmcounterx.rs:67:1
   |
67 | regh!(0xC90, hpmcounter16h, __read_hpmcounter16h, __write_hpmcounter16h);
   | ------------------------------------------------------------------------ in this macro invocation
   |
   = help: consider using a Cargo feature instead
   = help: or consider adding in `Cargo.toml` the `check-cfg` lint config for the lint:
            [lints.rust]
            unexpected_cfgs = { level = "warn", check-cfg = ['cfg(riscv32)'] }
   = help: or consider adding `println!("cargo::rustc-check-cfg=cfg(riscv32)");` to the top of the `build.rs`
   = note: see <https://doc.rust-lang.org/nightly/rustc/check-cfg/cargo-specifics.html> for more information about checking conditional configuration
   = note: this warning originates in the macro `read_csr_rv32` which comes from the expansion of the macro `regh` (in Nightly builds, run with -Z macro-backtrace for more info)

warning: unexpected `cfg` condition name: `riscv32`
  --> /home/hwt/桌面/sources/实验和项目类/os区域赛/rcore-lab/vendor/riscv/src/register/macros.rs:43:27
   |
43 |                 #[cfg(all(riscv32, not(feature = "inline-asm")))]
   |                           ^^^^^^^ help: there is a config with a similar name: `riscv`
   |
  ::: /home/hwt/桌面/sources/实验和项目类/os区域赛/rcore-lab/vendor/riscv/src/register/hpmcounterx.rs:67:1
   |
67 | regh!(0xC90, hpmcounter16h, __read_hpmcounter16h, __write_hpmcounter16h);
   | ------------------------------------------------------------------------ in this macro invocation
   |
   = help: consider using a Cargo feature instead
   = help: or consider adding in `Cargo.toml` the `check-cfg` lint config for the lint:
            [lints.rust]
            unexpected_cfgs = { level = "warn", check-cfg = ['cfg(riscv32)'] }
   = help: or consider adding `println!("cargo::rustc-check-cfg=cfg(riscv32)");` to the top of the `build.rs`
   = note: see <https://doc.rust-lang.org/nightly/rustc/check-cfg/cargo-specifics.html> for more information about checking conditional configuration
   = note: this warning originates in the macro `read_csr_rv32` which comes from the expansion of the macro `regh` (in Nightly builds, run with -Z macro-backtrace for more info)

warning: unexpected `cfg` condition name: `riscv32`
  --> /home/hwt/桌面/sources/实验和项目类/os区域赛/rcore-lab/vendor/riscv/src/register/macros.rs:52:27
   |
52 |                 #[cfg(not(riscv32))]
   |                           ^^^^^^^ help: there is a config with a similar name: `riscv`
   |
  ::: /home/hwt/桌面/sources/实验和项目类/os区域赛/rcore-lab/vendor/riscv/src/register/hpmcounterx.rs:67:1
   |
67 | regh!(0xC90, hpmcounter16h, __read_hpmcounter16h, __write_hpmcounter16h);
   | ------------------------------------------------------------------------ in this macro invocation
   |
   = help: consider using a Cargo feature instead
   = help: or consider adding in `Cargo.toml` the `check-cfg` lint config for the lint:
            [lints.rust]
            unexpected_cfgs = { level = "warn", check-cfg = ['cfg(riscv32)'] }
   = help: or consider adding `println!("cargo::rustc-check-cfg=cfg(riscv32)");` to the top of the `build.rs`
   = note: see <https://doc.rust-lang.org/nightly/rustc/check-cfg/cargo-specifics.html> for more information about checking conditional configuration
   = note: this warning originates in the macro `read_csr_rv32` which comes from the expansion of the macro `regh` (in Nightly builds, run with -Z macro-backtrace for more info)

warning: unexpected `cfg` condition name: `riscv32`
  --> /home/hwt/桌面/sources/实验和项目类/os区域赛/rcore-lab/vendor/riscv/src/register/macros.rs:36:27
   |
36 |                 #[cfg(all(riscv32, feature = "inline-asm"))]
   |                           ^^^^^^^ help: there is a config with a similar name: `riscv`
   |
  ::: /home/hwt/桌面/sources/实验和项目类/os区域赛/rcore-lab/vendor/riscv/src/register/hpmcounterx.rs:68:1
   |
68 | regh!(0xC91, hpmcounter17h, __read_hpmcounter17h, __write_hpmcounter17h);
   | ------------------------------------------------------------------------ in this macro invocation
   |
   = help: consider using a Cargo feature instead
   = help: or consider adding in `Cargo.toml` the `check-cfg` lint config for the lint:
            [lints.rust]
            unexpected_cfgs = { level = "warn", check-cfg = ['cfg(riscv32)'] }
   = help: or consider adding `println!("cargo::rustc-check-cfg=cfg(riscv32)");` to the top of the `build.rs`
   = note: see <https://doc.rust-lang.org/nightly/rustc/check-cfg/cargo-specifics.html> for more information about checking conditional configuration
   = note: this warning originates in the macro `read_csr_rv32` which comes from the expansion of the macro `regh` (in Nightly builds, run with -Z macro-backtrace for more info)

warning: unexpected `cfg` condition name: `riscv32`
  --> /home/hwt/桌面/sources/实验和项目类/os区域赛/rcore-lab/vendor/riscv/src/register/macros.rs:43:27
   |
43 |                 #[cfg(all(riscv32, not(feature = "inline-asm")))]
   |                           ^^^^^^^ help: there is a config with a similar name: `riscv`
   |
  ::: /home/hwt/桌面/sources/实验和项目类/os区域赛/rcore-lab/vendor/riscv/src/register/hpmcounterx.rs:68:1
   |
68 | regh!(0xC91, hpmcounter17h, __read_hpmcounter17h, __write_hpmcounter17h);
   | ------------------------------------------------------------------------ in this macro invocation
   |
   = help: consider using a Cargo feature instead
   = help: or consider adding in `Cargo.toml` the `check-cfg` lint config for the lint:
            [lints.rust]
            unexpected_cfgs = { level = "warn", check-cfg = ['cfg(riscv32)'] }
   = help: or consider adding `println!("cargo::rustc-check-cfg=cfg(riscv32)");` to the top of the `build.rs`
   = note: see <https://doc.rust-lang.org/nightly/rustc/check-cfg/cargo-specifics.html> for more information about checking conditional configuration
   = note: this warning originates in the macro `read_csr_rv32` which comes from the expansion of the macro `regh` (in Nightly builds, run with -Z macro-backtrace for more info)

warning: unexpected `cfg` condition name: `riscv32`
  --> /home/hwt/桌面/sources/实验和项目类/os区域赛/rcore-lab/vendor/riscv/src/register/macros.rs:52:27
   |
52 |                 #[cfg(not(riscv32))]
   |                           ^^^^^^^ help: there is a config with a similar name: `riscv`
   |
  ::: /home/hwt/桌面/sources/实验和项目类/os区域赛/rcore-lab/vendor/riscv/src/register/hpmcounterx.rs:68:1
   |
68 | regh!(0xC91, hpmcounter17h, __read_hpmcounter17h, __write_hpmcounter17h);
   | ------------------------------------------------------------------------ in this macro invocation
   |
   = help: consider using a Cargo feature instead
   = help: or consider adding in `Cargo.toml` the `check-cfg` lint config for the lint:
            [lints.rust]
            unexpected_cfgs = { level = "warn", check-cfg = ['cfg(riscv32)'] }
   = help: or consider adding `println!("cargo::rustc-check-cfg=cfg(riscv32)");` to the top of the `build.rs`
   = note: see <https://doc.rust-lang.org/nightly/rustc/check-cfg/cargo-specifics.html> for more information about checking conditional configuration
   = note: this warning originates in the macro `read_csr_rv32` which comes from the expansion of the macro `regh` (in Nightly builds, run with -Z macro-backtrace for more info)

warning: unexpected `cfg` condition name: `riscv32`
  --> /home/hwt/桌面/sources/实验和项目类/os区域赛/rcore-lab/vendor/riscv/src/register/macros.rs:36:27
   |
36 |                 #[cfg(all(riscv32, feature = "inline-asm"))]
   |                           ^^^^^^^ help: there is a config with a similar name: `riscv`
   |
  ::: /home/hwt/桌面/sources/实验和项目类/os区域赛/rcore-lab/vendor/riscv/src/register/hpmcounterx.rs:69:1
   |
69 | regh!(0xC92, hpmcounter18h, __read_hpmcounter18h, __write_hpmcounter18h);
   | ------------------------------------------------------------------------ in this macro invocation
   |
   = help: consider using a Cargo feature instead
   = help: or consider adding in `Cargo.toml` the `check-cfg` lint config for the lint:
            [lints.rust]
            unexpected_cfgs = { level = "warn", check-cfg = ['cfg(riscv32)'] }
   = help: or consider adding `println!("cargo::rustc-check-cfg=cfg(riscv32)");` to the top of the `build.rs`
   = note: see <https://doc.rust-lang.org/nightly/rustc/check-cfg/cargo-specifics.html> for more information about checking conditional configuration
   = note: this warning originates in the macro `read_csr_rv32` which comes from the expansion of the macro `regh` (in Nightly builds, run with -Z macro-backtrace for more info)

warning: unexpected `cfg` condition name: `riscv32`
  --> /home/hwt/桌面/sources/实验和项目类/os区域赛/rcore-lab/vendor/riscv/src/register/macros.rs:43:27
   |
43 |                 #[cfg(all(riscv32, not(feature = "inline-asm")))]
   |                           ^^^^^^^ help: there is a config with a similar name: `riscv`
   |
  ::: /home/hwt/桌面/sources/实验和项目类/os区域赛/rcore-lab/vendor/riscv/src/register/hpmcounterx.rs:69:1
   |
69 | regh!(0xC92, hpmcounter18h, __read_hpmcounter18h, __write_hpmcounter18h);
   | ------------------------------------------------------------------------ in this macro invocation
   |
   = help: consider using a Cargo feature instead
   = help: or consider adding in `Cargo.toml` the `check-cfg` lint config for the lint:
            [lints.rust]
            unexpected_cfgs = { level = "warn", check-cfg = ['cfg(riscv32)'] }
   = help: or consider adding `println!("cargo::rustc-check-cfg=cfg(riscv32)");` to the top of the `build.rs`
   = note: see <https://doc.rust-lang.org/nightly/rustc/check-cfg/cargo-specifics.html> for more information about checking conditional configuration
   = note: this warning originates in the macro `read_csr_rv32` which comes from the expansion of the macro `regh` (in Nightly builds, run with -Z macro-backtrace for more info)

warning: unexpected `cfg` condition name: `riscv32`
  --> /home/hwt/桌面/sources/实验和项目类/os区域赛/rcore-lab/vendor/riscv/src/register/macros.rs:52:27
   |
52 |                 #[cfg(not(riscv32))]
   |                           ^^^^^^^ help: there is a config with a similar name: `riscv`
   |
  ::: /home/hwt/桌面/sources/实验和项目类/os区域赛/rcore-lab/vendor/riscv/src/register/hpmcounterx.rs:69:1
   |
69 | regh!(0xC92, hpmcounter18h, __read_hpmcounter18h, __write_hpmcounter18h);
   | ------------------------------------------------------------------------ in this macro invocation
   |
   = help: consider using a Cargo feature instead
   = help: or consider adding in `Cargo.toml` the `check-cfg` lint config for the lint:
            [lints.rust]
            unexpected_cfgs = { level = "warn", check-cfg = ['cfg(riscv32)'] }
   = help: or consider adding `println!("cargo::rustc-check-cfg=cfg(riscv32)");` to the top of the `build.rs`
   = note: see <https://doc.rust-lang.org/nightly/rustc/check-cfg/cargo-specifics.html> for more information about checking conditional configuration
   = note: this warning originates in the macro `read_csr_rv32` which comes from the expansion of the macro `regh` (in Nightly builds, run with -Z macro-backtrace for more info)

warning: unexpected `cfg` condition name: `riscv32`
  --> /home/hwt/桌面/sources/实验和项目类/os区域赛/rcore-lab/vendor/riscv/src/register/macros.rs:36:27
   |
36 |                 #[cfg(all(riscv32, feature = "inline-asm"))]
   |                           ^^^^^^^ help: there is a config with a similar name: `riscv`
   |
  ::: /home/hwt/桌面/sources/实验和项目类/os区域赛/rcore-lab/vendor/riscv/src/register/hpmcounterx.rs:70:1
   |
70 | regh!(0xC93, hpmcounter19h, __read_hpmcounter19h, __write_hpmcounter19h);
   | ------------------------------------------------------------------------ in this macro invocation
   |
   = help: consider using a Cargo feature instead
   = help: or consider adding in `Cargo.toml` the `check-cfg` lint config for the lint:
            [lints.rust]
            unexpected_cfgs = { level = "warn", check-cfg = ['cfg(riscv32)'] }
   = help: or consider adding `println!("cargo::rustc-check-cfg=cfg(riscv32)");` to the top of the `build.rs`
   = note: see <https://doc.rust-lang.org/nightly/rustc/check-cfg/cargo-specifics.html> for more information about checking conditional configuration
   = note: this warning originates in the macro `read_csr_rv32` which comes from the expansion of the macro `regh` (in Nightly builds, run with -Z macro-backtrace for more info)

warning: unexpected `cfg` condition name: `riscv32`
  --> /home/hwt/桌面/sources/实验和项目类/os区域赛/rcore-lab/vendor/riscv/src/register/macros.rs:43:27
   |
43 |                 #[cfg(all(riscv32, not(feature = "inline-asm")))]
   |                           ^^^^^^^ help: there is a config with a similar name: `riscv`
   |
  ::: /home/hwt/桌面/sources/实验和项目类/os区域赛/rcore-lab/vendor/riscv/src/register/hpmcounterx.rs:70:1
   |
70 | regh!(0xC93, hpmcounter19h, __read_hpmcounter19h, __write_hpmcounter19h);
   | ------------------------------------------------------------------------ in this macro invocation
   |
   = help: consider using a Cargo feature instead
   = help: or consider adding in `Cargo.toml` the `check-cfg` lint config for the lint:
            [lints.rust]
            unexpected_cfgs = { level = "warn", check-cfg = ['cfg(riscv32)'] }
   = help: or consider adding `println!("cargo::rustc-check-cfg=cfg(riscv32)");` to the top of the `build.rs`
   = note: see <https://doc.rust-lang.org/nightly/rustc/check-cfg/cargo-specifics.html> for more information about checking conditional configuration
   = note: this warning originates in the macro `read_csr_rv32` which comes from the expansion of the macro `regh` (in Nightly builds, run with -Z macro-backtrace for more info)

warning: unexpected `cfg` condition name: `riscv32`
  --> /home/hwt/桌面/sources/实验和项目类/os区域赛/rcore-lab/vendor/riscv/src/register/macros.rs:52:27
   |
52 |                 #[cfg(not(riscv32))]
   |                           ^^^^^^^ help: there is a config with a similar name: `riscv`
   |
  ::: /home/hwt/桌面/sources/实验和项目类/os区域赛/rcore-lab/vendor/riscv/src/register/hpmcounterx.rs:70:1
   |
70 | regh!(0xC93, hpmcounter19h, __read_hpmcounter19h, __write_hpmcounter19h);
   | ------------------------------------------------------------------------ in this macro invocation
   |
   = help: consider using a Cargo feature instead
   = help: or consider adding in `Cargo.toml` the `check-cfg` lint config for the lint:
            [lints.rust]
            unexpected_cfgs = { level = "warn", check-cfg = ['cfg(riscv32)'] }
   = help: or consider adding `println!("cargo::rustc-check-cfg=cfg(riscv32)");` to the top of the `build.rs`
   = note: see <https://doc.rust-lang.org/nightly/rustc/check-cfg/cargo-specifics.html> for more information about checking conditional configuration
   = note: this warning originates in the macro `read_csr_rv32` which comes from the expansion of the macro `regh` (in Nightly builds, run with -Z macro-backtrace for more info)

warning: unexpected `cfg` condition name: `riscv32`
  --> /home/hwt/桌面/sources/实验和项目类/os区域赛/rcore-lab/vendor/riscv/src/register/macros.rs:36:27
   |
36 |                 #[cfg(all(riscv32, feature = "inline-asm"))]
   |                           ^^^^^^^ help: there is a config with a similar name: `riscv`
   |
  ::: /home/hwt/桌面/sources/实验和项目类/os区域赛/rcore-lab/vendor/riscv/src/register/hpmcounterx.rs:71:1
   |
71 | regh!(0xC94, hpmcounter20h, __read_hpmcounter20h, __write_hpmcounter20h);
   | ------------------------------------------------------------------------ in this macro invocation
   |
   = help: consider using a Cargo feature instead
   = help: or consider adding in `Cargo.toml` the `check-cfg` lint config for the lint:
            [lints.rust]
            unexpected_cfgs = { level = "warn", check-cfg = ['cfg(riscv32)'] }
   = help: or consider adding `println!("cargo::rustc-check-cfg=cfg(riscv32)");` to the top of the `build.rs`
   = note: see <https://doc.rust-lang.org/nightly/rustc/check-cfg/cargo-specifics.html> for more information about checking conditional configuration
   = note: this warning originates in the macro `read_csr_rv32` which comes from the expansion of the macro `regh` (in Nightly builds, run with -Z macro-backtrace for more info)

warning: unexpected `cfg` condition name: `riscv32`
  --> /home/hwt/桌面/sources/实验和项目类/os区域赛/rcore-lab/vendor/riscv/src/register/macros.rs:43:27
   |
43 |                 #[cfg(all(riscv32, not(feature = "inline-asm")))]
   |                           ^^^^^^^ help: there is a config with a similar name: `riscv`
   |
  ::: /home/hwt/桌面/sources/实验和项目类/os区域赛/rcore-lab/vendor/riscv/src/register/hpmcounterx.rs:71:1
   |
71 | regh!(0xC94, hpmcounter20h, __read_hpmcounter20h, __write_hpmcounter20h);
   | ------------------------------------------------------------------------ in this macro invocation
   |
   = help: consider using a Cargo feature instead
   = help: or consider adding in `Cargo.toml` the `check-cfg` lint config for the lint:
            [lints.rust]
            unexpected_cfgs = { level = "warn", check-cfg = ['cfg(riscv32)'] }
   = help: or consider adding `println!("cargo::rustc-check-cfg=cfg(riscv32)");` to the top of the `build.rs`
   = note: see <https://doc.rust-lang.org/nightly/rustc/check-cfg/cargo-specifics.html> for more information about checking conditional configuration
   = note: this warning originates in the macro `read_csr_rv32` which comes from the expansion of the macro `regh` (in Nightly builds, run with -Z macro-backtrace for more info)

warning: unexpected `cfg` condition name: `riscv32`
  --> /home/hwt/桌面/sources/实验和项目类/os区域赛/rcore-lab/vendor/riscv/src/register/macros.rs:52:27
   |
52 |                 #[cfg(not(riscv32))]
   |                           ^^^^^^^ help: there is a config with a similar name: `riscv`
   |
  ::: /home/hwt/桌面/sources/实验和项目类/os区域赛/rcore-lab/vendor/riscv/src/register/hpmcounterx.rs:71:1
   |
71 | regh!(0xC94, hpmcounter20h, __read_hpmcounter20h, __write_hpmcounter20h);
   | ------------------------------------------------------------------------ in this macro invocation
   |
   = help: consider using a Cargo feature instead
   = help: or consider adding in `Cargo.toml` the `check-cfg` lint config for the lint:
            [lints.rust]
            unexpected_cfgs = { level = "warn", check-cfg = ['cfg(riscv32)'] }
   = help: or consider adding `println!("cargo::rustc-check-cfg=cfg(riscv32)");` to the top of the `build.rs`
   = note: see <https://doc.rust-lang.org/nightly/rustc/check-cfg/cargo-specifics.html> for more information about checking conditional configuration
   = note: this warning originates in the macro `read_csr_rv32` which comes from the expansion of the macro `regh` (in Nightly builds, run with -Z macro-backtrace for more info)

warning: unexpected `cfg` condition name: `riscv32`
  --> /home/hwt/桌面/sources/实验和项目类/os区域赛/rcore-lab/vendor/riscv/src/register/macros.rs:36:27
   |
36 |                 #[cfg(all(riscv32, feature = "inline-asm"))]
   |                           ^^^^^^^ help: there is a config with a similar name: `riscv`
   |
  ::: /home/hwt/桌面/sources/实验和项目类/os区域赛/rcore-lab/vendor/riscv/src/register/hpmcounterx.rs:72:1
   |
72 | regh!(0xC95, hpmcounter21h, __read_hpmcounter21h, __write_hpmcounter21h);
   | ------------------------------------------------------------------------ in this macro invocation
   |
   = help: consider using a Cargo feature instead
   = help: or consider adding in `Cargo.toml` the `check-cfg` lint config for the lint:
            [lints.rust]
            unexpected_cfgs = { level = "warn", check-cfg = ['cfg(riscv32)'] }
   = help: or consider adding `println!("cargo::rustc-check-cfg=cfg(riscv32)");` to the top of the `build.rs`
   = note: see <https://doc.rust-lang.org/nightly/rustc/check-cfg/cargo-specifics.html> for more information about checking conditional configuration
   = note: this warning originates in the macro `read_csr_rv32` which comes from the expansion of the macro `regh` (in Nightly builds, run with -Z macro-backtrace for more info)

warning: unexpected `cfg` condition name: `riscv32`
  --> /home/hwt/桌面/sources/实验和项目类/os区域赛/rcore-lab/vendor/riscv/src/register/macros.rs:43:27
   |
43 |                 #[cfg(all(riscv32, not(feature = "inline-asm")))]
   |                           ^^^^^^^ help: there is a config with a similar name: `riscv`
   |
  ::: /home/hwt/桌面/sources/实验和项目类/os区域赛/rcore-lab/vendor/riscv/src/register/hpmcounterx.rs:72:1
   |
72 | regh!(0xC95, hpmcounter21h, __read_hpmcounter21h, __write_hpmcounter21h);
   | ------------------------------------------------------------------------ in this macro invocation
   |
   = help: consider using a Cargo feature instead
   = help: or consider adding in `Cargo.toml` the `check-cfg` lint config for the lint:
            [lints.rust]
            unexpected_cfgs = { level = "warn", check-cfg = ['cfg(riscv32)'] }
   = help: or consider adding `println!("cargo::rustc-check-cfg=cfg(riscv32)");` to the top of the `build.rs`
   = note: see <https://doc.rust-lang.org/nightly/rustc/check-cfg/cargo-specifics.html> for more information about checking conditional configuration
   = note: this warning originates in the macro `read_csr_rv32` which comes from the expansion of the macro `regh` (in Nightly builds, run with -Z macro-backtrace for more info)

warning: unexpected `cfg` condition name: `riscv32`
  --> /home/hwt/桌面/sources/实验和项目类/os区域赛/rcore-lab/vendor/riscv/src/register/macros.rs:52:27
   |
52 |                 #[cfg(not(riscv32))]
   |                           ^^^^^^^ help: there is a config with a similar name: `riscv`
   |
  ::: /home/hwt/桌面/sources/实验和项目类/os区域赛/rcore-lab/vendor/riscv/src/register/hpmcounterx.rs:72:1
   |
72 | regh!(0xC95, hpmcounter21h, __read_hpmcounter21h, __write_hpmcounter21h);
   | ------------------------------------------------------------------------ in this macro invocation
   |
   = help: consider using a Cargo feature instead
   = help: or consider adding in `Cargo.toml` the `check-cfg` lint config for the lint:
            [lints.rust]
            unexpected_cfgs = { level = "warn", check-cfg = ['cfg(riscv32)'] }
   = help: or consider adding `println!("cargo::rustc-check-cfg=cfg(riscv32)");` to the top of the `build.rs`
   = note: see <https://doc.rust-lang.org/nightly/rustc/check-cfg/cargo-specifics.html> for more information about checking conditional configuration
   = note: this warning originates in the macro `read_csr_rv32` which comes from the expansion of the macro `regh` (in Nightly builds, run with -Z macro-backtrace for more info)

warning: unexpected `cfg` condition name: `riscv32`
  --> /home/hwt/桌面/sources/实验和项目类/os区域赛/rcore-lab/vendor/riscv/src/register/macros.rs:36:27
   |
36 |                 #[cfg(all(riscv32, feature = "inline-asm"))]
   |                           ^^^^^^^ help: there is a config with a similar name: `riscv`
   |
  ::: /home/hwt/桌面/sources/实验和项目类/os区域赛/rcore-lab/vendor/riscv/src/register/hpmcounterx.rs:73:1
   |
73 | regh!(0xC96, hpmcounter22h, __read_hpmcounter22h, __write_hpmcounter22h);
   | ------------------------------------------------------------------------ in this macro invocation
   |
   = help: consider using a Cargo feature instead
   = help: or consider adding in `Cargo.toml` the `check-cfg` lint config for the lint:
            [lints.rust]
            unexpected_cfgs = { level = "warn", check-cfg = ['cfg(riscv32)'] }
   = help: or consider adding `println!("cargo::rustc-check-cfg=cfg(riscv32)");` to the top of the `build.rs`
   = note: see <https://doc.rust-lang.org/nightly/rustc/check-cfg/cargo-specifics.html> for more information about checking conditional configuration
   = note: this warning originates in the macro `read_csr_rv32` which comes from the expansion of the macro `regh` (in Nightly builds, run with -Z macro-backtrace for more info)

warning: unexpected `cfg` condition name: `riscv32`
  --> /home/hwt/桌面/sources/实验和项目类/os区域赛/rcore-lab/vendor/riscv/src/register/macros.rs:43:27
   |
43 |                 #[cfg(all(riscv32, not(feature = "inline-asm")))]
   |                           ^^^^^^^ help: there is a config with a similar name: `riscv`
   |
  ::: /home/hwt/桌面/sources/实验和项目类/os区域赛/rcore-lab/vendor/riscv/src/register/hpmcounterx.rs:73:1
   |
73 | regh!(0xC96, hpmcounter22h, __read_hpmcounter22h, __write_hpmcounter22h);
   | ------------------------------------------------------------------------ in this macro invocation
   |
   = help: consider using a Cargo feature instead
   = help: or consider adding in `Cargo.toml` the `check-cfg` lint config for the lint:
            [lints.rust]
            unexpected_cfgs = { level = "warn", check-cfg = ['cfg(riscv32)'] }
   = help: or consider adding `println!("cargo::rustc-check-cfg=cfg(riscv32)");` to the top of the `build.rs`
   = note: see <https://doc.rust-lang.org/nightly/rustc/check-cfg/cargo-specifics.html> for more information about checking conditional configuration
   = note: this warning originates in the macro `read_csr_rv32` which comes from the expansion of the macro `regh` (in Nightly builds, run with -Z macro-backtrace for more info)

warning: unexpected `cfg` condition name: `riscv32`
  --> /home/hwt/桌面/sources/实验和项目类/os区域赛/rcore-lab/vendor/riscv/src/register/macros.rs:52:27
   |
52 |                 #[cfg(not(riscv32))]
   |                           ^^^^^^^ help: there is a config with a similar name: `riscv`
   |
  ::: /home/hwt/桌面/sources/实验和项目类/os区域赛/rcore-lab/vendor/riscv/src/register/hpmcounterx.rs:73:1
   |
73 | regh!(0xC96, hpmcounter22h, __read_hpmcounter22h, __write_hpmcounter22h);
   | ------------------------------------------------------------------------ in this macro invocation
   |
   = help: consider using a Cargo feature instead
   = help: or consider adding in `Cargo.toml` the `check-cfg` lint config for the lint:
            [lints.rust]
            unexpected_cfgs = { level = "warn", check-cfg = ['cfg(riscv32)'] }
   = help: or consider adding `println!("cargo::rustc-check-cfg=cfg(riscv32)");` to the top of the `build.rs`
   = note: see <https://doc.rust-lang.org/nightly/rustc/check-cfg/cargo-specifics.html> for more information about checking conditional configuration
   = note: this warning originates in the macro `read_csr_rv32` which comes from the expansion of the macro `regh` (in Nightly builds, run with -Z macro-backtrace for more info)

warning: unexpected `cfg` condition name: `riscv32`
  --> /home/hwt/桌面/sources/实验和项目类/os区域赛/rcore-lab/vendor/riscv/src/register/macros.rs:36:27
   |
36 |                 #[cfg(all(riscv32, feature = "inline-asm"))]
   |                           ^^^^^^^ help: there is a config with a similar name: `riscv`
   |
  ::: /home/hwt/桌面/sources/实验和项目类/os区域赛/rcore-lab/vendor/riscv/src/register/hpmcounterx.rs:74:1
   |
74 | regh!(0xC97, hpmcounter23h, __read_hpmcounter23h, __write_hpmcounter23h);
   | ------------------------------------------------------------------------ in this macro invocation
   |
   = help: consider using a Cargo feature instead
   = help: or consider adding in `Cargo.toml` the `check-cfg` lint config for the lint:
            [lints.rust]
            unexpected_cfgs = { level = "warn", check-cfg = ['cfg(riscv32)'] }
   = help: or consider adding `println!("cargo::rustc-check-cfg=cfg(riscv32)");` to the top of the `build.rs`
   = note: see <https://doc.rust-lang.org/nightly/rustc/check-cfg/cargo-specifics.html> for more information about checking conditional configuration
   = note: this warning originates in the macro `read_csr_rv32` which comes from the expansion of the macro `regh` (in Nightly builds, run with -Z macro-backtrace for more info)

warning: unexpected `cfg` condition name: `riscv32`
  --> /home/hwt/桌面/sources/实验和项目类/os区域赛/rcore-lab/vendor/riscv/src/register/macros.rs:43:27
   |
43 |                 #[cfg(all(riscv32, not(feature = "inline-asm")))]
   |                           ^^^^^^^ help: there is a config with a similar name: `riscv`
   |
  ::: /home/hwt/桌面/sources/实验和项目类/os区域赛/rcore-lab/vendor/riscv/src/register/hpmcounterx.rs:74:1
   |
74 | regh!(0xC97, hpmcounter23h, __read_hpmcounter23h, __write_hpmcounter23h);
   | ------------------------------------------------------------------------ in this macro invocation
   |
   = help: consider using a Cargo feature instead
   = help: or consider adding in `Cargo.toml` the `check-cfg` lint config for the lint:
            [lints.rust]
            unexpected_cfgs = { level = "warn", check-cfg = ['cfg(riscv32)'] }
   = help: or consider adding `println!("cargo::rustc-check-cfg=cfg(riscv32)");` to the top of the `build.rs`
   = note: see <https://doc.rust-lang.org/nightly/rustc/check-cfg/cargo-specifics.html> for more information about checking conditional configuration
   = note: this warning originates in the macro `read_csr_rv32` which comes from the expansion of the macro `regh` (in Nightly builds, run with -Z macro-backtrace for more info)

warning: unexpected `cfg` condition name: `riscv32`
  --> /home/hwt/桌面/sources/实验和项目类/os区域赛/rcore-lab/vendor/riscv/src/register/macros.rs:52:27
   |
52 |                 #[cfg(not(riscv32))]
   |                           ^^^^^^^ help: there is a config with a similar name: `riscv`
   |
  ::: /home/hwt/桌面/sources/实验和项目类/os区域赛/rcore-lab/vendor/riscv/src/register/hpmcounterx.rs:74:1
   |
74 | regh!(0xC97, hpmcounter23h, __read_hpmcounter23h, __write_hpmcounter23h);
   | ------------------------------------------------------------------------ in this macro invocation
   |
   = help: consider using a Cargo feature instead
   = help: or consider adding in `Cargo.toml` the `check-cfg` lint config for the lint:
            [lints.rust]
            unexpected_cfgs = { level = "warn", check-cfg = ['cfg(riscv32)'] }
   = help: or consider adding `println!("cargo::rustc-check-cfg=cfg(riscv32)");` to the top of the `build.rs`
   = note: see <https://doc.rust-lang.org/nightly/rustc/check-cfg/cargo-specifics.html> for more information about checking conditional configuration
   = note: this warning originates in the macro `read_csr_rv32` which comes from the expansion of the macro `regh` (in Nightly builds, run with -Z macro-backtrace for more info)

warning: unexpected `cfg` condition name: `riscv32`
  --> /home/hwt/桌面/sources/实验和项目类/os区域赛/rcore-lab/vendor/riscv/src/register/macros.rs:36:27
   |
36 |                 #[cfg(all(riscv32, feature = "inline-asm"))]
   |                           ^^^^^^^ help: there is a config with a similar name: `riscv`
   |
  ::: /home/hwt/桌面/sources/实验和项目类/os区域赛/rcore-lab/vendor/riscv/src/register/hpmcounterx.rs:75:1
   |
75 | regh!(0xC98, hpmcounter24h, __read_hpmcounter24h, __write_hpmcounter24h);
   | ------------------------------------------------------------------------ in this macro invocation
   |
   = help: consider using a Cargo feature instead
   = help: or consider adding in `Cargo.toml` the `check-cfg` lint config for the lint:
            [lints.rust]
            unexpected_cfgs = { level = "warn", check-cfg = ['cfg(riscv32)'] }
   = help: or consider adding `println!("cargo::rustc-check-cfg=cfg(riscv32)");` to the top of the `build.rs`
   = note: see <https://doc.rust-lang.org/nightly/rustc/check-cfg/cargo-specifics.html> for more information about checking conditional configuration
   = note: this warning originates in the macro `read_csr_rv32` which comes from the expansion of the macro `regh` (in Nightly builds, run with -Z macro-backtrace for more info)

warning: unexpected `cfg` condition name: `riscv32`
  --> /home/hwt/桌面/sources/实验和项目类/os区域赛/rcore-lab/vendor/riscv/src/register/macros.rs:43:27
   |
43 |                 #[cfg(all(riscv32, not(feature = "inline-asm")))]
   |                           ^^^^^^^ help: there is a config with a similar name: `riscv`
   |
  ::: /home/hwt/桌面/sources/实验和项目类/os区域赛/rcore-lab/vendor/riscv/src/register/hpmcounterx.rs:75:1
   |
75 | regh!(0xC98, hpmcounter24h, __read_hpmcounter24h, __write_hpmcounter24h);
   | ------------------------------------------------------------------------ in this macro invocation
   |
   = help: consider using a Cargo feature instead
   = help: or consider adding in `Cargo.toml` the `check-cfg` lint config for the lint:
            [lints.rust]
            unexpected_cfgs = { level = "warn", check-cfg = ['cfg(riscv32)'] }
   = help: or consider adding `println!("cargo::rustc-check-cfg=cfg(riscv32)");` to the top of the `build.rs`
   = note: see <https://doc.rust-lang.org/nightly/rustc/check-cfg/cargo-specifics.html> for more information about checking conditional configuration
   = note: this warning originates in the macro `read_csr_rv32` which comes from the expansion of the macro `regh` (in Nightly builds, run with -Z macro-backtrace for more info)

warning: unexpected `cfg` condition name: `riscv32`
  --> /home/hwt/桌面/sources/实验和项目类/os区域赛/rcore-lab/vendor/riscv/src/register/macros.rs:52:27
   |
52 |                 #[cfg(not(riscv32))]
   |                           ^^^^^^^ help: there is a config with a similar name: `riscv`
   |
  ::: /home/hwt/桌面/sources/实验和项目类/os区域赛/rcore-lab/vendor/riscv/src/register/hpmcounterx.rs:75:1
   |
75 | regh!(0xC98, hpmcounter24h, __read_hpmcounter24h, __write_hpmcounter24h);
   | ------------------------------------------------------------------------ in this macro invocation
   |
   = help: consider using a Cargo feature instead
   = help: or consider adding in `Cargo.toml` the `check-cfg` lint config for the lint:
            [lints.rust]
            unexpected_cfgs = { level = "warn", check-cfg = ['cfg(riscv32)'] }
   = help: or consider adding `println!("cargo::rustc-check-cfg=cfg(riscv32)");` to the top of the `build.rs`
   = note: see <https://doc.rust-lang.org/nightly/rustc/check-cfg/cargo-specifics.html> for more information about checking conditional configuration
   = note: this warning originates in the macro `read_csr_rv32` which comes from the expansion of the macro `regh` (in Nightly builds, run with -Z macro-backtrace for more info)

warning: unexpected `cfg` condition name: `riscv32`
  --> /home/hwt/桌面/sources/实验和项目类/os区域赛/rcore-lab/vendor/riscv/src/register/macros.rs:36:27
   |
36 |                 #[cfg(all(riscv32, feature = "inline-asm"))]
   |                           ^^^^^^^ help: there is a config with a similar name: `riscv`
   |
  ::: /home/hwt/桌面/sources/实验和项目类/os区域赛/rcore-lab/vendor/riscv/src/register/hpmcounterx.rs:76:1
   |
76 | regh!(0xC99, hpmcounter25h, __read_hpmcounter25h, __write_hpmcounter25h);
   | ------------------------------------------------------------------------ in this macro invocation
   |
   = help: consider using a Cargo feature instead
   = help: or consider adding in `Cargo.toml` the `check-cfg` lint config for the lint:
            [lints.rust]
            unexpected_cfgs = { level = "warn", check-cfg = ['cfg(riscv32)'] }
   = help: or consider adding `println!("cargo::rustc-check-cfg=cfg(riscv32)");` to the top of the `build.rs`
   = note: see <https://doc.rust-lang.org/nightly/rustc/check-cfg/cargo-specifics.html> for more information about checking conditional configuration
   = note: this warning originates in the macro `read_csr_rv32` which comes from the expansion of the macro `regh` (in Nightly builds, run with -Z macro-backtrace for more info)

warning: unexpected `cfg` condition name: `riscv32`
  --> /home/hwt/桌面/sources/实验和项目类/os区域赛/rcore-lab/vendor/riscv/src/register/macros.rs:43:27
   |
43 |                 #[cfg(all(riscv32, not(feature = "inline-asm")))]
   |                           ^^^^^^^ help: there is a config with a similar name: `riscv`
   |
  ::: /home/hwt/桌面/sources/实验和项目类/os区域赛/rcore-lab/vendor/riscv/src/register/hpmcounterx.rs:76:1
   |
76 | regh!(0xC99, hpmcounter25h, __read_hpmcounter25h, __write_hpmcounter25h);
   | ------------------------------------------------------------------------ in this macro invocation
   |
   = help: consider using a Cargo feature instead
   = help: or consider adding in `Cargo.toml` the `check-cfg` lint config for the lint:
            [lints.rust]
            unexpected_cfgs = { level = "warn", check-cfg = ['cfg(riscv32)'] }
   = help: or consider adding `println!("cargo::rustc-check-cfg=cfg(riscv32)");` to the top of the `build.rs`
   = note: see <https://doc.rust-lang.org/nightly/rustc/check-cfg/cargo-specifics.html> for more information about checking conditional configuration
   = note: this warning originates in the macro `read_csr_rv32` which comes from the expansion of the macro `regh` (in Nightly builds, run with -Z macro-backtrace for more info)

warning: unexpected `cfg` condition name: `riscv32`
  --> /home/hwt/桌面/sources/实验和项目类/os区域赛/rcore-lab/vendor/riscv/src/register/macros.rs:52:27
   |
52 |                 #[cfg(not(riscv32))]
   |                           ^^^^^^^ help: there is a config with a similar name: `riscv`
   |
  ::: /home/hwt/桌面/sources/实验和项目类/os区域赛/rcore-lab/vendor/riscv/src/register/hpmcounterx.rs:76:1
   |
76 | regh!(0xC99, hpmcounter25h, __read_hpmcounter25h, __write_hpmcounter25h);
   | ------------------------------------------------------------------------ in this macro invocation
   |
   = help: consider using a Cargo feature instead
   = help: or consider adding in `Cargo.toml` the `check-cfg` lint config for the lint:
            [lints.rust]
            unexpected_cfgs = { level = "warn", check-cfg = ['cfg(riscv32)'] }
   = help: or consider adding `println!("cargo::rustc-check-cfg=cfg(riscv32)");` to the top of the `build.rs`
   = note: see <https://doc.rust-lang.org/nightly/rustc/check-cfg/cargo-specifics.html> for more information about checking conditional configuration
   = note: this warning originates in the macro `read_csr_rv32` which comes from the expansion of the macro `regh` (in Nightly builds, run with -Z macro-backtrace for more info)

warning: unexpected `cfg` condition name: `riscv32`
  --> /home/hwt/桌面/sources/实验和项目类/os区域赛/rcore-lab/vendor/riscv/src/register/macros.rs:36:27
   |
36 |                 #[cfg(all(riscv32, feature = "inline-asm"))]
   |                           ^^^^^^^ help: there is a config with a similar name: `riscv`
   |
  ::: /home/hwt/桌面/sources/实验和项目类/os区域赛/rcore-lab/vendor/riscv/src/register/hpmcounterx.rs:77:1
   |
77 | regh!(0xC9A, hpmcounter26h, __read_hpmcounter26h, __write_hpmcounter26h);
   | ------------------------------------------------------------------------ in this macro invocation
   |
   = help: consider using a Cargo feature instead
   = help: or consider adding in `Cargo.toml` the `check-cfg` lint config for the lint:
            [lints.rust]
            unexpected_cfgs = { level = "warn", check-cfg = ['cfg(riscv32)'] }
   = help: or consider adding `println!("cargo::rustc-check-cfg=cfg(riscv32)");` to the top of the `build.rs`
   = note: see <https://doc.rust-lang.org/nightly/rustc/check-cfg/cargo-specifics.html> for more information about checking conditional configuration
   = note: this warning originates in the macro `read_csr_rv32` which comes from the expansion of the macro `regh` (in Nightly builds, run with -Z macro-backtrace for more info)

warning: unexpected `cfg` condition name: `riscv32`
  --> /home/hwt/桌面/sources/实验和项目类/os区域赛/rcore-lab/vendor/riscv/src/register/macros.rs:43:27
   |
43 |                 #[cfg(all(riscv32, not(feature = "inline-asm")))]
   |                           ^^^^^^^ help: there is a config with a similar name: `riscv`
   |
  ::: /home/hwt/桌面/sources/实验和项目类/os区域赛/rcore-lab/vendor/riscv/src/register/hpmcounterx.rs:77:1
   |
77 | regh!(0xC9A, hpmcounter26h, __read_hpmcounter26h, __write_hpmcounter26h);
   | ------------------------------------------------------------------------ in this macro invocation
   |
   = help: consider using a Cargo feature instead
   = help: or consider adding in `Cargo.toml` the `check-cfg` lint config for the lint:
            [lints.rust]
            unexpected_cfgs = { level = "warn", check-cfg = ['cfg(riscv32)'] }
   = help: or consider adding `println!("cargo::rustc-check-cfg=cfg(riscv32)");` to the top of the `build.rs`
   = note: see <https://doc.rust-lang.org/nightly/rustc/check-cfg/cargo-specifics.html> for more information about checking conditional configuration
   = note: this warning originates in the macro `read_csr_rv32` which comes from the expansion of the macro `regh` (in Nightly builds, run with -Z macro-backtrace for more info)

warning: unexpected `cfg` condition name: `riscv32`
  --> /home/hwt/桌面/sources/实验和项目类/os区域赛/rcore-lab/vendor/riscv/src/register/macros.rs:52:27
   |
52 |                 #[cfg(not(riscv32))]
   |                           ^^^^^^^ help: there is a config with a similar name: `riscv`
   |
  ::: /home/hwt/桌面/sources/实验和项目类/os区域赛/rcore-lab/vendor/riscv/src/register/hpmcounterx.rs:77:1
   |
77 | regh!(0xC9A, hpmcounter26h, __read_hpmcounter26h, __write_hpmcounter26h);
   | ------------------------------------------------------------------------ in this macro invocation
   |
   = help: consider using a Cargo feature instead
   = help: or consider adding in `Cargo.toml` the `check-cfg` lint config for the lint:
            [lints.rust]
            unexpected_cfgs = { level = "warn", check-cfg = ['cfg(riscv32)'] }
   = help: or consider adding `println!("cargo::rustc-check-cfg=cfg(riscv32)");` to the top of the `build.rs`
   = note: see <https://doc.rust-lang.org/nightly/rustc/check-cfg/cargo-specifics.html> for more information about checking conditional configuration
   = note: this warning originates in the macro `read_csr_rv32` which comes from the expansion of the macro `regh` (in Nightly builds, run with -Z macro-backtrace for more info)

warning: unexpected `cfg` condition name: `riscv32`
  --> /home/hwt/桌面/sources/实验和项目类/os区域赛/rcore-lab/vendor/riscv/src/register/macros.rs:36:27
   |
36 |                 #[cfg(all(riscv32, feature = "inline-asm"))]
   |                           ^^^^^^^ help: there is a config with a similar name: `riscv`
   |
  ::: /home/hwt/桌面/sources/实验和项目类/os区域赛/rcore-lab/vendor/riscv/src/register/hpmcounterx.rs:78:1
   |
78 | regh!(0xC9B, hpmcounter27h, __read_hpmcounter27h, __write_hpmcounter27h);
   | ------------------------------------------------------------------------ in this macro invocation
   |
   = help: consider using a Cargo feature instead
   = help: or consider adding in `Cargo.toml` the `check-cfg` lint config for the lint:
            [lints.rust]
            unexpected_cfgs = { level = "warn", check-cfg = ['cfg(riscv32)'] }
   = help: or consider adding `println!("cargo::rustc-check-cfg=cfg(riscv32)");` to the top of the `build.rs`
   = note: see <https://doc.rust-lang.org/nightly/rustc/check-cfg/cargo-specifics.html> for more information about checking conditional configuration
   = note: this warning originates in the macro `read_csr_rv32` which comes from the expansion of the macro `regh` (in Nightly builds, run with -Z macro-backtrace for more info)

warning: unexpected `cfg` condition name: `riscv32`
  --> /home/hwt/桌面/sources/实验和项目类/os区域赛/rcore-lab/vendor/riscv/src/register/macros.rs:43:27
   |
43 |                 #[cfg(all(riscv32, not(feature = "inline-asm")))]
   |                           ^^^^^^^ help: there is a config with a similar name: `riscv`
   |
  ::: /home/hwt/桌面/sources/实验和项目类/os区域赛/rcore-lab/vendor/riscv/src/register/hpmcounterx.rs:78:1
   |
78 | regh!(0xC9B, hpmcounter27h, __read_hpmcounter27h, __write_hpmcounter27h);
   | ------------------------------------------------------------------------ in this macro invocation
   |
   = help: consider using a Cargo feature instead
   = help: or consider adding in `Cargo.toml` the `check-cfg` lint config for the lint:
            [lints.rust]
            unexpected_cfgs = { level = "warn", check-cfg = ['cfg(riscv32)'] }
   = help: or consider adding `println!("cargo::rustc-check-cfg=cfg(riscv32)");` to the top of the `build.rs`
   = note: see <https://doc.rust-lang.org/nightly/rustc/check-cfg/cargo-specifics.html> for more information about checking conditional configuration
   = note: this warning originates in the macro `read_csr_rv32` which comes from the expansion of the macro `regh` (in Nightly builds, run with -Z macro-backtrace for more info)

warning: unexpected `cfg` condition name: `riscv32`
  --> /home/hwt/桌面/sources/实验和项目类/os区域赛/rcore-lab/vendor/riscv/src/register/macros.rs:52:27
   |
52 |                 #[cfg(not(riscv32))]
   |                           ^^^^^^^ help: there is a config with a similar name: `riscv`
   |
  ::: /home/hwt/桌面/sources/实验和项目类/os区域赛/rcore-lab/vendor/riscv/src/register/hpmcounterx.rs:78:1
   |
78 | regh!(0xC9B, hpmcounter27h, __read_hpmcounter27h, __write_hpmcounter27h);
   | ------------------------------------------------------------------------ in this macro invocation
   |
   = help: consider using a Cargo feature instead
   = help: or consider adding in `Cargo.toml` the `check-cfg` lint config for the lint:
            [lints.rust]
            unexpected_cfgs = { level = "warn", check-cfg = ['cfg(riscv32)'] }
   = help: or consider adding `println!("cargo::rustc-check-cfg=cfg(riscv32)");` to the top of the `build.rs`
   = note: see <https://doc.rust-lang.org/nightly/rustc/check-cfg/cargo-specifics.html> for more information about checking conditional configuration
   = note: this warning originates in the macro `read_csr_rv32` which comes from the expansion of the macro `regh` (in Nightly builds, run with -Z macro-backtrace for more info)

warning: unexpected `cfg` condition name: `riscv32`
  --> /home/hwt/桌面/sources/实验和项目类/os区域赛/rcore-lab/vendor/riscv/src/register/macros.rs:36:27
   |
36 |                 #[cfg(all(riscv32, feature = "inline-asm"))]
   |                           ^^^^^^^ help: there is a config with a similar name: `riscv`
   |
  ::: /home/hwt/桌面/sources/实验和项目类/os区域赛/rcore-lab/vendor/riscv/src/register/hpmcounterx.rs:79:1
   |
79 | regh!(0xC9C, hpmcounter28h, __read_hpmcounter28h, __write_hpmcounter28h);
   | ------------------------------------------------------------------------ in this macro invocation
   |
   = help: consider using a Cargo feature instead
   = help: or consider adding in `Cargo.toml` the `check-cfg` lint config for the lint:
            [lints.rust]
            unexpected_cfgs = { level = "warn", check-cfg = ['cfg(riscv32)'] }
   = help: or consider adding `println!("cargo::rustc-check-cfg=cfg(riscv32)");` to the top of the `build.rs`
   = note: see <https://doc.rust-lang.org/nightly/rustc/check-cfg/cargo-specifics.html> for more information about checking conditional configuration
   = note: this warning originates in the macro `read_csr_rv32` which comes from the expansion of the macro `regh` (in Nightly builds, run with -Z macro-backtrace for more info)

warning: unexpected `cfg` condition name: `riscv32`
  --> /home/hwt/桌面/sources/实验和项目类/os区域赛/rcore-lab/vendor/riscv/src/register/macros.rs:43:27
   |
43 |                 #[cfg(all(riscv32, not(feature = "inline-asm")))]
   |                           ^^^^^^^ help: there is a config with a similar name: `riscv`
   |
  ::: /home/hwt/桌面/sources/实验和项目类/os区域赛/rcore-lab/vendor/riscv/src/register/hpmcounterx.rs:79:1
   |
79 | regh!(0xC9C, hpmcounter28h, __read_hpmcounter28h, __write_hpmcounter28h);
   | ------------------------------------------------------------------------ in this macro invocation
   |
   = help: consider using a Cargo feature instead
   = help: or consider adding in `Cargo.toml` the `check-cfg` lint config for the lint:
            [lints.rust]
            unexpected_cfgs = { level = "warn", check-cfg = ['cfg(riscv32)'] }
   = help: or consider adding `println!("cargo::rustc-check-cfg=cfg(riscv32)");` to the top of the `build.rs`
   = note: see <https://doc.rust-lang.org/nightly/rustc/check-cfg/cargo-specifics.html> for more information about checking conditional configuration
   = note: this warning originates in the macro `read_csr_rv32` which comes from the expansion of the macro `regh` (in Nightly builds, run with -Z macro-backtrace for more info)

warning: unexpected `cfg` condition name: `riscv32`
  --> /home/hwt/桌面/sources/实验和项目类/os区域赛/rcore-lab/vendor/riscv/src/register/macros.rs:52:27
   |
52 |                 #[cfg(not(riscv32))]
   |                           ^^^^^^^ help: there is a config with a similar name: `riscv`
   |
  ::: /home/hwt/桌面/sources/实验和项目类/os区域赛/rcore-lab/vendor/riscv/src/register/hpmcounterx.rs:79:1
   |
79 | regh!(0xC9C, hpmcounter28h, __read_hpmcounter28h, __write_hpmcounter28h);
   | ------------------------------------------------------------------------ in this macro invocation
   |
   = help: consider using a Cargo feature instead
   = help: or consider adding in `Cargo.toml` the `check-cfg` lint config for the lint:
            [lints.rust]
            unexpected_cfgs = { level = "warn", check-cfg = ['cfg(riscv32)'] }
   = help: or consider adding `println!("cargo::rustc-check-cfg=cfg(riscv32)");` to the top of the `build.rs`
   = note: see <https://doc.rust-lang.org/nightly/rustc/check-cfg/cargo-specifics.html> for more information about checking conditional configuration
   = note: this warning originates in the macro `read_csr_rv32` which comes from the expansion of the macro `regh` (in Nightly builds, run with -Z macro-backtrace for more info)

warning: unexpected `cfg` condition name: `riscv32`
  --> /home/hwt/桌面/sources/实验和项目类/os区域赛/rcore-lab/vendor/riscv/src/register/macros.rs:36:27
   |
36 |                 #[cfg(all(riscv32, feature = "inline-asm"))]
   |                           ^^^^^^^ help: there is a config with a similar name: `riscv`
   |
  ::: /home/hwt/桌面/sources/实验和项目类/os区域赛/rcore-lab/vendor/riscv/src/register/hpmcounterx.rs:80:1
   |
80 | regh!(0xC9D, hpmcounter29h, __read_hpmcounter29h, __write_hpmcounter29h);
   | ------------------------------------------------------------------------ in this macro invocation
   |
   = help: consider using a Cargo feature instead
   = help: or consider adding in `Cargo.toml` the `check-cfg` lint config for the lint:
            [lints.rust]
            unexpected_cfgs = { level = "warn", check-cfg = ['cfg(riscv32)'] }
   = help: or consider adding `println!("cargo::rustc-check-cfg=cfg(riscv32)");` to the top of the `build.rs`
   = note: see <https://doc.rust-lang.org/nightly/rustc/check-cfg/cargo-specifics.html> for more information about checking conditional configuration
   = note: this warning originates in the macro `read_csr_rv32` which comes from the expansion of the macro `regh` (in Nightly builds, run with -Z macro-backtrace for more info)

warning: unexpected `cfg` condition name: `riscv32`
  --> /home/hwt/桌面/sources/实验和项目类/os区域赛/rcore-lab/vendor/riscv/src/register/macros.rs:43:27
   |
43 |                 #[cfg(all(riscv32, not(feature = "inline-asm")))]
   |                           ^^^^^^^ help: there is a config with a similar name: `riscv`
   |
  ::: /home/hwt/桌面/sources/实验和项目类/os区域赛/rcore-lab/vendor/riscv/src/register/hpmcounterx.rs:80:1
   |
80 | regh!(0xC9D, hpmcounter29h, __read_hpmcounter29h, __write_hpmcounter29h);
   | ------------------------------------------------------------------------ in this macro invocation
   |
   = help: consider using a Cargo feature instead
   = help: or consider adding in `Cargo.toml` the `check-cfg` lint config for the lint:
            [lints.rust]
            unexpected_cfgs = { level = "warn", check-cfg = ['cfg(riscv32)'] }
   = help: or consider adding `println!("cargo::rustc-check-cfg=cfg(riscv32)");` to the top of the `build.rs`
   = note: see <https://doc.rust-lang.org/nightly/rustc/check-cfg/cargo-specifics.html> for more information about checking conditional configuration
   = note: this warning originates in the macro `read_csr_rv32` which comes from the expansion of the macro `regh` (in Nightly builds, run with -Z macro-backtrace for more info)

warning: unexpected `cfg` condition name: `riscv32`
  --> /home/hwt/桌面/sources/实验和项目类/os区域赛/rcore-lab/vendor/riscv/src/register/macros.rs:52:27
   |
52 |                 #[cfg(not(riscv32))]
   |                           ^^^^^^^ help: there is a config with a similar name: `riscv`
   |
  ::: /home/hwt/桌面/sources/实验和项目类/os区域赛/rcore-lab/vendor/riscv/src/register/hpmcounterx.rs:80:1
   |
80 | regh!(0xC9D, hpmcounter29h, __read_hpmcounter29h, __write_hpmcounter29h);
   | ------------------------------------------------------------------------ in this macro invocation
   |
   = help: consider using a Cargo feature instead
   = help: or consider adding in `Cargo.toml` the `check-cfg` lint config for the lint:
            [lints.rust]
            unexpected_cfgs = { level = "warn", check-cfg = ['cfg(riscv32)'] }
   = help: or consider adding `println!("cargo::rustc-check-cfg=cfg(riscv32)");` to the top of the `build.rs`
   = note: see <https://doc.rust-lang.org/nightly/rustc/check-cfg/cargo-specifics.html> for more information about checking conditional configuration
   = note: this warning originates in the macro `read_csr_rv32` which comes from the expansion of the macro `regh` (in Nightly builds, run with -Z macro-backtrace for more info)

warning: unexpected `cfg` condition name: `riscv32`
  --> /home/hwt/桌面/sources/实验和项目类/os区域赛/rcore-lab/vendor/riscv/src/register/macros.rs:36:27
   |
36 |                 #[cfg(all(riscv32, feature = "inline-asm"))]
   |                           ^^^^^^^ help: there is a config with a similar name: `riscv`
   |
  ::: /home/hwt/桌面/sources/实验和项目类/os区域赛/rcore-lab/vendor/riscv/src/register/hpmcounterx.rs:81:1
   |
81 | regh!(0xC9E, hpmcounter30h, __read_hpmcounter30h, __write_hpmcounter30h);
   | ------------------------------------------------------------------------ in this macro invocation
   |
   = help: consider using a Cargo feature instead
   = help: or consider adding in `Cargo.toml` the `check-cfg` lint config for the lint:
            [lints.rust]
            unexpected_cfgs = { level = "warn", check-cfg = ['cfg(riscv32)'] }
   = help: or consider adding `println!("cargo::rustc-check-cfg=cfg(riscv32)");` to the top of the `build.rs`
   = note: see <https://doc.rust-lang.org/nightly/rustc/check-cfg/cargo-specifics.html> for more information about checking conditional configuration
   = note: this warning originates in the macro `read_csr_rv32` which comes from the expansion of the macro `regh` (in Nightly builds, run with -Z macro-backtrace for more info)

warning: unexpected `cfg` condition name: `riscv32`
  --> /home/hwt/桌面/sources/实验和项目类/os区域赛/rcore-lab/vendor/riscv/src/register/macros.rs:43:27
   |
43 |                 #[cfg(all(riscv32, not(feature = "inline-asm")))]
   |                           ^^^^^^^ help: there is a config with a similar name: `riscv`
   |
  ::: /home/hwt/桌面/sources/实验和项目类/os区域赛/rcore-lab/vendor/riscv/src/register/hpmcounterx.rs:81:1
   |
81 | regh!(0xC9E, hpmcounter30h, __read_hpmcounter30h, __write_hpmcounter30h);
   | ------------------------------------------------------------------------ in this macro invocation
   |
   = help: consider using a Cargo feature instead
   = help: or consider adding in `Cargo.toml` the `check-cfg` lint config for the lint:
            [lints.rust]
            unexpected_cfgs = { level = "warn", check-cfg = ['cfg(riscv32)'] }
   = help: or consider adding `println!("cargo::rustc-check-cfg=cfg(riscv32)");` to the top of the `build.rs`
   = note: see <https://doc.rust-lang.org/nightly/rustc/check-cfg/cargo-specifics.html> for more information about checking conditional configuration
   = note: this warning originates in the macro `read_csr_rv32` which comes from the expansion of the macro `regh` (in Nightly builds, run with -Z macro-backtrace for more info)

warning: unexpected `cfg` condition name: `riscv32`
  --> /home/hwt/桌面/sources/实验和项目类/os区域赛/rcore-lab/vendor/riscv/src/register/macros.rs:52:27
   |
52 |                 #[cfg(not(riscv32))]
   |                           ^^^^^^^ help: there is a config with a similar name: `riscv`
   |
  ::: /home/hwt/桌面/sources/实验和项目类/os区域赛/rcore-lab/vendor/riscv/src/register/hpmcounterx.rs:81:1
   |
81 | regh!(0xC9E, hpmcounter30h, __read_hpmcounter30h, __write_hpmcounter30h);
   | ------------------------------------------------------------------------ in this macro invocation
   |
   = help: consider using a Cargo feature instead
   = help: or consider adding in `Cargo.toml` the `check-cfg` lint config for the lint:
            [lints.rust]
            unexpected_cfgs = { level = "warn", check-cfg = ['cfg(riscv32)'] }
   = help: or consider adding `println!("cargo::rustc-check-cfg=cfg(riscv32)");` to the top of the `build.rs`
   = note: see <https://doc.rust-lang.org/nightly/rustc/check-cfg/cargo-specifics.html> for more information about checking conditional configuration
   = note: this warning originates in the macro `read_csr_rv32` which comes from the expansion of the macro `regh` (in Nightly builds, run with -Z macro-backtrace for more info)

warning: unexpected `cfg` condition name: `riscv32`
  --> /home/hwt/桌面/sources/实验和项目类/os区域赛/rcore-lab/vendor/riscv/src/register/macros.rs:36:27
   |
36 |                 #[cfg(all(riscv32, feature = "inline-asm"))]
   |                           ^^^^^^^ help: there is a config with a similar name: `riscv`
   |
  ::: /home/hwt/桌面/sources/实验和项目类/os区域赛/rcore-lab/vendor/riscv/src/register/hpmcounterx.rs:82:1
   |
82 | regh!(0xC9F, hpmcounter31h, __read_hpmcounter31h, __write_hpmcounter31h);
   | ------------------------------------------------------------------------ in this macro invocation
   |
   = help: consider using a Cargo feature instead
   = help: or consider adding in `Cargo.toml` the `check-cfg` lint config for the lint:
            [lints.rust]
            unexpected_cfgs = { level = "warn", check-cfg = ['cfg(riscv32)'] }
   = help: or consider adding `println!("cargo::rustc-check-cfg=cfg(riscv32)");` to the top of the `build.rs`
   = note: see <https://doc.rust-lang.org/nightly/rustc/check-cfg/cargo-specifics.html> for more information about checking conditional configuration
   = note: this warning originates in the macro `read_csr_rv32` which comes from the expansion of the macro `regh` (in Nightly builds, run with -Z macro-backtrace for more info)

warning: unexpected `cfg` condition name: `riscv32`
  --> /home/hwt/桌面/sources/实验和项目类/os区域赛/rcore-lab/vendor/riscv/src/register/macros.rs:43:27
   |
43 |                 #[cfg(all(riscv32, not(feature = "inline-asm")))]
   |                           ^^^^^^^ help: there is a config with a similar name: `riscv`
   |
  ::: /home/hwt/桌面/sources/实验和项目类/os区域赛/rcore-lab/vendor/riscv/src/register/hpmcounterx.rs:82:1
   |
82 | regh!(0xC9F, hpmcounter31h, __read_hpmcounter31h, __write_hpmcounter31h);
   | ------------------------------------------------------------------------ in this macro invocation
   |
   = help: consider using a Cargo feature instead
   = help: or consider adding in `Cargo.toml` the `check-cfg` lint config for the lint:
            [lints.rust]
            unexpected_cfgs = { level = "warn", check-cfg = ['cfg(riscv32)'] }
   = help: or consider adding `println!("cargo::rustc-check-cfg=cfg(riscv32)");` to the top of the `build.rs`
   = note: see <https://doc.rust-lang.org/nightly/rustc/check-cfg/cargo-specifics.html> for more information about checking conditional configuration
   = note: this warning originates in the macro `read_csr_rv32` which comes from the expansion of the macro `regh` (in Nightly builds, run with -Z macro-backtrace for more info)

warning: unexpected `cfg` condition name: `riscv32`
  --> /home/hwt/桌面/sources/实验和项目类/os区域赛/rcore-lab/vendor/riscv/src/register/macros.rs:52:27
   |
52 |                 #[cfg(not(riscv32))]
   |                           ^^^^^^^ help: there is a config with a similar name: `riscv`
   |
  ::: /home/hwt/桌面/sources/实验和项目类/os区域赛/rcore-lab/vendor/riscv/src/register/hpmcounterx.rs:82:1
   |
82 | regh!(0xC9F, hpmcounter31h, __read_hpmcounter31h, __write_hpmcounter31h);
   | ------------------------------------------------------------------------ in this macro invocation
   |
   = help: consider using a Cargo feature instead
   = help: or consider adding in `Cargo.toml` the `check-cfg` lint config for the lint:
            [lints.rust]
            unexpected_cfgs = { level = "warn", check-cfg = ['cfg(riscv32)'] }
   = help: or consider adding `println!("cargo::rustc-check-cfg=cfg(riscv32)");` to the top of the `build.rs`
   = note: see <https://doc.rust-lang.org/nightly/rustc/check-cfg/cargo-specifics.html> for more information about checking conditional configuration
   = note: this warning originates in the macro `read_csr_rv32` which comes from the expansion of the macro `regh` (in Nightly builds, run with -Z macro-backtrace for more info)

warning: unexpected `cfg` condition name: `riscv32`
  --> /home/hwt/桌面/sources/实验和项目类/os区域赛/rcore-lab/vendor/riscv/src/register/macros.rs:36:27
   |
36 |                 #[cfg(all(riscv32, feature = "inline-asm"))]
   |                           ^^^^^^^ help: there is a config with a similar name: `riscv`
   |
  ::: /home/hwt/桌面/sources/实验和项目类/os区域赛/rcore-lab/vendor/riscv/src/register/timeh.rs:3:1
   |
3  | read_csr_as_usize_rv32!(0xC81, __read_timeh);
   | -------------------------------------------- in this macro invocation
   |
   = help: consider using a Cargo feature instead
   = help: or consider adding in `Cargo.toml` the `check-cfg` lint config for the lint:
            [lints.rust]
            unexpected_cfgs = { level = "warn", check-cfg = ['cfg(riscv32)'] }
   = help: or consider adding `println!("cargo::rustc-check-cfg=cfg(riscv32)");` to the top of the `build.rs`
   = note: see <https://doc.rust-lang.org/nightly/rustc/check-cfg/cargo-specifics.html> for more information about checking conditional configuration
   = note: this warning originates in the macro `read_csr_rv32` which comes from the expansion of the macro `read_csr_as_usize_rv32` (in Nightly builds, run with -Z macro-backtrace for more info)

warning: unexpected `cfg` condition name: `riscv32`
  --> /home/hwt/桌面/sources/实验和项目类/os区域赛/rcore-lab/vendor/riscv/src/register/macros.rs:43:27
   |
43 |                 #[cfg(all(riscv32, not(feature = "inline-asm")))]
   |                           ^^^^^^^ help: there is a config with a similar name: `riscv`
   |
  ::: /home/hwt/桌面/sources/实验和项目类/os区域赛/rcore-lab/vendor/riscv/src/register/timeh.rs:3:1
   |
3  | read_csr_as_usize_rv32!(0xC81, __read_timeh);
   | -------------------------------------------- in this macro invocation
   |
   = help: consider using a Cargo feature instead
   = help: or consider adding in `Cargo.toml` the `check-cfg` lint config for the lint:
            [lints.rust]
            unexpected_cfgs = { level = "warn", check-cfg = ['cfg(riscv32)'] }
   = help: or consider adding `println!("cargo::rustc-check-cfg=cfg(riscv32)");` to the top of the `build.rs`
   = note: see <https://doc.rust-lang.org/nightly/rustc/check-cfg/cargo-specifics.html> for more information about checking conditional configuration
   = note: this warning originates in the macro `read_csr_rv32` which comes from the expansion of the macro `read_csr_as_usize_rv32` (in Nightly builds, run with -Z macro-backtrace for more info)

warning: unexpected `cfg` condition name: `riscv32`
  --> /home/hwt/桌面/sources/实验和项目类/os区域赛/rcore-lab/vendor/riscv/src/register/macros.rs:52:27
   |
52 |                 #[cfg(not(riscv32))]
   |                           ^^^^^^^ help: there is a config with a similar name: `riscv`
   |
  ::: /home/hwt/桌面/sources/实验和项目类/os区域赛/rcore-lab/vendor/riscv/src/register/timeh.rs:3:1
   |
3  | read_csr_as_usize_rv32!(0xC81, __read_timeh);
   | -------------------------------------------- in this macro invocation
   |
   = help: consider using a Cargo feature instead
   = help: or consider adding in `Cargo.toml` the `check-cfg` lint config for the lint:
            [lints.rust]
            unexpected_cfgs = { level = "warn", check-cfg = ['cfg(riscv32)'] }
   = help: or consider adding `println!("cargo::rustc-check-cfg=cfg(riscv32)");` to the top of the `build.rs`
   = note: see <https://doc.rust-lang.org/nightly/rustc/check-cfg/cargo-specifics.html> for more information about checking conditional configuration
   = note: this warning originates in the macro `read_csr_rv32` which comes from the expansion of the macro `read_csr_as_usize_rv32` (in Nightly builds, run with -Z macro-backtrace for more info)

warning: unexpected `cfg` condition name: `riscv32`
  --> /home/hwt/桌面/sources/实验和项目类/os区域赛/rcore-lab/vendor/riscv/src/register/satp.rs:81:7
   |
81 | #[cfg(riscv32)]
   |       ^^^^^^^ help: there is a config with a similar name: `riscv`
   |
   = help: consider using a Cargo feature instead
   = help: or consider adding in `Cargo.toml` the `check-cfg` lint config for the lint:
            [lints.rust]
            unexpected_cfgs = { level = "warn", check-cfg = ['cfg(riscv32)'] }
   = help: or consider adding `println!("cargo::rustc-check-cfg=cfg(riscv32)");` to the top of the `build.rs`
   = note: see <https://doc.rust-lang.org/nightly/rustc/check-cfg/cargo-specifics.html> for more information about checking conditional configuration

warning: unexpected `cfg` condition name: `riscv64`
  --> /home/hwt/桌面/sources/实验和项目类/os区域赛/rcore-lab/vendor/riscv/src/register/satp.rs:88:7
   |
88 | #[cfg(riscv64)]
   |       ^^^^^^^ help: there is a config with a similar name: `riscv`
   |
   = help: consider using a Cargo feature instead
   = help: or consider adding in `Cargo.toml` the `check-cfg` lint config for the lint:
            [lints.rust]
            unexpected_cfgs = { level = "warn", check-cfg = ['cfg(riscv64)'] }
   = help: or consider adding `println!("cargo::rustc-check-cfg=cfg(riscv64)");` to the top of the `build.rs`
   = note: see <https://doc.rust-lang.org/nightly/rustc/check-cfg/cargo-specifics.html> for more information about checking conditional configuration

warning: unexpected `cfg` condition name: `riscv32`
   --> /home/hwt/桌面/sources/实验和项目类/os区域赛/rcore-lab/vendor/riscv/src/register/satp.rs:102:7
    |
102 | #[cfg(riscv32)]
    |       ^^^^^^^ help: there is a config with a similar name: `riscv`
    |
    = help: consider using a Cargo feature instead
    = help: or consider adding in `Cargo.toml` the `check-cfg` lint config for the lint:
             [lints.rust]
             unexpected_cfgs = { level = "warn", check-cfg = ['cfg(riscv32)'] }
    = help: or consider adding `println!("cargo::rustc-check-cfg=cfg(riscv32)");` to the top of the `build.rs`
    = note: see <https://doc.rust-lang.org/nightly/rustc/check-cfg/cargo-specifics.html> for more information about checking conditional configuration

warning: unexpected `cfg` condition name: `riscv64`
   --> /home/hwt/桌面/sources/实验和项目类/os区域赛/rcore-lab/vendor/riscv/src/register/satp.rs:112:7
    |
112 | #[cfg(riscv64)]
    |       ^^^^^^^ help: there is a config with a similar name: `riscv`
    |
    = help: consider using a Cargo feature instead
    = help: or consider adding in `Cargo.toml` the `check-cfg` lint config for the lint:
             [lints.rust]
             unexpected_cfgs = { level = "warn", check-cfg = ['cfg(riscv64)'] }
    = help: or consider adding `println!("cargo::rustc-check-cfg=cfg(riscv64)");` to the top of the `build.rs`
    = note: see <https://doc.rust-lang.org/nightly/rustc/check-cfg/cargo-specifics.html> for more information about checking conditional configuration

warning: unexpected `cfg` condition name: `riscv32`
  --> /home/hwt/桌面/sources/实验和项目类/os区域赛/rcore-lab/vendor/riscv/src/register/satp.rs:23:11
   |
23 |     #[cfg(riscv32)]
   |           ^^^^^^^ help: there is a config with a similar name: `riscv`
   |
   = help: consider using a Cargo feature instead
   = help: or consider adding in `Cargo.toml` the `check-cfg` lint config for the lint:
            [lints.rust]
            unexpected_cfgs = { level = "warn", check-cfg = ['cfg(riscv32)'] }
   = help: or consider adding `println!("cargo::rustc-check-cfg=cfg(riscv32)");` to the top of the `build.rs`
   = note: see <https://doc.rust-lang.org/nightly/rustc/check-cfg/cargo-specifics.html> for more information about checking conditional configuration

warning: unexpected `cfg` condition name: `riscv64`
  --> /home/hwt/桌面/sources/实验和项目类/os区域赛/rcore-lab/vendor/riscv/src/register/satp.rs:33:11
   |
33 |     #[cfg(riscv64)]
   |           ^^^^^^^ help: there is a config with a similar name: `riscv`
   |
   = help: consider using a Cargo feature instead
   = help: or consider adding in `Cargo.toml` the `check-cfg` lint config for the lint:
            [lints.rust]
            unexpected_cfgs = { level = "warn", check-cfg = ['cfg(riscv64)'] }
   = help: or consider adding `println!("cargo::rustc-check-cfg=cfg(riscv64)");` to the top of the `build.rs`
   = note: see <https://doc.rust-lang.org/nightly/rustc/check-cfg/cargo-specifics.html> for more information about checking conditional configuration

warning: unexpected `cfg` condition name: `riscv32`
  --> /home/hwt/桌面/sources/实验和项目类/os区域赛/rcore-lab/vendor/riscv/src/register/satp.rs:47:11
   |
47 |     #[cfg(riscv32)]
   |           ^^^^^^^ help: there is a config with a similar name: `riscv`
   |
   = help: consider using a Cargo feature instead
   = help: or consider adding in `Cargo.toml` the `check-cfg` lint config for the lint:
            [lints.rust]
            unexpected_cfgs = { level = "warn", check-cfg = ['cfg(riscv32)'] }
   = help: or consider adding `println!("cargo::rustc-check-cfg=cfg(riscv32)");` to the top of the `build.rs`
   = note: see <https://doc.rust-lang.org/nightly/rustc/check-cfg/cargo-specifics.html> for more information about checking conditional configuration

warning: unexpected `cfg` condition name: `riscv64`
  --> /home/hwt/桌面/sources/实验和项目类/os区域赛/rcore-lab/vendor/riscv/src/register/satp.rs:54:11
   |
54 |     #[cfg(riscv64)]
   |           ^^^^^^^ help: there is a config with a similar name: `riscv`
   |
   = help: consider using a Cargo feature instead
   = help: or consider adding in `Cargo.toml` the `check-cfg` lint config for the lint:
            [lints.rust]
            unexpected_cfgs = { level = "warn", check-cfg = ['cfg(riscv64)'] }
   = help: or consider adding `println!("cargo::rustc-check-cfg=cfg(riscv64)");` to the top of the `build.rs`
   = note: see <https://doc.rust-lang.org/nightly/rustc/check-cfg/cargo-specifics.html> for more information about checking conditional configuration

warning: unexpected `cfg` condition name: `riscv32`
  --> /home/hwt/桌面/sources/实验和项目类/os区域赛/rcore-lab/vendor/riscv/src/register/satp.rs:61:11
   |
61 |     #[cfg(riscv32)]
   |           ^^^^^^^ help: there is a config with a similar name: `riscv`
   |
   = help: consider using a Cargo feature instead
   = help: or consider adding in `Cargo.toml` the `check-cfg` lint config for the lint:
            [lints.rust]
            unexpected_cfgs = { level = "warn", check-cfg = ['cfg(riscv32)'] }
   = help: or consider adding `println!("cargo::rustc-check-cfg=cfg(riscv32)");` to the top of the `build.rs`
   = note: see <https://doc.rust-lang.org/nightly/rustc/check-cfg/cargo-specifics.html> for more information about checking conditional configuration

warning: unexpected `cfg` condition name: `riscv64`
  --> /home/hwt/桌面/sources/实验和项目类/os区域赛/rcore-lab/vendor/riscv/src/register/satp.rs:68:11
   |
68 |     #[cfg(riscv64)]
   |           ^^^^^^^ help: there is a config with a similar name: `riscv`
   |
   = help: consider using a Cargo feature instead
   = help: or consider adding in `Cargo.toml` the `check-cfg` lint config for the lint:
            [lints.rust]
            unexpected_cfgs = { level = "warn", check-cfg = ['cfg(riscv64)'] }
   = help: or consider adding `println!("cargo::rustc-check-cfg=cfg(riscv64)");` to the top of the `build.rs`
   = note: see <https://doc.rust-lang.org/nightly/rustc/check-cfg/cargo-specifics.html> for more information about checking conditional configuration

warning: unexpected `cfg` condition value: `128`
   --> /home/hwt/桌面/sources/实验和项目类/os区域赛/rcore-lab/vendor/riscv/src/register/mcause.rs:103:19
    |
103 |             #[cfg(target_pointer_width = "128")]
    |                   ^^^^^^^^^^^^^^^^^^^^^^^^^^^^
    |
    = note: expected values for `target_pointer_width` are: `16`, `32`, and `64`
    = note: see <https://doc.rust-lang.org/nightly/rustc/check-cfg/cargo-specifics.html> for more information about checking conditional configuration

warning: unexpected `cfg` condition value: `128`
   --> /home/hwt/桌面/sources/实验和项目类/os区域赛/rcore-lab/vendor/riscv/src/register/mcause.rs:126:19
    |
126 |             #[cfg(target_pointer_width = "128")]
    |                   ^^^^^^^^^^^^^^^^^^^^^^^^^^^^
    |
    = note: expected values for `target_pointer_width` are: `16`, `32`, and `64`
    = note: see <https://doc.rust-lang.org/nightly/rustc/check-cfg/cargo-specifics.html> for more information about checking conditional configuration

warning: unexpected `cfg` condition name: `riscv32`
  --> /home/hwt/桌面/sources/实验和项目类/os区域赛/rcore-lab/vendor/riscv/src/register/macros.rs:36:27
   |
36 |                 #[cfg(all(riscv32, feature = "inline-asm"))]
   |                           ^^^^^^^ help: there is a config with a similar name: `riscv`
   |
  ::: /home/hwt/桌面/sources/实验和项目类/os区域赛/rcore-lab/vendor/riscv/src/register/pmpcfgx.rs:9:5
   |
9  |     read_csr_as_usize_rv32!(0x3A1, __read_pmpcfg1);
   |     ---------------------------------------------- in this macro invocation
   |
   = help: consider using a Cargo feature instead
   = help: or consider adding in `Cargo.toml` the `check-cfg` lint config for the lint:
            [lints.rust]
            unexpected_cfgs = { level = "warn", check-cfg = ['cfg(riscv32)'] }
   = help: or consider adding `println!("cargo::rustc-check-cfg=cfg(riscv32)");` to the top of the `build.rs`
   = note: see <https://doc.rust-lang.org/nightly/rustc/check-cfg/cargo-specifics.html> for more information about checking conditional configuration
   = note: this warning originates in the macro `read_csr_rv32` which comes from the expansion of the macro `read_csr_as_usize_rv32` (in Nightly builds, run with -Z macro-backtrace for more info)

warning: unexpected `cfg` condition name: `riscv32`
  --> /home/hwt/桌面/sources/实验和项目类/os区域赛/rcore-lab/vendor/riscv/src/register/macros.rs:43:27
   |
43 |                 #[cfg(all(riscv32, not(feature = "inline-asm")))]
   |                           ^^^^^^^ help: there is a config with a similar name: `riscv`
   |
  ::: /home/hwt/桌面/sources/实验和项目类/os区域赛/rcore-lab/vendor/riscv/src/register/pmpcfgx.rs:9:5
   |
9  |     read_csr_as_usize_rv32!(0x3A1, __read_pmpcfg1);
   |     ---------------------------------------------- in this macro invocation
   |
   = help: consider using a Cargo feature instead
   = help: or consider adding in `Cargo.toml` the `check-cfg` lint config for the lint:
            [lints.rust]
            unexpected_cfgs = { level = "warn", check-cfg = ['cfg(riscv32)'] }
   = help: or consider adding `println!("cargo::rustc-check-cfg=cfg(riscv32)");` to the top of the `build.rs`
   = note: see <https://doc.rust-lang.org/nightly/rustc/check-cfg/cargo-specifics.html> for more information about checking conditional configuration
   = note: this warning originates in the macro `read_csr_rv32` which comes from the expansion of the macro `read_csr_as_usize_rv32` (in Nightly builds, run with -Z macro-backtrace for more info)

warning: unexpected `cfg` condition name: `riscv32`
  --> /home/hwt/桌面/sources/实验和项目类/os区域赛/rcore-lab/vendor/riscv/src/register/macros.rs:52:27
   |
52 |                 #[cfg(not(riscv32))]
   |                           ^^^^^^^ help: there is a config with a similar name: `riscv`
   |
  ::: /home/hwt/桌面/sources/实验和项目类/os区域赛/rcore-lab/vendor/riscv/src/register/pmpcfgx.rs:9:5
   |
9  |     read_csr_as_usize_rv32!(0x3A1, __read_pmpcfg1);
   |     ---------------------------------------------- in this macro invocation
   |
   = help: consider using a Cargo feature instead
   = help: or consider adding in `Cargo.toml` the `check-cfg` lint config for the lint:
            [lints.rust]
            unexpected_cfgs = { level = "warn", check-cfg = ['cfg(riscv32)'] }
   = help: or consider adding `println!("cargo::rustc-check-cfg=cfg(riscv32)");` to the top of the `build.rs`
   = note: see <https://doc.rust-lang.org/nightly/rustc/check-cfg/cargo-specifics.html> for more information about checking conditional configuration
   = note: this warning originates in the macro `read_csr_rv32` which comes from the expansion of the macro `read_csr_as_usize_rv32` (in Nightly builds, run with -Z macro-backtrace for more info)

warning: unexpected `cfg` condition name: `riscv32`
   --> /home/hwt/桌面/sources/实验和项目类/os区域赛/rcore-lab/vendor/riscv/src/register/macros.rs:130:27
    |
130 |                 #[cfg(all(riscv32, feature = "inline-asm"))]
    |                           ^^^^^^^ help: there is a config with a similar name: `riscv`
    |
   ::: /home/hwt/桌面/sources/实验和项目类/os区域赛/rcore-lab/vendor/riscv/src/register/pmpcfgx.rs:10:5
    |
10  |     write_csr_as_usize_rv32!(0x3A1, __write_pmpcfg1);
    |     ------------------------------------------------ in this macro invocation
    |
    = help: consider using a Cargo feature instead
    = help: or consider adding in `Cargo.toml` the `check-cfg` lint config for the lint:
             [lints.rust]
             unexpected_cfgs = { level = "warn", check-cfg = ['cfg(riscv32)'] }
    = help: or consider adding `println!("cargo::rustc-check-cfg=cfg(riscv32)");` to the top of the `build.rs`
    = note: see <https://doc.rust-lang.org/nightly/rustc/check-cfg/cargo-specifics.html> for more information about checking conditional configuration
    = note: this warning originates in the macro `write_csr_rv32` which comes from the expansion of the macro `write_csr_as_usize_rv32` (in Nightly builds, run with -Z macro-backtrace for more info)

warning: unexpected `cfg` condition name: `riscv32`
   --> /home/hwt/桌面/sources/实验和项目类/os区域赛/rcore-lab/vendor/riscv/src/register/macros.rs:133:27
    |
133 |                 #[cfg(all(riscv32, not(feature = "inline-asm")))]
    |                           ^^^^^^^ help: there is a config with a similar name: `riscv`
    |
   ::: /home/hwt/桌面/sources/实验和项目类/os区域赛/rcore-lab/vendor/riscv/src/register/pmpcfgx.rs:10:5
    |
10  |     write_csr_as_usize_rv32!(0x3A1, __write_pmpcfg1);
    |     ------------------------------------------------ in this macro invocation
    |
    = help: consider using a Cargo feature instead
    = help: or consider adding in `Cargo.toml` the `check-cfg` lint config for the lint:
             [lints.rust]
             unexpected_cfgs = { level = "warn", check-cfg = ['cfg(riscv32)'] }
    = help: or consider adding `println!("cargo::rustc-check-cfg=cfg(riscv32)");` to the top of the `build.rs`
    = note: see <https://doc.rust-lang.org/nightly/rustc/check-cfg/cargo-specifics.html> for more information about checking conditional configuration
    = note: this warning originates in the macro `write_csr_rv32` which comes from the expansion of the macro `write_csr_as_usize_rv32` (in Nightly builds, run with -Z macro-backtrace for more info)

warning: unexpected `cfg` condition name: `riscv32`
   --> /home/hwt/桌面/sources/实验和项目类/os区域赛/rcore-lab/vendor/riscv/src/register/macros.rs:142:27
    |
142 |                 #[cfg(not(riscv32))]
    |                           ^^^^^^^ help: there is a config with a similar name: `riscv`
    |
   ::: /home/hwt/桌面/sources/实验和项目类/os区域赛/rcore-lab/vendor/riscv/src/register/pmpcfgx.rs:10:5
    |
10  |     write_csr_as_usize_rv32!(0x3A1, __write_pmpcfg1);
    |     ------------------------------------------------ in this macro invocation
    |
    = help: consider using a Cargo feature instead
    = help: or consider adding in `Cargo.toml` the `check-cfg` lint config for the lint:
             [lints.rust]
             unexpected_cfgs = { level = "warn", check-cfg = ['cfg(riscv32)'] }
    = help: or consider adding `println!("cargo::rustc-check-cfg=cfg(riscv32)");` to the top of the `build.rs`
    = note: see <https://doc.rust-lang.org/nightly/rustc/check-cfg/cargo-specifics.html> for more information about checking conditional configuration
    = note: this warning originates in the macro `write_csr_rv32` which comes from the expansion of the macro `write_csr_as_usize_rv32` (in Nightly builds, run with -Z macro-backtrace for more info)

warning: unexpected `cfg` condition name: `riscv32`
  --> /home/hwt/桌面/sources/实验和项目类/os区域赛/rcore-lab/vendor/riscv/src/register/macros.rs:36:27
   |
36 |                 #[cfg(all(riscv32, feature = "inline-asm"))]
   |                           ^^^^^^^ help: there is a config with a similar name: `riscv`
   |
  ::: /home/hwt/桌面/sources/实验和项目类/os区域赛/rcore-lab/vendor/riscv/src/register/pmpcfgx.rs:21:5
   |
21 |     read_csr_as_usize_rv32!(0x3A3, __read_pmpcfg3);
   |     ---------------------------------------------- in this macro invocation
   |
   = help: consider using a Cargo feature instead
   = help: or consider adding in `Cargo.toml` the `check-cfg` lint config for the lint:
            [lints.rust]
            unexpected_cfgs = { level = "warn", check-cfg = ['cfg(riscv32)'] }
   = help: or consider adding `println!("cargo::rustc-check-cfg=cfg(riscv32)");` to the top of the `build.rs`
   = note: see <https://doc.rust-lang.org/nightly/rustc/check-cfg/cargo-specifics.html> for more information about checking conditional configuration
   = note: this warning originates in the macro `read_csr_rv32` which comes from the expansion of the macro `read_csr_as_usize_rv32` (in Nightly builds, run with -Z macro-backtrace for more info)

warning: unexpected `cfg` condition name: `riscv32`
  --> /home/hwt/桌面/sources/实验和项目类/os区域赛/rcore-lab/vendor/riscv/src/register/macros.rs:43:27
   |
43 |                 #[cfg(all(riscv32, not(feature = "inline-asm")))]
   |                           ^^^^^^^ help: there is a config with a similar name: `riscv`
   |
  ::: /home/hwt/桌面/sources/实验和项目类/os区域赛/rcore-lab/vendor/riscv/src/register/pmpcfgx.rs:21:5
   |
21 |     read_csr_as_usize_rv32!(0x3A3, __read_pmpcfg3);
   |     ---------------------------------------------- in this macro invocation
   |
   = help: consider using a Cargo feature instead
   = help: or consider adding in `Cargo.toml` the `check-cfg` lint config for the lint:
            [lints.rust]
            unexpected_cfgs = { level = "warn", check-cfg = ['cfg(riscv32)'] }
   = help: or consider adding `println!("cargo::rustc-check-cfg=cfg(riscv32)");` to the top of the `build.rs`
   = note: see <https://doc.rust-lang.org/nightly/rustc/check-cfg/cargo-specifics.html> for more information about checking conditional configuration
   = note: this warning originates in the macro `read_csr_rv32` which comes from the expansion of the macro `read_csr_as_usize_rv32` (in Nightly builds, run with -Z macro-backtrace for more info)

warning: unexpected `cfg` condition name: `riscv32`
  --> /home/hwt/桌面/sources/实验和项目类/os区域赛/rcore-lab/vendor/riscv/src/register/macros.rs:52:27
   |
52 |                 #[cfg(not(riscv32))]
   |                           ^^^^^^^ help: there is a config with a similar name: `riscv`
   |
  ::: /home/hwt/桌面/sources/实验和项目类/os区域赛/rcore-lab/vendor/riscv/src/register/pmpcfgx.rs:21:5
   |
21 |     read_csr_as_usize_rv32!(0x3A3, __read_pmpcfg3);
   |     ---------------------------------------------- in this macro invocation
   |
   = help: consider using a Cargo feature instead
   = help: or consider adding in `Cargo.toml` the `check-cfg` lint config for the lint:
            [lints.rust]
            unexpected_cfgs = { level = "warn", check-cfg = ['cfg(riscv32)'] }
   = help: or consider adding `println!("cargo::rustc-check-cfg=cfg(riscv32)");` to the top of the `build.rs`
   = note: see <https://doc.rust-lang.org/nightly/rustc/check-cfg/cargo-specifics.html> for more information about checking conditional configuration
   = note: this warning originates in the macro `read_csr_rv32` which comes from the expansion of the macro `read_csr_as_usize_rv32` (in Nightly builds, run with -Z macro-backtrace for more info)

warning: unexpected `cfg` condition name: `riscv32`
   --> /home/hwt/桌面/sources/实验和项目类/os区域赛/rcore-lab/vendor/riscv/src/register/macros.rs:130:27
    |
130 |                 #[cfg(all(riscv32, feature = "inline-asm"))]
    |                           ^^^^^^^ help: there is a config with a similar name: `riscv`
    |
   ::: /home/hwt/桌面/sources/实验和项目类/os区域赛/rcore-lab/vendor/riscv/src/register/pmpcfgx.rs:22:5
    |
22  |     write_csr_as_usize_rv32!(0x3A3, __write_pmpcfg3);
    |     ------------------------------------------------ in this macro invocation
    |
    = help: consider using a Cargo feature instead
    = help: or consider adding in `Cargo.toml` the `check-cfg` lint config for the lint:
             [lints.rust]
             unexpected_cfgs = { level = "warn", check-cfg = ['cfg(riscv32)'] }
    = help: or consider adding `println!("cargo::rustc-check-cfg=cfg(riscv32)");` to the top of the `build.rs`
    = note: see <https://doc.rust-lang.org/nightly/rustc/check-cfg/cargo-specifics.html> for more information about checking conditional configuration
    = note: this warning originates in the macro `write_csr_rv32` which comes from the expansion of the macro `write_csr_as_usize_rv32` (in Nightly builds, run with -Z macro-backtrace for more info)

warning: unexpected `cfg` condition name: `riscv32`
   --> /home/hwt/桌面/sources/实验和项目类/os区域赛/rcore-lab/vendor/riscv/src/register/macros.rs:133:27
    |
133 |                 #[cfg(all(riscv32, not(feature = "inline-asm")))]
    |                           ^^^^^^^ help: there is a config with a similar name: `riscv`
    |
   ::: /home/hwt/桌面/sources/实验和项目类/os区域赛/rcore-lab/vendor/riscv/src/register/pmpcfgx.rs:22:5
    |
22  |     write_csr_as_usize_rv32!(0x3A3, __write_pmpcfg3);
    |     ------------------------------------------------ in this macro invocation
    |
    = help: consider using a Cargo feature instead
    = help: or consider adding in `Cargo.toml` the `check-cfg` lint config for the lint:
             [lints.rust]
             unexpected_cfgs = { level = "warn", check-cfg = ['cfg(riscv32)'] }
    = help: or consider adding `println!("cargo::rustc-check-cfg=cfg(riscv32)");` to the top of the `build.rs`
    = note: see <https://doc.rust-lang.org/nightly/rustc/check-cfg/cargo-specifics.html> for more information about checking conditional configuration
    = note: this warning originates in the macro `write_csr_rv32` which comes from the expansion of the macro `write_csr_as_usize_rv32` (in Nightly builds, run with -Z macro-backtrace for more info)

warning: unexpected `cfg` condition name: `riscv32`
   --> /home/hwt/桌面/sources/实验和项目类/os区域赛/rcore-lab/vendor/riscv/src/register/macros.rs:142:27
    |
142 |                 #[cfg(not(riscv32))]
    |                           ^^^^^^^ help: there is a config with a similar name: `riscv`
    |
   ::: /home/hwt/桌面/sources/实验和项目类/os区域赛/rcore-lab/vendor/riscv/src/register/pmpcfgx.rs:22:5
    |
22  |     write_csr_as_usize_rv32!(0x3A3, __write_pmpcfg3);
    |     ------------------------------------------------ in this macro invocation
    |
    = help: consider using a Cargo feature instead
    = help: or consider adding in `Cargo.toml` the `check-cfg` lint config for the lint:
             [lints.rust]
             unexpected_cfgs = { level = "warn", check-cfg = ['cfg(riscv32)'] }
    = help: or consider adding `println!("cargo::rustc-check-cfg=cfg(riscv32)");` to the top of the `build.rs`
    = note: see <https://doc.rust-lang.org/nightly/rustc/check-cfg/cargo-specifics.html> for more information about checking conditional configuration
    = note: this warning originates in the macro `write_csr_rv32` which comes from the expansion of the macro `write_csr_as_usize_rv32` (in Nightly builds, run with -Z macro-backtrace for more info)

warning: unexpected `cfg` condition name: `riscv32`
   --> /home/hwt/桌面/sources/实验和项目类/os区域赛/rcore-lab/vendor/riscv/src/register/macros.rs:258:23
    |
258 |                 #[cfg(riscv32)]
    |                       ^^^^^^^ help: there is a config with a similar name: `riscv`
    |
   ::: /home/hwt/桌面/sources/实验和项目类/os区域赛/rcore-lab/vendor/riscv/src/register/mcycle.rs:4:1
    |
4   | read_composite_csr!(super::mcycleh::read(), read());
    | --------------------------------------------------- in this macro invocation
    |
    = help: consider using a Cargo feature instead
    = help: or consider adding in `Cargo.toml` the `check-cfg` lint config for the lint:
             [lints.rust]
             unexpected_cfgs = { level = "warn", check-cfg = ['cfg(riscv32)'] }
    = help: or consider adding `println!("cargo::rustc-check-cfg=cfg(riscv32)");` to the top of the `build.rs`
    = note: see <https://doc.rust-lang.org/nightly/rustc/check-cfg/cargo-specifics.html> for more information about checking conditional configuration
    = note: this warning originates in the macro `read_composite_csr` (in Nightly builds, run with -Z macro-backtrace for more info)

warning: unexpected `cfg` condition name: `riscv32`
   --> /home/hwt/桌面/sources/实验和项目类/os区域赛/rcore-lab/vendor/riscv/src/register/macros.rs:267:27
    |
267 |                 #[cfg(not(riscv32))]
    |                           ^^^^^^^ help: there is a config with a similar name: `riscv`
    |
   ::: /home/hwt/桌面/sources/实验和项目类/os区域赛/rcore-lab/vendor/riscv/src/register/mcycle.rs:4:1
    |
4   | read_composite_csr!(super::mcycleh::read(), read());
    | --------------------------------------------------- in this macro invocation
    |
    = help: consider using a Cargo feature instead
    = help: or consider adding in `Cargo.toml` the `check-cfg` lint config for the lint:
             [lints.rust]
             unexpected_cfgs = { level = "warn", check-cfg = ['cfg(riscv32)'] }
    = help: or consider adding `println!("cargo::rustc-check-cfg=cfg(riscv32)");` to the top of the `build.rs`
    = note: see <https://doc.rust-lang.org/nightly/rustc/check-cfg/cargo-specifics.html> for more information about checking conditional configuration
    = note: this warning originates in the macro `read_composite_csr` (in Nightly builds, run with -Z macro-backtrace for more info)

warning: unexpected `cfg` condition name: `riscv32`
   --> /home/hwt/桌面/sources/实验和项目类/os区域赛/rcore-lab/vendor/riscv/src/register/macros.rs:258:23
    |
258 |                 #[cfg(riscv32)]
    |                       ^^^^^^^ help: there is a config with a similar name: `riscv`
    |
   ::: /home/hwt/桌面/sources/实验和项目类/os区域赛/rcore-lab/vendor/riscv/src/register/mhpmcounterx.rs:26:1
    |
26  | reg!(0xB03, mhpmcounter3,  mhpmcounter3h,  __read_mhpmcounter3,  __write_mhpmcounter3);
    | -------------------------------------------------------------------------------------- in this macro invocation
    |
    = help: consider using a Cargo feature instead
    = help: or consider adding in `Cargo.toml` the `check-cfg` lint config for the lint:
             [lints.rust]
             unexpected_cfgs = { level = "warn", check-cfg = ['cfg(riscv32)'] }
    = help: or consider adding `println!("cargo::rustc-check-cfg=cfg(riscv32)");` to the top of the `build.rs`
    = note: see <https://doc.rust-lang.org/nightly/rustc/check-cfg/cargo-specifics.html> for more information about checking conditional configuration
    = note: this warning originates in the macro `read_composite_csr` which comes from the expansion of the macro `reg` (in Nightly builds, run with -Z macro-backtrace for more info)

warning: unexpected `cfg` condition name: `riscv32`
   --> /home/hwt/桌面/sources/实验和项目类/os区域赛/rcore-lab/vendor/riscv/src/register/macros.rs:267:27
    |
267 |                 #[cfg(not(riscv32))]
    |                           ^^^^^^^ help: there is a config with a similar name: `riscv`
    |
   ::: /home/hwt/桌面/sources/实验和项目类/os区域赛/rcore-lab/vendor/riscv/src/register/mhpmcounterx.rs:26:1
    |
26  | reg!(0xB03, mhpmcounter3,  mhpmcounter3h,  __read_mhpmcounter3,  __write_mhpmcounter3);
    | -------------------------------------------------------------------------------------- in this macro invocation
    |
    = help: consider using a Cargo feature instead
    = help: or consider adding in `Cargo.toml` the `check-cfg` lint config for the lint:
             [lints.rust]
             unexpected_cfgs = { level = "warn", check-cfg = ['cfg(riscv32)'] }
    = help: or consider adding `println!("cargo::rustc-check-cfg=cfg(riscv32)");` to the top of the `build.rs`
    = note: see <https://doc.rust-lang.org/nightly/rustc/check-cfg/cargo-specifics.html> for more information about checking conditional configuration
    = note: this warning originates in the macro `read_composite_csr` which comes from the expansion of the macro `reg` (in Nightly builds, run with -Z macro-backtrace for more info)

warning: unexpected `cfg` condition name: `riscv32`
   --> /home/hwt/桌面/sources/实验和项目类/os区域赛/rcore-lab/vendor/riscv/src/register/macros.rs:258:23
    |
258 |                 #[cfg(riscv32)]
    |                       ^^^^^^^ help: there is a config with a similar name: `riscv`
    |
   ::: /home/hwt/桌面/sources/实验和项目类/os区域赛/rcore-lab/vendor/riscv/src/register/mhpmcounterx.rs:27:1
    |
27  | reg!(0xB04, mhpmcounter4,  mhpmcounter4h,  __read_mhpmcounter4,  __write_mhpmcounter4);
    | -------------------------------------------------------------------------------------- in this macro invocation
    |
    = help: consider using a Cargo feature instead
    = help: or consider adding in `Cargo.toml` the `check-cfg` lint config for the lint:
             [lints.rust]
             unexpected_cfgs = { level = "warn", check-cfg = ['cfg(riscv32)'] }
    = help: or consider adding `println!("cargo::rustc-check-cfg=cfg(riscv32)");` to the top of the `build.rs`
    = note: see <https://doc.rust-lang.org/nightly/rustc/check-cfg/cargo-specifics.html> for more information about checking conditional configuration
    = note: this warning originates in the macro `read_composite_csr` which comes from the expansion of the macro `reg` (in Nightly builds, run with -Z macro-backtrace for more info)

warning: unexpected `cfg` condition name: `riscv32`
   --> /home/hwt/桌面/sources/实验和项目类/os区域赛/rcore-lab/vendor/riscv/src/register/macros.rs:267:27
    |
267 |                 #[cfg(not(riscv32))]
    |                           ^^^^^^^ help: there is a config with a similar name: `riscv`
    |
   ::: /home/hwt/桌面/sources/实验和项目类/os区域赛/rcore-lab/vendor/riscv/src/register/mhpmcounterx.rs:27:1
    |
27  | reg!(0xB04, mhpmcounter4,  mhpmcounter4h,  __read_mhpmcounter4,  __write_mhpmcounter4);
    | -------------------------------------------------------------------------------------- in this macro invocation
    |
    = help: consider using a Cargo feature instead
    = help: or consider adding in `Cargo.toml` the `check-cfg` lint config for the lint:
             [lints.rust]
             unexpected_cfgs = { level = "warn", check-cfg = ['cfg(riscv32)'] }
    = help: or consider adding `println!("cargo::rustc-check-cfg=cfg(riscv32)");` to the top of the `build.rs`
    = note: see <https://doc.rust-lang.org/nightly/rustc/check-cfg/cargo-specifics.html> for more information about checking conditional configuration
    = note: this warning originates in the macro `read_composite_csr` which comes from the expansion of the macro `reg` (in Nightly builds, run with -Z macro-backtrace for more info)

warning: unexpected `cfg` condition name: `riscv32`
   --> /home/hwt/桌面/sources/实验和项目类/os区域赛/rcore-lab/vendor/riscv/src/register/macros.rs:258:23
    |
258 |                 #[cfg(riscv32)]
    |                       ^^^^^^^ help: there is a config with a similar name: `riscv`
    |
   ::: /home/hwt/桌面/sources/实验和项目类/os区域赛/rcore-lab/vendor/riscv/src/register/mhpmcounterx.rs:28:1
    |
28  | reg!(0xB05, mhpmcounter5,  mhpmcounter5h,  __read_mhpmcounter5,  __write_mhpmcounter5);
    | -------------------------------------------------------------------------------------- in this macro invocation
    |
    = help: consider using a Cargo feature instead
    = help: or consider adding in `Cargo.toml` the `check-cfg` lint config for the lint:
             [lints.rust]
             unexpected_cfgs = { level = "warn", check-cfg = ['cfg(riscv32)'] }
    = help: or consider adding `println!("cargo::rustc-check-cfg=cfg(riscv32)");` to the top of the `build.rs`
    = note: see <https://doc.rust-lang.org/nightly/rustc/check-cfg/cargo-specifics.html> for more information about checking conditional configuration
    = note: this warning originates in the macro `read_composite_csr` which comes from the expansion of the macro `reg` (in Nightly builds, run with -Z macro-backtrace for more info)

warning: unexpected `cfg` condition name: `riscv32`
   --> /home/hwt/桌面/sources/实验和项目类/os区域赛/rcore-lab/vendor/riscv/src/register/macros.rs:267:27
    |
267 |                 #[cfg(not(riscv32))]
    |                           ^^^^^^^ help: there is a config with a similar name: `riscv`
    |
   ::: /home/hwt/桌面/sources/实验和项目类/os区域赛/rcore-lab/vendor/riscv/src/register/mhpmcounterx.rs:28:1
    |
28  | reg!(0xB05, mhpmcounter5,  mhpmcounter5h,  __read_mhpmcounter5,  __write_mhpmcounter5);
    | -------------------------------------------------------------------------------------- in this macro invocation
    |
    = help: consider using a Cargo feature instead
    = help: or consider adding in `Cargo.toml` the `check-cfg` lint config for the lint:
             [lints.rust]
             unexpected_cfgs = { level = "warn", check-cfg = ['cfg(riscv32)'] }
    = help: or consider adding `println!("cargo::rustc-check-cfg=cfg(riscv32)");` to the top of the `build.rs`
    = note: see <https://doc.rust-lang.org/nightly/rustc/check-cfg/cargo-specifics.html> for more information about checking conditional configuration
    = note: this warning originates in the macro `read_composite_csr` which comes from the expansion of the macro `reg` (in Nightly builds, run with -Z macro-backtrace for more info)

warning: unexpected `cfg` condition name: `riscv32`
   --> /home/hwt/桌面/sources/实验和项目类/os区域赛/rcore-lab/vendor/riscv/src/register/macros.rs:258:23
    |
258 |                 #[cfg(riscv32)]
    |                       ^^^^^^^ help: there is a config with a similar name: `riscv`
    |
   ::: /home/hwt/桌面/sources/实验和项目类/os区域赛/rcore-lab/vendor/riscv/src/register/mhpmcounterx.rs:29:1
    |
29  | reg!(0xB06, mhpmcounter6,  mhpmcounter6h,  __read_mhpmcounter6,  __write_mhpmcounter6);
    | -------------------------------------------------------------------------------------- in this macro invocation
    |
    = help: consider using a Cargo feature instead
    = help: or consider adding in `Cargo.toml` the `check-cfg` lint config for the lint:
             [lints.rust]
             unexpected_cfgs = { level = "warn", check-cfg = ['cfg(riscv32)'] }
    = help: or consider adding `println!("cargo::rustc-check-cfg=cfg(riscv32)");` to the top of the `build.rs`
    = note: see <https://doc.rust-lang.org/nightly/rustc/check-cfg/cargo-specifics.html> for more information about checking conditional configuration
    = note: this warning originates in the macro `read_composite_csr` which comes from the expansion of the macro `reg` (in Nightly builds, run with -Z macro-backtrace for more info)

warning: unexpected `cfg` condition name: `riscv32`
   --> /home/hwt/桌面/sources/实验和项目类/os区域赛/rcore-lab/vendor/riscv/src/register/macros.rs:267:27
    |
267 |                 #[cfg(not(riscv32))]
    |                           ^^^^^^^ help: there is a config with a similar name: `riscv`
    |
   ::: /home/hwt/桌面/sources/实验和项目类/os区域赛/rcore-lab/vendor/riscv/src/register/mhpmcounterx.rs:29:1
    |
29  | reg!(0xB06, mhpmcounter6,  mhpmcounter6h,  __read_mhpmcounter6,  __write_mhpmcounter6);
    | -------------------------------------------------------------------------------------- in this macro invocation
    |
    = help: consider using a Cargo feature instead
    = help: or consider adding in `Cargo.toml` the `check-cfg` lint config for the lint:
             [lints.rust]
             unexpected_cfgs = { level = "warn", check-cfg = ['cfg(riscv32)'] }
    = help: or consider adding `println!("cargo::rustc-check-cfg=cfg(riscv32)");` to the top of the `build.rs`
    = note: see <https://doc.rust-lang.org/nightly/rustc/check-cfg/cargo-specifics.html> for more information about checking conditional configuration
    = note: this warning originates in the macro `read_composite_csr` which comes from the expansion of the macro `reg` (in Nightly builds, run with -Z macro-backtrace for more info)

warning: unexpected `cfg` condition name: `riscv32`
   --> /home/hwt/桌面/sources/实验和项目类/os区域赛/rcore-lab/vendor/riscv/src/register/macros.rs:258:23
    |
258 |                 #[cfg(riscv32)]
    |                       ^^^^^^^ help: there is a config with a similar name: `riscv`
    |
   ::: /home/hwt/桌面/sources/实验和项目类/os区域赛/rcore-lab/vendor/riscv/src/register/mhpmcounterx.rs:30:1
    |
30  | reg!(0xB07, mhpmcounter7,  mhpmcounter7h,  __read_mhpmcounter7,  __write_mhpmcounter7);
    | -------------------------------------------------------------------------------------- in this macro invocation
    |
    = help: consider using a Cargo feature instead
    = help: or consider adding in `Cargo.toml` the `check-cfg` lint config for the lint:
             [lints.rust]
             unexpected_cfgs = { level = "warn", check-cfg = ['cfg(riscv32)'] }
    = help: or consider adding `println!("cargo::rustc-check-cfg=cfg(riscv32)");` to the top of the `build.rs`
    = note: see <https://doc.rust-lang.org/nightly/rustc/check-cfg/cargo-specifics.html> for more information about checking conditional configuration
    = note: this warning originates in the macro `read_composite_csr` which comes from the expansion of the macro `reg` (in Nightly builds, run with -Z macro-backtrace for more info)

warning: unexpected `cfg` condition name: `riscv32`
   --> /home/hwt/桌面/sources/实验和项目类/os区域赛/rcore-lab/vendor/riscv/src/register/macros.rs:267:27
    |
267 |                 #[cfg(not(riscv32))]
    |                           ^^^^^^^ help: there is a config with a similar name: `riscv`
    |
   ::: /home/hwt/桌面/sources/实验和项目类/os区域赛/rcore-lab/vendor/riscv/src/register/mhpmcounterx.rs:30:1
    |
30  | reg!(0xB07, mhpmcounter7,  mhpmcounter7h,  __read_mhpmcounter7,  __write_mhpmcounter7);
    | -------------------------------------------------------------------------------------- in this macro invocation
    |
    = help: consider using a Cargo feature instead
    = help: or consider adding in `Cargo.toml` the `check-cfg` lint config for the lint:
             [lints.rust]
             unexpected_cfgs = { level = "warn", check-cfg = ['cfg(riscv32)'] }
    = help: or consider adding `println!("cargo::rustc-check-cfg=cfg(riscv32)");` to the top of the `build.rs`
    = note: see <https://doc.rust-lang.org/nightly/rustc/check-cfg/cargo-specifics.html> for more information about checking conditional configuration
    = note: this warning originates in the macro `read_composite_csr` which comes from the expansion of the macro `reg` (in Nightly builds, run with -Z macro-backtrace for more info)

warning: unexpected `cfg` condition name: `riscv32`
   --> /home/hwt/桌面/sources/实验和项目类/os区域赛/rcore-lab/vendor/riscv/src/register/macros.rs:258:23
    |
258 |                 #[cfg(riscv32)]
    |                       ^^^^^^^ help: there is a config with a similar name: `riscv`
    |
   ::: /home/hwt/桌面/sources/实验和项目类/os区域赛/rcore-lab/vendor/riscv/src/register/mhpmcounterx.rs:31:1
    |
31  | reg!(0xB08, mhpmcounter8,  mhpmcounter8h,  __read_mhpmcounter8,  __write_mhpmcounter8);
    | -------------------------------------------------------------------------------------- in this macro invocation
    |
    = help: consider using a Cargo feature instead
    = help: or consider adding in `Cargo.toml` the `check-cfg` lint config for the lint:
             [lints.rust]
             unexpected_cfgs = { level = "warn", check-cfg = ['cfg(riscv32)'] }
    = help: or consider adding `println!("cargo::rustc-check-cfg=cfg(riscv32)");` to the top of the `build.rs`
    = note: see <https://doc.rust-lang.org/nightly/rustc/check-cfg/cargo-specifics.html> for more information about checking conditional configuration
    = note: this warning originates in the macro `read_composite_csr` which comes from the expansion of the macro `reg` (in Nightly builds, run with -Z macro-backtrace for more info)

warning: unexpected `cfg` condition name: `riscv32`
   --> /home/hwt/桌面/sources/实验和项目类/os区域赛/rcore-lab/vendor/riscv/src/register/macros.rs:267:27
    |
267 |                 #[cfg(not(riscv32))]
    |                           ^^^^^^^ help: there is a config with a similar name: `riscv`
    |
   ::: /home/hwt/桌面/sources/实验和项目类/os区域赛/rcore-lab/vendor/riscv/src/register/mhpmcounterx.rs:31:1
    |
31  | reg!(0xB08, mhpmcounter8,  mhpmcounter8h,  __read_mhpmcounter8,  __write_mhpmcounter8);
    | -------------------------------------------------------------------------------------- in this macro invocation
    |
    = help: consider using a Cargo feature instead
    = help: or consider adding in `Cargo.toml` the `check-cfg` lint config for the lint:
             [lints.rust]
             unexpected_cfgs = { level = "warn", check-cfg = ['cfg(riscv32)'] }
    = help: or consider adding `println!("cargo::rustc-check-cfg=cfg(riscv32)");` to the top of the `build.rs`
    = note: see <https://doc.rust-lang.org/nightly/rustc/check-cfg/cargo-specifics.html> for more information about checking conditional configuration
    = note: this warning originates in the macro `read_composite_csr` which comes from the expansion of the macro `reg` (in Nightly builds, run with -Z macro-backtrace for more info)

warning: unexpected `cfg` condition name: `riscv32`
   --> /home/hwt/桌面/sources/实验和项目类/os区域赛/rcore-lab/vendor/riscv/src/register/macros.rs:258:23
    |
258 |                 #[cfg(riscv32)]
    |                       ^^^^^^^ help: there is a config with a similar name: `riscv`
    |
   ::: /home/hwt/桌面/sources/实验和项目类/os区域赛/rcore-lab/vendor/riscv/src/register/mhpmcounterx.rs:32:1
    |
32  | reg!(0xB09, mhpmcounter9,  mhpmcounter9h,  __read_mhpmcounter9,  __write_mhpmcounter9);
    | -------------------------------------------------------------------------------------- in this macro invocation
    |
    = help: consider using a Cargo feature instead
    = help: or consider adding in `Cargo.toml` the `check-cfg` lint config for the lint:
             [lints.rust]
             unexpected_cfgs = { level = "warn", check-cfg = ['cfg(riscv32)'] }
    = help: or consider adding `println!("cargo::rustc-check-cfg=cfg(riscv32)");` to the top of the `build.rs`
    = note: see <https://doc.rust-lang.org/nightly/rustc/check-cfg/cargo-specifics.html> for more information about checking conditional configuration
    = note: this warning originates in the macro `read_composite_csr` which comes from the expansion of the macro `reg` (in Nightly builds, run with -Z macro-backtrace for more info)

warning: unexpected `cfg` condition name: `riscv32`
   --> /home/hwt/桌面/sources/实验和项目类/os区域赛/rcore-lab/vendor/riscv/src/register/macros.rs:267:27
    |
267 |                 #[cfg(not(riscv32))]
    |                           ^^^^^^^ help: there is a config with a similar name: `riscv`
    |
   ::: /home/hwt/桌面/sources/实验和项目类/os区域赛/rcore-lab/vendor/riscv/src/register/mhpmcounterx.rs:32:1
    |
32  | reg!(0xB09, mhpmcounter9,  mhpmcounter9h,  __read_mhpmcounter9,  __write_mhpmcounter9);
    | -------------------------------------------------------------------------------------- in this macro invocation
    |
    = help: consider using a Cargo feature instead
    = help: or consider adding in `Cargo.toml` the `check-cfg` lint config for the lint:
             [lints.rust]
             unexpected_cfgs = { level = "warn", check-cfg = ['cfg(riscv32)'] }
    = help: or consider adding `println!("cargo::rustc-check-cfg=cfg(riscv32)");` to the top of the `build.rs`
    = note: see <https://doc.rust-lang.org/nightly/rustc/check-cfg/cargo-specifics.html> for more information about checking conditional configuration
    = note: this warning originates in the macro `read_composite_csr` which comes from the expansion of the macro `reg` (in Nightly builds, run with -Z macro-backtrace for more info)

warning: unexpected `cfg` condition name: `riscv32`
   --> /home/hwt/桌面/sources/实验和项目类/os区域赛/rcore-lab/vendor/riscv/src/register/macros.rs:258:23
    |
258 |                 #[cfg(riscv32)]
    |                       ^^^^^^^ help: there is a config with a similar name: `riscv`
    |
   ::: /home/hwt/桌面/sources/实验和项目类/os区域赛/rcore-lab/vendor/riscv/src/register/mhpmcounterx.rs:33:1
    |
33  | reg!(0xB0A, mhpmcounter10, mhpmcounter10h, __read_mhpmcounter10, __write_mhpmcounter10);
    | --------------------------------------------------------------------------------------- in this macro invocation
    |
    = help: consider using a Cargo feature instead
    = help: or consider adding in `Cargo.toml` the `check-cfg` lint config for the lint:
             [lints.rust]
             unexpected_cfgs = { level = "warn", check-cfg = ['cfg(riscv32)'] }
    = help: or consider adding `println!("cargo::rustc-check-cfg=cfg(riscv32)");` to the top of the `build.rs`
    = note: see <https://doc.rust-lang.org/nightly/rustc/check-cfg/cargo-specifics.html> for more information about checking conditional configuration
    = note: this warning originates in the macro `read_composite_csr` which comes from the expansion of the macro `reg` (in Nightly builds, run with -Z macro-backtrace for more info)

warning: unexpected `cfg` condition name: `riscv32`
   --> /home/hwt/桌面/sources/实验和项目类/os区域赛/rcore-lab/vendor/riscv/src/register/macros.rs:267:27
    |
267 |                 #[cfg(not(riscv32))]
    |                           ^^^^^^^ help: there is a config with a similar name: `riscv`
    |
   ::: /home/hwt/桌面/sources/实验和项目类/os区域赛/rcore-lab/vendor/riscv/src/register/mhpmcounterx.rs:33:1
    |
33  | reg!(0xB0A, mhpmcounter10, mhpmcounter10h, __read_mhpmcounter10, __write_mhpmcounter10);
    | --------------------------------------------------------------------------------------- in this macro invocation
    |
    = help: consider using a Cargo feature instead
    = help: or consider adding in `Cargo.toml` the `check-cfg` lint config for the lint:
             [lints.rust]
             unexpected_cfgs = { level = "warn", check-cfg = ['cfg(riscv32)'] }
    = help: or consider adding `println!("cargo::rustc-check-cfg=cfg(riscv32)");` to the top of the `build.rs`
    = note: see <https://doc.rust-lang.org/nightly/rustc/check-cfg/cargo-specifics.html> for more information about checking conditional configuration
    = note: this warning originates in the macro `read_composite_csr` which comes from the expansion of the macro `reg` (in Nightly builds, run with -Z macro-backtrace for more info)

warning: unexpected `cfg` condition name: `riscv32`
   --> /home/hwt/桌面/sources/实验和项目类/os区域赛/rcore-lab/vendor/riscv/src/register/macros.rs:258:23
    |
258 |                 #[cfg(riscv32)]
    |                       ^^^^^^^ help: there is a config with a similar name: `riscv`
    |
   ::: /home/hwt/桌面/sources/实验和项目类/os区域赛/rcore-lab/vendor/riscv/src/register/mhpmcounterx.rs:34:1
    |
34  | reg!(0xB0B, mhpmcounter11, mhpmcounter11h, __read_mhpmcounter11, __write_mhpmcounter11);
    | --------------------------------------------------------------------------------------- in this macro invocation
    |
    = help: consider using a Cargo feature instead
    = help: or consider adding in `Cargo.toml` the `check-cfg` lint config for the lint:
             [lints.rust]
             unexpected_cfgs = { level = "warn", check-cfg = ['cfg(riscv32)'] }
    = help: or consider adding `println!("cargo::rustc-check-cfg=cfg(riscv32)");` to the top of the `build.rs`
    = note: see <https://doc.rust-lang.org/nightly/rustc/check-cfg/cargo-specifics.html> for more information about checking conditional configuration
    = note: this warning originates in the macro `read_composite_csr` which comes from the expansion of the macro `reg` (in Nightly builds, run with -Z macro-backtrace for more info)

warning: unexpected `cfg` condition name: `riscv32`
   --> /home/hwt/桌面/sources/实验和项目类/os区域赛/rcore-lab/vendor/riscv/src/register/macros.rs:267:27
    |
267 |                 #[cfg(not(riscv32))]
    |                           ^^^^^^^ help: there is a config with a similar name: `riscv`
    |
   ::: /home/hwt/桌面/sources/实验和项目类/os区域赛/rcore-lab/vendor/riscv/src/register/mhpmcounterx.rs:34:1
    |
34  | reg!(0xB0B, mhpmcounter11, mhpmcounter11h, __read_mhpmcounter11, __write_mhpmcounter11);
    | --------------------------------------------------------------------------------------- in this macro invocation
    |
    = help: consider using a Cargo feature instead
    = help: or consider adding in `Cargo.toml` the `check-cfg` lint config for the lint:
             [lints.rust]
             unexpected_cfgs = { level = "warn", check-cfg = ['cfg(riscv32)'] }
    = help: or consider adding `println!("cargo::rustc-check-cfg=cfg(riscv32)");` to the top of the `build.rs`
    = note: see <https://doc.rust-lang.org/nightly/rustc/check-cfg/cargo-specifics.html> for more information about checking conditional configuration
    = note: this warning originates in the macro `read_composite_csr` which comes from the expansion of the macro `reg` (in Nightly builds, run with -Z macro-backtrace for more info)

warning: unexpected `cfg` condition name: `riscv32`
   --> /home/hwt/桌面/sources/实验和项目类/os区域赛/rcore-lab/vendor/riscv/src/register/macros.rs:258:23
    |
258 |                 #[cfg(riscv32)]
    |                       ^^^^^^^ help: there is a config with a similar name: `riscv`
    |
   ::: /home/hwt/桌面/sources/实验和项目类/os区域赛/rcore-lab/vendor/riscv/src/register/mhpmcounterx.rs:35:1
    |
35  | reg!(0xB0C, mhpmcounter12, mhpmcounter12h, __read_mhpmcounter12, __write_mhpmcounter12);
    | --------------------------------------------------------------------------------------- in this macro invocation
    |
    = help: consider using a Cargo feature instead
    = help: or consider adding in `Cargo.toml` the `check-cfg` lint config for the lint:
             [lints.rust]
             unexpected_cfgs = { level = "warn", check-cfg = ['cfg(riscv32)'] }
    = help: or consider adding `println!("cargo::rustc-check-cfg=cfg(riscv32)");` to the top of the `build.rs`
    = note: see <https://doc.rust-lang.org/nightly/rustc/check-cfg/cargo-specifics.html> for more information about checking conditional configuration
    = note: this warning originates in the macro `read_composite_csr` which comes from the expansion of the macro `reg` (in Nightly builds, run with -Z macro-backtrace for more info)

warning: unexpected `cfg` condition name: `riscv32`
   --> /home/hwt/桌面/sources/实验和项目类/os区域赛/rcore-lab/vendor/riscv/src/register/macros.rs:267:27
    |
267 |                 #[cfg(not(riscv32))]
    |                           ^^^^^^^ help: there is a config with a similar name: `riscv`
    |
   ::: /home/hwt/桌面/sources/实验和项目类/os区域赛/rcore-lab/vendor/riscv/src/register/mhpmcounterx.rs:35:1
    |
35  | reg!(0xB0C, mhpmcounter12, mhpmcounter12h, __read_mhpmcounter12, __write_mhpmcounter12);
    | --------------------------------------------------------------------------------------- in this macro invocation
    |
    = help: consider using a Cargo feature instead
    = help: or consider adding in `Cargo.toml` the `check-cfg` lint config for the lint:
             [lints.rust]
             unexpected_cfgs = { level = "warn", check-cfg = ['cfg(riscv32)'] }
    = help: or consider adding `println!("cargo::rustc-check-cfg=cfg(riscv32)");` to the top of the `build.rs`
    = note: see <https://doc.rust-lang.org/nightly/rustc/check-cfg/cargo-specifics.html> for more information about checking conditional configuration
    = note: this warning originates in the macro `read_composite_csr` which comes from the expansion of the macro `reg` (in Nightly builds, run with -Z macro-backtrace for more info)

warning: unexpected `cfg` condition name: `riscv32`
   --> /home/hwt/桌面/sources/实验和项目类/os区域赛/rcore-lab/vendor/riscv/src/register/macros.rs:258:23
    |
258 |                 #[cfg(riscv32)]
    |                       ^^^^^^^ help: there is a config with a similar name: `riscv`
    |
   ::: /home/hwt/桌面/sources/实验和项目类/os区域赛/rcore-lab/vendor/riscv/src/register/mhpmcounterx.rs:36:1
    |
36  | reg!(0xB0D, mhpmcounter13, mhpmcounter13h, __read_mhpmcounter13, __write_mhpmcounter13);
    | --------------------------------------------------------------------------------------- in this macro invocation
    |
    = help: consider using a Cargo feature instead
    = help: or consider adding in `Cargo.toml` the `check-cfg` lint config for the lint:
             [lints.rust]
             unexpected_cfgs = { level = "warn", check-cfg = ['cfg(riscv32)'] }
    = help: or consider adding `println!("cargo::rustc-check-cfg=cfg(riscv32)");` to the top of the `build.rs`
    = note: see <https://doc.rust-lang.org/nightly/rustc/check-cfg/cargo-specifics.html> for more information about checking conditional configuration
    = note: this warning originates in the macro `read_composite_csr` which comes from the expansion of the macro `reg` (in Nightly builds, run with -Z macro-backtrace for more info)

warning: unexpected `cfg` condition name: `riscv32`
   --> /home/hwt/桌面/sources/实验和项目类/os区域赛/rcore-lab/vendor/riscv/src/register/macros.rs:267:27
    |
267 |                 #[cfg(not(riscv32))]
    |                           ^^^^^^^ help: there is a config with a similar name: `riscv`
    |
   ::: /home/hwt/桌面/sources/实验和项目类/os区域赛/rcore-lab/vendor/riscv/src/register/mhpmcounterx.rs:36:1
    |
36  | reg!(0xB0D, mhpmcounter13, mhpmcounter13h, __read_mhpmcounter13, __write_mhpmcounter13);
    | --------------------------------------------------------------------------------------- in this macro invocation
    |
    = help: consider using a Cargo feature instead
    = help: or consider adding in `Cargo.toml` the `check-cfg` lint config for the lint:
             [lints.rust]
             unexpected_cfgs = { level = "warn", check-cfg = ['cfg(riscv32)'] }
    = help: or consider adding `println!("cargo::rustc-check-cfg=cfg(riscv32)");` to the top of the `build.rs`
    = note: see <https://doc.rust-lang.org/nightly/rustc/check-cfg/cargo-specifics.html> for more information about checking conditional configuration
    = note: this warning originates in the macro `read_composite_csr` which comes from the expansion of the macro `reg` (in Nightly builds, run with -Z macro-backtrace for more info)

warning: unexpected `cfg` condition name: `riscv32`
   --> /home/hwt/桌面/sources/实验和项目类/os区域赛/rcore-lab/vendor/riscv/src/register/macros.rs:258:23
    |
258 |                 #[cfg(riscv32)]
    |                       ^^^^^^^ help: there is a config with a similar name: `riscv`
    |
   ::: /home/hwt/桌面/sources/实验和项目类/os区域赛/rcore-lab/vendor/riscv/src/register/mhpmcounterx.rs:37:1
    |
37  | reg!(0xB0E, mhpmcounter14, mhpmcounter14h, __read_mhpmcounter14, __write_mhpmcounter14);
    | --------------------------------------------------------------------------------------- in this macro invocation
    |
    = help: consider using a Cargo feature instead
    = help: or consider adding in `Cargo.toml` the `check-cfg` lint config for the lint:
             [lints.rust]
             unexpected_cfgs = { level = "warn", check-cfg = ['cfg(riscv32)'] }
    = help: or consider adding `println!("cargo::rustc-check-cfg=cfg(riscv32)");` to the top of the `build.rs`
    = note: see <https://doc.rust-lang.org/nightly/rustc/check-cfg/cargo-specifics.html> for more information about checking conditional configuration
    = note: this warning originates in the macro `read_composite_csr` which comes from the expansion of the macro `reg` (in Nightly builds, run with -Z macro-backtrace for more info)

warning: unexpected `cfg` condition name: `riscv32`
   --> /home/hwt/桌面/sources/实验和项目类/os区域赛/rcore-lab/vendor/riscv/src/register/macros.rs:267:27
    |
267 |                 #[cfg(not(riscv32))]
    |                           ^^^^^^^ help: there is a config with a similar name: `riscv`
    |
   ::: /home/hwt/桌面/sources/实验和项目类/os区域赛/rcore-lab/vendor/riscv/src/register/mhpmcounterx.rs:37:1
    |
37  | reg!(0xB0E, mhpmcounter14, mhpmcounter14h, __read_mhpmcounter14, __write_mhpmcounter14);
    | --------------------------------------------------------------------------------------- in this macro invocation
    |
    = help: consider using a Cargo feature instead
    = help: or consider adding in `Cargo.toml` the `check-cfg` lint config for the lint:
             [lints.rust]
             unexpected_cfgs = { level = "warn", check-cfg = ['cfg(riscv32)'] }
    = help: or consider adding `println!("cargo::rustc-check-cfg=cfg(riscv32)");` to the top of the `build.rs`
    = note: see <https://doc.rust-lang.org/nightly/rustc/check-cfg/cargo-specifics.html> for more information about checking conditional configuration
    = note: this warning originates in the macro `read_composite_csr` which comes from the expansion of the macro `reg` (in Nightly builds, run with -Z macro-backtrace for more info)

warning: unexpected `cfg` condition name: `riscv32`
   --> /home/hwt/桌面/sources/实验和项目类/os区域赛/rcore-lab/vendor/riscv/src/register/macros.rs:258:23
    |
258 |                 #[cfg(riscv32)]
    |                       ^^^^^^^ help: there is a config with a similar name: `riscv`
    |
   ::: /home/hwt/桌面/sources/实验和项目类/os区域赛/rcore-lab/vendor/riscv/src/register/mhpmcounterx.rs:38:1
    |
38  | reg!(0xB0F, mhpmcounter15, mhpmcounter15h, __read_mhpmcounter15, __write_mhpmcounter15);
    | --------------------------------------------------------------------------------------- in this macro invocation
    |
    = help: consider using a Cargo feature instead
    = help: or consider adding in `Cargo.toml` the `check-cfg` lint config for the lint:
             [lints.rust]
             unexpected_cfgs = { level = "warn", check-cfg = ['cfg(riscv32)'] }
    = help: or consider adding `println!("cargo::rustc-check-cfg=cfg(riscv32)");` to the top of the `build.rs`
    = note: see <https://doc.rust-lang.org/nightly/rustc/check-cfg/cargo-specifics.html> for more information about checking conditional configuration
    = note: this warning originates in the macro `read_composite_csr` which comes from the expansion of the macro `reg` (in Nightly builds, run with -Z macro-backtrace for more info)

warning: unexpected `cfg` condition name: `riscv32`
   --> /home/hwt/桌面/sources/实验和项目类/os区域赛/rcore-lab/vendor/riscv/src/register/macros.rs:267:27
    |
267 |                 #[cfg(not(riscv32))]
    |                           ^^^^^^^ help: there is a config with a similar name: `riscv`
    |
   ::: /home/hwt/桌面/sources/实验和项目类/os区域赛/rcore-lab/vendor/riscv/src/register/mhpmcounterx.rs:38:1
    |
38  | reg!(0xB0F, mhpmcounter15, mhpmcounter15h, __read_mhpmcounter15, __write_mhpmcounter15);
    | --------------------------------------------------------------------------------------- in this macro invocation
    |
    = help: consider using a Cargo feature instead
    = help: or consider adding in `Cargo.toml` the `check-cfg` lint config for the lint:
             [lints.rust]
             unexpected_cfgs = { level = "warn", check-cfg = ['cfg(riscv32)'] }
    = help: or consider adding `println!("cargo::rustc-check-cfg=cfg(riscv32)");` to the top of the `build.rs`
    = note: see <https://doc.rust-lang.org/nightly/rustc/check-cfg/cargo-specifics.html> for more information about checking conditional configuration
    = note: this warning originates in the macro `read_composite_csr` which comes from the expansion of the macro `reg` (in Nightly builds, run with -Z macro-backtrace for more info)

warning: unexpected `cfg` condition name: `riscv32`
   --> /home/hwt/桌面/sources/实验和项目类/os区域赛/rcore-lab/vendor/riscv/src/register/macros.rs:258:23
    |
258 |                 #[cfg(riscv32)]
    |                       ^^^^^^^ help: there is a config with a similar name: `riscv`
    |
   ::: /home/hwt/桌面/sources/实验和项目类/os区域赛/rcore-lab/vendor/riscv/src/register/mhpmcounterx.rs:39:1
    |
39  | reg!(0xB10, mhpmcounter16, mhpmcounter16h, __read_mhpmcounter16, __write_mhpmcounter16);
    | --------------------------------------------------------------------------------------- in this macro invocation
    |
    = help: consider using a Cargo feature instead
    = help: or consider adding in `Cargo.toml` the `check-cfg` lint config for the lint:
             [lints.rust]
             unexpected_cfgs = { level = "warn", check-cfg = ['cfg(riscv32)'] }
    = help: or consider adding `println!("cargo::rustc-check-cfg=cfg(riscv32)");` to the top of the `build.rs`
    = note: see <https://doc.rust-lang.org/nightly/rustc/check-cfg/cargo-specifics.html> for more information about checking conditional configuration
    = note: this warning originates in the macro `read_composite_csr` which comes from the expansion of the macro `reg` (in Nightly builds, run with -Z macro-backtrace for more info)

warning: unexpected `cfg` condition name: `riscv32`
   --> /home/hwt/桌面/sources/实验和项目类/os区域赛/rcore-lab/vendor/riscv/src/register/macros.rs:267:27
    |
267 |                 #[cfg(not(riscv32))]
    |                           ^^^^^^^ help: there is a config with a similar name: `riscv`
    |
   ::: /home/hwt/桌面/sources/实验和项目类/os区域赛/rcore-lab/vendor/riscv/src/register/mhpmcounterx.rs:39:1
    |
39  | reg!(0xB10, mhpmcounter16, mhpmcounter16h, __read_mhpmcounter16, __write_mhpmcounter16);
    | --------------------------------------------------------------------------------------- in this macro invocation
    |
    = help: consider using a Cargo feature instead
    = help: or consider adding in `Cargo.toml` the `check-cfg` lint config for the lint:
             [lints.rust]
             unexpected_cfgs = { level = "warn", check-cfg = ['cfg(riscv32)'] }
    = help: or consider adding `println!("cargo::rustc-check-cfg=cfg(riscv32)");` to the top of the `build.rs`
    = note: see <https://doc.rust-lang.org/nightly/rustc/check-cfg/cargo-specifics.html> for more information about checking conditional configuration
    = note: this warning originates in the macro `read_composite_csr` which comes from the expansion of the macro `reg` (in Nightly builds, run with -Z macro-backtrace for more info)

warning: unexpected `cfg` condition name: `riscv32`
   --> /home/hwt/桌面/sources/实验和项目类/os区域赛/rcore-lab/vendor/riscv/src/register/macros.rs:258:23
    |
258 |                 #[cfg(riscv32)]
    |                       ^^^^^^^ help: there is a config with a similar name: `riscv`
    |
   ::: /home/hwt/桌面/sources/实验和项目类/os区域赛/rcore-lab/vendor/riscv/src/register/mhpmcounterx.rs:40:1
    |
40  | reg!(0xB11, mhpmcounter17, mhpmcounter17h, __read_mhpmcounter17, __write_mhpmcounter17);
    | --------------------------------------------------------------------------------------- in this macro invocation
    |
    = help: consider using a Cargo feature instead
    = help: or consider adding in `Cargo.toml` the `check-cfg` lint config for the lint:
             [lints.rust]
             unexpected_cfgs = { level = "warn", check-cfg = ['cfg(riscv32)'] }
    = help: or consider adding `println!("cargo::rustc-check-cfg=cfg(riscv32)");` to the top of the `build.rs`
    = note: see <https://doc.rust-lang.org/nightly/rustc/check-cfg/cargo-specifics.html> for more information about checking conditional configuration
    = note: this warning originates in the macro `read_composite_csr` which comes from the expansion of the macro `reg` (in Nightly builds, run with -Z macro-backtrace for more info)

warning: unexpected `cfg` condition name: `riscv32`
   --> /home/hwt/桌面/sources/实验和项目类/os区域赛/rcore-lab/vendor/riscv/src/register/macros.rs:267:27
    |
267 |                 #[cfg(not(riscv32))]
    |                           ^^^^^^^ help: there is a config with a similar name: `riscv`
    |
   ::: /home/hwt/桌面/sources/实验和项目类/os区域赛/rcore-lab/vendor/riscv/src/register/mhpmcounterx.rs:40:1
    |
40  | reg!(0xB11, mhpmcounter17, mhpmcounter17h, __read_mhpmcounter17, __write_mhpmcounter17);
    | --------------------------------------------------------------------------------------- in this macro invocation
    |
    = help: consider using a Cargo feature instead
    = help: or consider adding in `Cargo.toml` the `check-cfg` lint config for the lint:
             [lints.rust]
             unexpected_cfgs = { level = "warn", check-cfg = ['cfg(riscv32)'] }
    = help: or consider adding `println!("cargo::rustc-check-cfg=cfg(riscv32)");` to the top of the `build.rs`
    = note: see <https://doc.rust-lang.org/nightly/rustc/check-cfg/cargo-specifics.html> for more information about checking conditional configuration
    = note: this warning originates in the macro `read_composite_csr` which comes from the expansion of the macro `reg` (in Nightly builds, run with -Z macro-backtrace for more info)

warning: unexpected `cfg` condition name: `riscv32`
   --> /home/hwt/桌面/sources/实验和项目类/os区域赛/rcore-lab/vendor/riscv/src/register/macros.rs:258:23
    |
258 |                 #[cfg(riscv32)]
    |                       ^^^^^^^ help: there is a config with a similar name: `riscv`
    |
   ::: /home/hwt/桌面/sources/实验和项目类/os区域赛/rcore-lab/vendor/riscv/src/register/mhpmcounterx.rs:41:1
    |
41  | reg!(0xB12, mhpmcounter18, mhpmcounter18h, __read_mhpmcounter18, __write_mhpmcounter18);
    | --------------------------------------------------------------------------------------- in this macro invocation
    |
    = help: consider using a Cargo feature instead
    = help: or consider adding in `Cargo.toml` the `check-cfg` lint config for the lint:
             [lints.rust]
             unexpected_cfgs = { level = "warn", check-cfg = ['cfg(riscv32)'] }
    = help: or consider adding `println!("cargo::rustc-check-cfg=cfg(riscv32)");` to the top of the `build.rs`
    = note: see <https://doc.rust-lang.org/nightly/rustc/check-cfg/cargo-specifics.html> for more information about checking conditional configuration
    = note: this warning originates in the macro `read_composite_csr` which comes from the expansion of the macro `reg` (in Nightly builds, run with -Z macro-backtrace for more info)

warning: unexpected `cfg` condition name: `riscv32`
   --> /home/hwt/桌面/sources/实验和项目类/os区域赛/rcore-lab/vendor/riscv/src/register/macros.rs:267:27
    |
267 |                 #[cfg(not(riscv32))]
    |                           ^^^^^^^ help: there is a config with a similar name: `riscv`
    |
   ::: /home/hwt/桌面/sources/实验和项目类/os区域赛/rcore-lab/vendor/riscv/src/register/mhpmcounterx.rs:41:1
    |
41  | reg!(0xB12, mhpmcounter18, mhpmcounter18h, __read_mhpmcounter18, __write_mhpmcounter18);
    | --------------------------------------------------------------------------------------- in this macro invocation
    |
    = help: consider using a Cargo feature instead
    = help: or consider adding in `Cargo.toml` the `check-cfg` lint config for the lint:
             [lints.rust]
             unexpected_cfgs = { level = "warn", check-cfg = ['cfg(riscv32)'] }
    = help: or consider adding `println!("cargo::rustc-check-cfg=cfg(riscv32)");` to the top of the `build.rs`
    = note: see <https://doc.rust-lang.org/nightly/rustc/check-cfg/cargo-specifics.html> for more information about checking conditional configuration
    = note: this warning originates in the macro `read_composite_csr` which comes from the expansion of the macro `reg` (in Nightly builds, run with -Z macro-backtrace for more info)

warning: unexpected `cfg` condition name: `riscv32`
   --> /home/hwt/桌面/sources/实验和项目类/os区域赛/rcore-lab/vendor/riscv/src/register/macros.rs:258:23
    |
258 |                 #[cfg(riscv32)]
    |                       ^^^^^^^ help: there is a config with a similar name: `riscv`
    |
   ::: /home/hwt/桌面/sources/实验和项目类/os区域赛/rcore-lab/vendor/riscv/src/register/mhpmcounterx.rs:42:1
    |
42  | reg!(0xB13, mhpmcounter19, mhpmcounter19h, __read_mhpmcounter19, __write_mhpmcounter19);
    | --------------------------------------------------------------------------------------- in this macro invocation
    |
    = help: consider using a Cargo feature instead
    = help: or consider adding in `Cargo.toml` the `check-cfg` lint config for the lint:
             [lints.rust]
             unexpected_cfgs = { level = "warn", check-cfg = ['cfg(riscv32)'] }
    = help: or consider adding `println!("cargo::rustc-check-cfg=cfg(riscv32)");` to the top of the `build.rs`
    = note: see <https://doc.rust-lang.org/nightly/rustc/check-cfg/cargo-specifics.html> for more information about checking conditional configuration
    = note: this warning originates in the macro `read_composite_csr` which comes from the expansion of the macro `reg` (in Nightly builds, run with -Z macro-backtrace for more info)

warning: unexpected `cfg` condition name: `riscv32`
   --> /home/hwt/桌面/sources/实验和项目类/os区域赛/rcore-lab/vendor/riscv/src/register/macros.rs:267:27
    |
267 |                 #[cfg(not(riscv32))]
    |                           ^^^^^^^ help: there is a config with a similar name: `riscv`
    |
   ::: /home/hwt/桌面/sources/实验和项目类/os区域赛/rcore-lab/vendor/riscv/src/register/mhpmcounterx.rs:42:1
    |
42  | reg!(0xB13, mhpmcounter19, mhpmcounter19h, __read_mhpmcounter19, __write_mhpmcounter19);
    | --------------------------------------------------------------------------------------- in this macro invocation
    |
    = help: consider using a Cargo feature instead
    = help: or consider adding in `Cargo.toml` the `check-cfg` lint config for the lint:
             [lints.rust]
             unexpected_cfgs = { level = "warn", check-cfg = ['cfg(riscv32)'] }
    = help: or consider adding `println!("cargo::rustc-check-cfg=cfg(riscv32)");` to the top of the `build.rs`
    = note: see <https://doc.rust-lang.org/nightly/rustc/check-cfg/cargo-specifics.html> for more information about checking conditional configuration
    = note: this warning originates in the macro `read_composite_csr` which comes from the expansion of the macro `reg` (in Nightly builds, run with -Z macro-backtrace for more info)

warning: unexpected `cfg` condition name: `riscv32`
   --> /home/hwt/桌面/sources/实验和项目类/os区域赛/rcore-lab/vendor/riscv/src/register/macros.rs:258:23
    |
258 |                 #[cfg(riscv32)]
    |                       ^^^^^^^ help: there is a config with a similar name: `riscv`
    |
   ::: /home/hwt/桌面/sources/实验和项目类/os区域赛/rcore-lab/vendor/riscv/src/register/mhpmcounterx.rs:43:1
    |
43  | reg!(0xB14, mhpmcounter20, mhpmcounter20h, __read_mhpmcounter20, __write_mhpmcounter20);
    | --------------------------------------------------------------------------------------- in this macro invocation
    |
    = help: consider using a Cargo feature instead
    = help: or consider adding in `Cargo.toml` the `check-cfg` lint config for the lint:
             [lints.rust]
             unexpected_cfgs = { level = "warn", check-cfg = ['cfg(riscv32)'] }
    = help: or consider adding `println!("cargo::rustc-check-cfg=cfg(riscv32)");` to the top of the `build.rs`
    = note: see <https://doc.rust-lang.org/nightly/rustc/check-cfg/cargo-specifics.html> for more information about checking conditional configuration
    = note: this warning originates in the macro `read_composite_csr` which comes from the expansion of the macro `reg` (in Nightly builds, run with -Z macro-backtrace for more info)

warning: unexpected `cfg` condition name: `riscv32`
   --> /home/hwt/桌面/sources/实验和项目类/os区域赛/rcore-lab/vendor/riscv/src/register/macros.rs:267:27
    |
267 |                 #[cfg(not(riscv32))]
    |                           ^^^^^^^ help: there is a config with a similar name: `riscv`
    |
   ::: /home/hwt/桌面/sources/实验和项目类/os区域赛/rcore-lab/vendor/riscv/src/register/mhpmcounterx.rs:43:1
    |
43  | reg!(0xB14, mhpmcounter20, mhpmcounter20h, __read_mhpmcounter20, __write_mhpmcounter20);
    | --------------------------------------------------------------------------------------- in this macro invocation
    |
    = help: consider using a Cargo feature instead
    = help: or consider adding in `Cargo.toml` the `check-cfg` lint config for the lint:
             [lints.rust]
             unexpected_cfgs = { level = "warn", check-cfg = ['cfg(riscv32)'] }
    = help: or consider adding `println!("cargo::rustc-check-cfg=cfg(riscv32)");` to the top of the `build.rs`
    = note: see <https://doc.rust-lang.org/nightly/rustc/check-cfg/cargo-specifics.html> for more information about checking conditional configuration
    = note: this warning originates in the macro `read_composite_csr` which comes from the expansion of the macro `reg` (in Nightly builds, run with -Z macro-backtrace for more info)

warning: unexpected `cfg` condition name: `riscv32`
   --> /home/hwt/桌面/sources/实验和项目类/os区域赛/rcore-lab/vendor/riscv/src/register/macros.rs:258:23
    |
258 |                 #[cfg(riscv32)]
    |                       ^^^^^^^ help: there is a config with a similar name: `riscv`
    |
   ::: /home/hwt/桌面/sources/实验和项目类/os区域赛/rcore-lab/vendor/riscv/src/register/mhpmcounterx.rs:44:1
    |
44  | reg!(0xB15, mhpmcounter21, mhpmcounter21h, __read_mhpmcounter21, __write_mhpmcounter21);
    | --------------------------------------------------------------------------------------- in this macro invocation
    |
    = help: consider using a Cargo feature instead
    = help: or consider adding in `Cargo.toml` the `check-cfg` lint config for the lint:
             [lints.rust]
             unexpected_cfgs = { level = "warn", check-cfg = ['cfg(riscv32)'] }
    = help: or consider adding `println!("cargo::rustc-check-cfg=cfg(riscv32)");` to the top of the `build.rs`
    = note: see <https://doc.rust-lang.org/nightly/rustc/check-cfg/cargo-specifics.html> for more information about checking conditional configuration
    = note: this warning originates in the macro `read_composite_csr` which comes from the expansion of the macro `reg` (in Nightly builds, run with -Z macro-backtrace for more info)

warning: unexpected `cfg` condition name: `riscv32`
   --> /home/hwt/桌面/sources/实验和项目类/os区域赛/rcore-lab/vendor/riscv/src/register/macros.rs:267:27
    |
267 |                 #[cfg(not(riscv32))]
    |                           ^^^^^^^ help: there is a config with a similar name: `riscv`
    |
   ::: /home/hwt/桌面/sources/实验和项目类/os区域赛/rcore-lab/vendor/riscv/src/register/mhpmcounterx.rs:44:1
    |
44  | reg!(0xB15, mhpmcounter21, mhpmcounter21h, __read_mhpmcounter21, __write_mhpmcounter21);
    | --------------------------------------------------------------------------------------- in this macro invocation
    |
    = help: consider using a Cargo feature instead
    = help: or consider adding in `Cargo.toml` the `check-cfg` lint config for the lint:
             [lints.rust]
             unexpected_cfgs = { level = "warn", check-cfg = ['cfg(riscv32)'] }
    = help: or consider adding `println!("cargo::rustc-check-cfg=cfg(riscv32)");` to the top of the `build.rs`
    = note: see <https://doc.rust-lang.org/nightly/rustc/check-cfg/cargo-specifics.html> for more information about checking conditional configuration
    = note: this warning originates in the macro `read_composite_csr` which comes from the expansion of the macro `reg` (in Nightly builds, run with -Z macro-backtrace for more info)

warning: unexpected `cfg` condition name: `riscv32`
   --> /home/hwt/桌面/sources/实验和项目类/os区域赛/rcore-lab/vendor/riscv/src/register/macros.rs:258:23
    |
258 |                 #[cfg(riscv32)]
    |                       ^^^^^^^ help: there is a config with a similar name: `riscv`
    |
   ::: /home/hwt/桌面/sources/实验和项目类/os区域赛/rcore-lab/vendor/riscv/src/register/mhpmcounterx.rs:45:1
    |
45  | reg!(0xB16, mhpmcounter22, mhpmcounter22h, __read_mhpmcounter22, __write_mhpmcounter22);
    | --------------------------------------------------------------------------------------- in this macro invocation
    |
    = help: consider using a Cargo feature instead
    = help: or consider adding in `Cargo.toml` the `check-cfg` lint config for the lint:
             [lints.rust]
             unexpected_cfgs = { level = "warn", check-cfg = ['cfg(riscv32)'] }
    = help: or consider adding `println!("cargo::rustc-check-cfg=cfg(riscv32)");` to the top of the `build.rs`
    = note: see <https://doc.rust-lang.org/nightly/rustc/check-cfg/cargo-specifics.html> for more information about checking conditional configuration
    = note: this warning originates in the macro `read_composite_csr` which comes from the expansion of the macro `reg` (in Nightly builds, run with -Z macro-backtrace for more info)

warning: unexpected `cfg` condition name: `riscv32`
   --> /home/hwt/桌面/sources/实验和项目类/os区域赛/rcore-lab/vendor/riscv/src/register/macros.rs:267:27
    |
267 |                 #[cfg(not(riscv32))]
    |                           ^^^^^^^ help: there is a config with a similar name: `riscv`
    |
   ::: /home/hwt/桌面/sources/实验和项目类/os区域赛/rcore-lab/vendor/riscv/src/register/mhpmcounterx.rs:45:1
    |
45  | reg!(0xB16, mhpmcounter22, mhpmcounter22h, __read_mhpmcounter22, __write_mhpmcounter22);
    | --------------------------------------------------------------------------------------- in this macro invocation
    |
    = help: consider using a Cargo feature instead
    = help: or consider adding in `Cargo.toml` the `check-cfg` lint config for the lint:
             [lints.rust]
             unexpected_cfgs = { level = "warn", check-cfg = ['cfg(riscv32)'] }
    = help: or consider adding `println!("cargo::rustc-check-cfg=cfg(riscv32)");` to the top of the `build.rs`
    = note: see <https://doc.rust-lang.org/nightly/rustc/check-cfg/cargo-specifics.html> for more information about checking conditional configuration
    = note: this warning originates in the macro `read_composite_csr` which comes from the expansion of the macro `reg` (in Nightly builds, run with -Z macro-backtrace for more info)

warning: unexpected `cfg` condition name: `riscv32`
   --> /home/hwt/桌面/sources/实验和项目类/os区域赛/rcore-lab/vendor/riscv/src/register/macros.rs:258:23
    |
258 |                 #[cfg(riscv32)]
    |                       ^^^^^^^ help: there is a config with a similar name: `riscv`
    |
   ::: /home/hwt/桌面/sources/实验和项目类/os区域赛/rcore-lab/vendor/riscv/src/register/mhpmcounterx.rs:46:1
    |
46  | reg!(0xB17, mhpmcounter23, mhpmcounter23h, __read_mhpmcounter23, __write_mhpmcounter23);
    | --------------------------------------------------------------------------------------- in this macro invocation
    |
    = help: consider using a Cargo feature instead
    = help: or consider adding in `Cargo.toml` the `check-cfg` lint config for the lint:
             [lints.rust]
             unexpected_cfgs = { level = "warn", check-cfg = ['cfg(riscv32)'] }
    = help: or consider adding `println!("cargo::rustc-check-cfg=cfg(riscv32)");` to the top of the `build.rs`
    = note: see <https://doc.rust-lang.org/nightly/rustc/check-cfg/cargo-specifics.html> for more information about checking conditional configuration
    = note: this warning originates in the macro `read_composite_csr` which comes from the expansion of the macro `reg` (in Nightly builds, run with -Z macro-backtrace for more info)

warning: unexpected `cfg` condition name: `riscv32`
   --> /home/hwt/桌面/sources/实验和项目类/os区域赛/rcore-lab/vendor/riscv/src/register/macros.rs:267:27
    |
267 |                 #[cfg(not(riscv32))]
    |                           ^^^^^^^ help: there is a config with a similar name: `riscv`
    |
   ::: /home/hwt/桌面/sources/实验和项目类/os区域赛/rcore-lab/vendor/riscv/src/register/mhpmcounterx.rs:46:1
    |
46  | reg!(0xB17, mhpmcounter23, mhpmcounter23h, __read_mhpmcounter23, __write_mhpmcounter23);
    | --------------------------------------------------------------------------------------- in this macro invocation
    |
    = help: consider using a Cargo feature instead
    = help: or consider adding in `Cargo.toml` the `check-cfg` lint config for the lint:
             [lints.rust]
             unexpected_cfgs = { level = "warn", check-cfg = ['cfg(riscv32)'] }
    = help: or consider adding `println!("cargo::rustc-check-cfg=cfg(riscv32)");` to the top of the `build.rs`
    = note: see <https://doc.rust-lang.org/nightly/rustc/check-cfg/cargo-specifics.html> for more information about checking conditional configuration
    = note: this warning originates in the macro `read_composite_csr` which comes from the expansion of the macro `reg` (in Nightly builds, run with -Z macro-backtrace for more info)

warning: unexpected `cfg` condition name: `riscv32`
   --> /home/hwt/桌面/sources/实验和项目类/os区域赛/rcore-lab/vendor/riscv/src/register/macros.rs:258:23
    |
258 |                 #[cfg(riscv32)]
    |                       ^^^^^^^ help: there is a config with a similar name: `riscv`
    |
   ::: /home/hwt/桌面/sources/实验和项目类/os区域赛/rcore-lab/vendor/riscv/src/register/mhpmcounterx.rs:47:1
    |
47  | reg!(0xB18, mhpmcounter24, mhpmcounter24h, __read_mhpmcounter24, __write_mhpmcounter24);
    | --------------------------------------------------------------------------------------- in this macro invocation
    |
    = help: consider using a Cargo feature instead
    = help: or consider adding in `Cargo.toml` the `check-cfg` lint config for the lint:
             [lints.rust]
             unexpected_cfgs = { level = "warn", check-cfg = ['cfg(riscv32)'] }
    = help: or consider adding `println!("cargo::rustc-check-cfg=cfg(riscv32)");` to the top of the `build.rs`
    = note: see <https://doc.rust-lang.org/nightly/rustc/check-cfg/cargo-specifics.html> for more information about checking conditional configuration
    = note: this warning originates in the macro `read_composite_csr` which comes from the expansion of the macro `reg` (in Nightly builds, run with -Z macro-backtrace for more info)

warning: unexpected `cfg` condition name: `riscv32`
   --> /home/hwt/桌面/sources/实验和项目类/os区域赛/rcore-lab/vendor/riscv/src/register/macros.rs:267:27
    |
267 |                 #[cfg(not(riscv32))]
    |                           ^^^^^^^ help: there is a config with a similar name: `riscv`
    |
   ::: /home/hwt/桌面/sources/实验和项目类/os区域赛/rcore-lab/vendor/riscv/src/register/mhpmcounterx.rs:47:1
    |
47  | reg!(0xB18, mhpmcounter24, mhpmcounter24h, __read_mhpmcounter24, __write_mhpmcounter24);
    | --------------------------------------------------------------------------------------- in this macro invocation
    |
    = help: consider using a Cargo feature instead
    = help: or consider adding in `Cargo.toml` the `check-cfg` lint config for the lint:
             [lints.rust]
             unexpected_cfgs = { level = "warn", check-cfg = ['cfg(riscv32)'] }
    = help: or consider adding `println!("cargo::rustc-check-cfg=cfg(riscv32)");` to the top of the `build.rs`
    = note: see <https://doc.rust-lang.org/nightly/rustc/check-cfg/cargo-specifics.html> for more information about checking conditional configuration
    = note: this warning originates in the macro `read_composite_csr` which comes from the expansion of the macro `reg` (in Nightly builds, run with -Z macro-backtrace for more info)

warning: unexpected `cfg` condition name: `riscv32`
   --> /home/hwt/桌面/sources/实验和项目类/os区域赛/rcore-lab/vendor/riscv/src/register/macros.rs:258:23
    |
258 |                 #[cfg(riscv32)]
    |                       ^^^^^^^ help: there is a config with a similar name: `riscv`
    |
   ::: /home/hwt/桌面/sources/实验和项目类/os区域赛/rcore-lab/vendor/riscv/src/register/mhpmcounterx.rs:48:1
    |
48  | reg!(0xB19, mhpmcounter25, mhpmcounter25h, __read_mhpmcounter25, __write_mhpmcounter25);
    | --------------------------------------------------------------------------------------- in this macro invocation
    |
    = help: consider using a Cargo feature instead
    = help: or consider adding in `Cargo.toml` the `check-cfg` lint config for the lint:
             [lints.rust]
             unexpected_cfgs = { level = "warn", check-cfg = ['cfg(riscv32)'] }
    = help: or consider adding `println!("cargo::rustc-check-cfg=cfg(riscv32)");` to the top of the `build.rs`
    = note: see <https://doc.rust-lang.org/nightly/rustc/check-cfg/cargo-specifics.html> for more information about checking conditional configuration
    = note: this warning originates in the macro `read_composite_csr` which comes from the expansion of the macro `reg` (in Nightly builds, run with -Z macro-backtrace for more info)

warning: unexpected `cfg` condition name: `riscv32`
   --> /home/hwt/桌面/sources/实验和项目类/os区域赛/rcore-lab/vendor/riscv/src/register/macros.rs:267:27
    |
267 |                 #[cfg(not(riscv32))]
    |                           ^^^^^^^ help: there is a config with a similar name: `riscv`
    |
   ::: /home/hwt/桌面/sources/实验和项目类/os区域赛/rcore-lab/vendor/riscv/src/register/mhpmcounterx.rs:48:1
    |
48  | reg!(0xB19, mhpmcounter25, mhpmcounter25h, __read_mhpmcounter25, __write_mhpmcounter25);
    | --------------------------------------------------------------------------------------- in this macro invocation
    |
    = help: consider using a Cargo feature instead
    = help: or consider adding in `Cargo.toml` the `check-cfg` lint config for the lint:
             [lints.rust]
             unexpected_cfgs = { level = "warn", check-cfg = ['cfg(riscv32)'] }
    = help: or consider adding `println!("cargo::rustc-check-cfg=cfg(riscv32)");` to the top of the `build.rs`
    = note: see <https://doc.rust-lang.org/nightly/rustc/check-cfg/cargo-specifics.html> for more information about checking conditional configuration
    = note: this warning originates in the macro `read_composite_csr` which comes from the expansion of the macro `reg` (in Nightly builds, run with -Z macro-backtrace for more info)

warning: unexpected `cfg` condition name: `riscv32`
   --> /home/hwt/桌面/sources/实验和项目类/os区域赛/rcore-lab/vendor/riscv/src/register/macros.rs:258:23
    |
258 |                 #[cfg(riscv32)]
    |                       ^^^^^^^ help: there is a config with a similar name: `riscv`
    |
   ::: /home/hwt/桌面/sources/实验和项目类/os区域赛/rcore-lab/vendor/riscv/src/register/mhpmcounterx.rs:49:1
    |
49  | reg!(0xB1A, mhpmcounter26, mhpmcounter26h, __read_mhpmcounter26, __write_mhpmcounter26);
    | --------------------------------------------------------------------------------------- in this macro invocation
    |
    = help: consider using a Cargo feature instead
    = help: or consider adding in `Cargo.toml` the `check-cfg` lint config for the lint:
             [lints.rust]
             unexpected_cfgs = { level = "warn", check-cfg = ['cfg(riscv32)'] }
    = help: or consider adding `println!("cargo::rustc-check-cfg=cfg(riscv32)");` to the top of the `build.rs`
    = note: see <https://doc.rust-lang.org/nightly/rustc/check-cfg/cargo-specifics.html> for more information about checking conditional configuration
    = note: this warning originates in the macro `read_composite_csr` which comes from the expansion of the macro `reg` (in Nightly builds, run with -Z macro-backtrace for more info)

warning: unexpected `cfg` condition name: `riscv32`
   --> /home/hwt/桌面/sources/实验和项目类/os区域赛/rcore-lab/vendor/riscv/src/register/macros.rs:267:27
    |
267 |                 #[cfg(not(riscv32))]
    |                           ^^^^^^^ help: there is a config with a similar name: `riscv`
    |
   ::: /home/hwt/桌面/sources/实验和项目类/os区域赛/rcore-lab/vendor/riscv/src/register/mhpmcounterx.rs:49:1
    |
49  | reg!(0xB1A, mhpmcounter26, mhpmcounter26h, __read_mhpmcounter26, __write_mhpmcounter26);
    | --------------------------------------------------------------------------------------- in this macro invocation
    |
    = help: consider using a Cargo feature instead
    = help: or consider adding in `Cargo.toml` the `check-cfg` lint config for the lint:
             [lints.rust]
             unexpected_cfgs = { level = "warn", check-cfg = ['cfg(riscv32)'] }
    = help: or consider adding `println!("cargo::rustc-check-cfg=cfg(riscv32)");` to the top of the `build.rs`
    = note: see <https://doc.rust-lang.org/nightly/rustc/check-cfg/cargo-specifics.html> for more information about checking conditional configuration
    = note: this warning originates in the macro `read_composite_csr` which comes from the expansion of the macro `reg` (in Nightly builds, run with -Z macro-backtrace for more info)

warning: unexpected `cfg` condition name: `riscv32`
   --> /home/hwt/桌面/sources/实验和项目类/os区域赛/rcore-lab/vendor/riscv/src/register/macros.rs:258:23
    |
258 |                 #[cfg(riscv32)]
    |                       ^^^^^^^ help: there is a config with a similar name: `riscv`
    |
   ::: /home/hwt/桌面/sources/实验和项目类/os区域赛/rcore-lab/vendor/riscv/src/register/mhpmcounterx.rs:50:1
    |
50  | reg!(0xB1B, mhpmcounter27, mhpmcounter27h, __read_mhpmcounter27, __write_mhpmcounter27);
    | --------------------------------------------------------------------------------------- in this macro invocation
    |
    = help: consider using a Cargo feature instead
    = help: or consider adding in `Cargo.toml` the `check-cfg` lint config for the lint:
             [lints.rust]
             unexpected_cfgs = { level = "warn", check-cfg = ['cfg(riscv32)'] }
    = help: or consider adding `println!("cargo::rustc-check-cfg=cfg(riscv32)");` to the top of the `build.rs`
    = note: see <https://doc.rust-lang.org/nightly/rustc/check-cfg/cargo-specifics.html> for more information about checking conditional configuration
    = note: this warning originates in the macro `read_composite_csr` which comes from the expansion of the macro `reg` (in Nightly builds, run with -Z macro-backtrace for more info)

warning: unexpected `cfg` condition name: `riscv32`
   --> /home/hwt/桌面/sources/实验和项目类/os区域赛/rcore-lab/vendor/riscv/src/register/macros.rs:267:27
    |
267 |                 #[cfg(not(riscv32))]
    |                           ^^^^^^^ help: there is a config with a similar name: `riscv`
    |
   ::: /home/hwt/桌面/sources/实验和项目类/os区域赛/rcore-lab/vendor/riscv/src/register/mhpmcounterx.rs:50:1
    |
50  | reg!(0xB1B, mhpmcounter27, mhpmcounter27h, __read_mhpmcounter27, __write_mhpmcounter27);
    | --------------------------------------------------------------------------------------- in this macro invocation
    |
    = help: consider using a Cargo feature instead
    = help: or consider adding in `Cargo.toml` the `check-cfg` lint config for the lint:
             [lints.rust]
             unexpected_cfgs = { level = "warn", check-cfg = ['cfg(riscv32)'] }
    = help: or consider adding `println!("cargo::rustc-check-cfg=cfg(riscv32)");` to the top of the `build.rs`
    = note: see <https://doc.rust-lang.org/nightly/rustc/check-cfg/cargo-specifics.html> for more information about checking conditional configuration
    = note: this warning originates in the macro `read_composite_csr` which comes from the expansion of the macro `reg` (in Nightly builds, run with -Z macro-backtrace for more info)

warning: unexpected `cfg` condition name: `riscv32`
   --> /home/hwt/桌面/sources/实验和项目类/os区域赛/rcore-lab/vendor/riscv/src/register/macros.rs:258:23
    |
258 |                 #[cfg(riscv32)]
    |                       ^^^^^^^ help: there is a config with a similar name: `riscv`
    |
   ::: /home/hwt/桌面/sources/实验和项目类/os区域赛/rcore-lab/vendor/riscv/src/register/mhpmcounterx.rs:51:1
    |
51  | reg!(0xB1C, mhpmcounter28, mhpmcounter28h, __read_mhpmcounter28, __write_mhpmcounter28);
    | --------------------------------------------------------------------------------------- in this macro invocation
    |
    = help: consider using a Cargo feature instead
    = help: or consider adding in `Cargo.toml` the `check-cfg` lint config for the lint:
             [lints.rust]
             unexpected_cfgs = { level = "warn", check-cfg = ['cfg(riscv32)'] }
    = help: or consider adding `println!("cargo::rustc-check-cfg=cfg(riscv32)");` to the top of the `build.rs`
    = note: see <https://doc.rust-lang.org/nightly/rustc/check-cfg/cargo-specifics.html> for more information about checking conditional configuration
    = note: this warning originates in the macro `read_composite_csr` which comes from the expansion of the macro `reg` (in Nightly builds, run with -Z macro-backtrace for more info)

warning: unexpected `cfg` condition name: `riscv32`
   --> /home/hwt/桌面/sources/实验和项目类/os区域赛/rcore-lab/vendor/riscv/src/register/macros.rs:267:27
    |
267 |                 #[cfg(not(riscv32))]
    |                           ^^^^^^^ help: there is a config with a similar name: `riscv`
    |
   ::: /home/hwt/桌面/sources/实验和项目类/os区域赛/rcore-lab/vendor/riscv/src/register/mhpmcounterx.rs:51:1
    |
51  | reg!(0xB1C, mhpmcounter28, mhpmcounter28h, __read_mhpmcounter28, __write_mhpmcounter28);
    | --------------------------------------------------------------------------------------- in this macro invocation
    |
    = help: consider using a Cargo feature instead
    = help: or consider adding in `Cargo.toml` the `check-cfg` lint config for the lint:
             [lints.rust]
             unexpected_cfgs = { level = "warn", check-cfg = ['cfg(riscv32)'] }
    = help: or consider adding `println!("cargo::rustc-check-cfg=cfg(riscv32)");` to the top of the `build.rs`
    = note: see <https://doc.rust-lang.org/nightly/rustc/check-cfg/cargo-specifics.html> for more information about checking conditional configuration
    = note: this warning originates in the macro `read_composite_csr` which comes from the expansion of the macro `reg` (in Nightly builds, run with -Z macro-backtrace for more info)

warning: unexpected `cfg` condition name: `riscv32`
   --> /home/hwt/桌面/sources/实验和项目类/os区域赛/rcore-lab/vendor/riscv/src/register/macros.rs:258:23
    |
258 |                 #[cfg(riscv32)]
    |                       ^^^^^^^ help: there is a config with a similar name: `riscv`
    |
   ::: /home/hwt/桌面/sources/实验和项目类/os区域赛/rcore-lab/vendor/riscv/src/register/mhpmcounterx.rs:52:1
    |
52  | reg!(0xB1D, mhpmcounter29, mhpmcounter29h, __read_mhpmcounter29, __write_mhpmcounter29);
    | --------------------------------------------------------------------------------------- in this macro invocation
    |
    = help: consider using a Cargo feature instead
    = help: or consider adding in `Cargo.toml` the `check-cfg` lint config for the lint:
             [lints.rust]
             unexpected_cfgs = { level = "warn", check-cfg = ['cfg(riscv32)'] }
    = help: or consider adding `println!("cargo::rustc-check-cfg=cfg(riscv32)");` to the top of the `build.rs`
    = note: see <https://doc.rust-lang.org/nightly/rustc/check-cfg/cargo-specifics.html> for more information about checking conditional configuration
    = note: this warning originates in the macro `read_composite_csr` which comes from the expansion of the macro `reg` (in Nightly builds, run with -Z macro-backtrace for more info)

warning: unexpected `cfg` condition name: `riscv32`
   --> /home/hwt/桌面/sources/实验和项目类/os区域赛/rcore-lab/vendor/riscv/src/register/macros.rs:267:27
    |
267 |                 #[cfg(not(riscv32))]
    |                           ^^^^^^^ help: there is a config with a similar name: `riscv`
    |
   ::: /home/hwt/桌面/sources/实验和项目类/os区域赛/rcore-lab/vendor/riscv/src/register/mhpmcounterx.rs:52:1
    |
52  | reg!(0xB1D, mhpmcounter29, mhpmcounter29h, __read_mhpmcounter29, __write_mhpmcounter29);
    | --------------------------------------------------------------------------------------- in this macro invocation
    |
    = help: consider using a Cargo feature instead
    = help: or consider adding in `Cargo.toml` the `check-cfg` lint config for the lint:
             [lints.rust]
             unexpected_cfgs = { level = "warn", check-cfg = ['cfg(riscv32)'] }
    = help: or consider adding `println!("cargo::rustc-check-cfg=cfg(riscv32)");` to the top of the `build.rs`
    = note: see <https://doc.rust-lang.org/nightly/rustc/check-cfg/cargo-specifics.html> for more information about checking conditional configuration
    = note: this warning originates in the macro `read_composite_csr` which comes from the expansion of the macro `reg` (in Nightly builds, run with -Z macro-backtrace for more info)

warning: unexpected `cfg` condition name: `riscv32`
   --> /home/hwt/桌面/sources/实验和项目类/os区域赛/rcore-lab/vendor/riscv/src/register/macros.rs:258:23
    |
258 |                 #[cfg(riscv32)]
    |                       ^^^^^^^ help: there is a config with a similar name: `riscv`
    |
   ::: /home/hwt/桌面/sources/实验和项目类/os区域赛/rcore-lab/vendor/riscv/src/register/mhpmcounterx.rs:53:1
    |
53  | reg!(0xB1E, mhpmcounter30, mhpmcounter30h, __read_mhpmcounter30, __write_mhpmcounter30);
    | --------------------------------------------------------------------------------------- in this macro invocation
    |
    = help: consider using a Cargo feature instead
    = help: or consider adding in `Cargo.toml` the `check-cfg` lint config for the lint:
             [lints.rust]
             unexpected_cfgs = { level = "warn", check-cfg = ['cfg(riscv32)'] }
    = help: or consider adding `println!("cargo::rustc-check-cfg=cfg(riscv32)");` to the top of the `build.rs`
    = note: see <https://doc.rust-lang.org/nightly/rustc/check-cfg/cargo-specifics.html> for more information about checking conditional configuration
    = note: this warning originates in the macro `read_composite_csr` which comes from the expansion of the macro `reg` (in Nightly builds, run with -Z macro-backtrace for more info)

warning: unexpected `cfg` condition name: `riscv32`
   --> /home/hwt/桌面/sources/实验和项目类/os区域赛/rcore-lab/vendor/riscv/src/register/macros.rs:267:27
    |
267 |                 #[cfg(not(riscv32))]
    |                           ^^^^^^^ help: there is a config with a similar name: `riscv`
    |
   ::: /home/hwt/桌面/sources/实验和项目类/os区域赛/rcore-lab/vendor/riscv/src/register/mhpmcounterx.rs:53:1
    |
53  | reg!(0xB1E, mhpmcounter30, mhpmcounter30h, __read_mhpmcounter30, __write_mhpmcounter30);
    | --------------------------------------------------------------------------------------- in this macro invocation
    |
    = help: consider using a Cargo feature instead
    = help: or consider adding in `Cargo.toml` the `check-cfg` lint config for the lint:
             [lints.rust]
             unexpected_cfgs = { level = "warn", check-cfg = ['cfg(riscv32)'] }
    = help: or consider adding `println!("cargo::rustc-check-cfg=cfg(riscv32)");` to the top of the `build.rs`
    = note: see <https://doc.rust-lang.org/nightly/rustc/check-cfg/cargo-specifics.html> for more information about checking conditional configuration
    = note: this warning originates in the macro `read_composite_csr` which comes from the expansion of the macro `reg` (in Nightly builds, run with -Z macro-backtrace for more info)

warning: unexpected `cfg` condition name: `riscv32`
   --> /home/hwt/桌面/sources/实验和项目类/os区域赛/rcore-lab/vendor/riscv/src/register/macros.rs:258:23
    |
258 |                 #[cfg(riscv32)]
    |                       ^^^^^^^ help: there is a config with a similar name: `riscv`
    |
   ::: /home/hwt/桌面/sources/实验和项目类/os区域赛/rcore-lab/vendor/riscv/src/register/mhpmcounterx.rs:54:1
    |
54  | reg!(0xB1F, mhpmcounter31, mhpmcounter31h, __read_mhpmcounter31, __write_mhpmcounter31);
    | --------------------------------------------------------------------------------------- in this macro invocation
    |
    = help: consider using a Cargo feature instead
    = help: or consider adding in `Cargo.toml` the `check-cfg` lint config for the lint:
             [lints.rust]
             unexpected_cfgs = { level = "warn", check-cfg = ['cfg(riscv32)'] }
    = help: or consider adding `println!("cargo::rustc-check-cfg=cfg(riscv32)");` to the top of the `build.rs`
    = note: see <https://doc.rust-lang.org/nightly/rustc/check-cfg/cargo-specifics.html> for more information about checking conditional configuration
    = note: this warning originates in the macro `read_composite_csr` which comes from the expansion of the macro `reg` (in Nightly builds, run with -Z macro-backtrace for more info)

warning: unexpected `cfg` condition name: `riscv32`
   --> /home/hwt/桌面/sources/实验和项目类/os区域赛/rcore-lab/vendor/riscv/src/register/macros.rs:267:27
    |
267 |                 #[cfg(not(riscv32))]
    |                           ^^^^^^^ help: there is a config with a similar name: `riscv`
    |
   ::: /home/hwt/桌面/sources/实验和项目类/os区域赛/rcore-lab/vendor/riscv/src/register/mhpmcounterx.rs:54:1
    |
54  | reg!(0xB1F, mhpmcounter31, mhpmcounter31h, __read_mhpmcounter31, __write_mhpmcounter31);
    | --------------------------------------------------------------------------------------- in this macro invocation
    |
    = help: consider using a Cargo feature instead
    = help: or consider adding in `Cargo.toml` the `check-cfg` lint config for the lint:
             [lints.rust]
             unexpected_cfgs = { level = "warn", check-cfg = ['cfg(riscv32)'] }
    = help: or consider adding `println!("cargo::rustc-check-cfg=cfg(riscv32)");` to the top of the `build.rs`
    = note: see <https://doc.rust-lang.org/nightly/rustc/check-cfg/cargo-specifics.html> for more information about checking conditional configuration
    = note: this warning originates in the macro `read_composite_csr` which comes from the expansion of the macro `reg` (in Nightly builds, run with -Z macro-backtrace for more info)

warning: unexpected `cfg` condition name: `riscv32`
  --> /home/hwt/桌面/sources/实验和项目类/os区域赛/rcore-lab/vendor/riscv/src/register/macros.rs:36:27
   |
36 |                 #[cfg(all(riscv32, feature = "inline-asm"))]
   |                           ^^^^^^^ help: there is a config with a similar name: `riscv`
   |
  ::: /home/hwt/桌面/sources/实验和项目类/os区域赛/rcore-lab/vendor/riscv/src/register/mhpmcounterx.rs:56:1
   |
56 | regh!(0xB83, mhpmcounter3h,  __read_mhpmcounter3h,  __write_mhpmcounter3h);
   | -------------------------------------------------------------------------- in this macro invocation
   |
   = help: consider using a Cargo feature instead
   = help: or consider adding in `Cargo.toml` the `check-cfg` lint config for the lint:
            [lints.rust]
            unexpected_cfgs = { level = "warn", check-cfg = ['cfg(riscv32)'] }
   = help: or consider adding `println!("cargo::rustc-check-cfg=cfg(riscv32)");` to the top of the `build.rs`
   = note: see <https://doc.rust-lang.org/nightly/rustc/check-cfg/cargo-specifics.html> for more information about checking conditional configuration
   = note: this warning originates in the macro `read_csr_rv32` which comes from the expansion of the macro `regh` (in Nightly builds, run with -Z macro-backtrace for more info)

warning: unexpected `cfg` condition name: `riscv32`
  --> /home/hwt/桌面/sources/实验和项目类/os区域赛/rcore-lab/vendor/riscv/src/register/macros.rs:43:27
   |
43 |                 #[cfg(all(riscv32, not(feature = "inline-asm")))]
   |                           ^^^^^^^ help: there is a config with a similar name: `riscv`
   |
  ::: /home/hwt/桌面/sources/实验和项目类/os区域赛/rcore-lab/vendor/riscv/src/register/mhpmcounterx.rs:56:1
   |
56 | regh!(0xB83, mhpmcounter3h,  __read_mhpmcounter3h,  __write_mhpmcounter3h);
   | -------------------------------------------------------------------------- in this macro invocation
   |
   = help: consider using a Cargo feature instead
   = help: or consider adding in `Cargo.toml` the `check-cfg` lint config for the lint:
            [lints.rust]
            unexpected_cfgs = { level = "warn", check-cfg = ['cfg(riscv32)'] }
   = help: or consider adding `println!("cargo::rustc-check-cfg=cfg(riscv32)");` to the top of the `build.rs`
   = note: see <https://doc.rust-lang.org/nightly/rustc/check-cfg/cargo-specifics.html> for more information about checking conditional configuration
   = note: this warning originates in the macro `read_csr_rv32` which comes from the expansion of the macro `regh` (in Nightly builds, run with -Z macro-backtrace for more info)

warning: unexpected `cfg` condition name: `riscv32`
  --> /home/hwt/桌面/sources/实验和项目类/os区域赛/rcore-lab/vendor/riscv/src/register/macros.rs:52:27
   |
52 |                 #[cfg(not(riscv32))]
   |                           ^^^^^^^ help: there is a config with a similar name: `riscv`
   |
  ::: /home/hwt/桌面/sources/实验和项目类/os区域赛/rcore-lab/vendor/riscv/src/register/mhpmcounterx.rs:56:1
   |
56 | regh!(0xB83, mhpmcounter3h,  __read_mhpmcounter3h,  __write_mhpmcounter3h);
   | -------------------------------------------------------------------------- in this macro invocation
   |
   = help: consider using a Cargo feature instead
   = help: or consider adding in `Cargo.toml` the `check-cfg` lint config for the lint:
            [lints.rust]
            unexpected_cfgs = { level = "warn", check-cfg = ['cfg(riscv32)'] }
   = help: or consider adding `println!("cargo::rustc-check-cfg=cfg(riscv32)");` to the top of the `build.rs`
   = note: see <https://doc.rust-lang.org/nightly/rustc/check-cfg/cargo-specifics.html> for more information about checking conditional configuration
   = note: this warning originates in the macro `read_csr_rv32` which comes from the expansion of the macro `regh` (in Nightly builds, run with -Z macro-backtrace for more info)

warning: unexpected `cfg` condition name: `riscv32`
   --> /home/hwt/桌面/sources/实验和项目类/os区域赛/rcore-lab/vendor/riscv/src/register/macros.rs:130:27
    |
130 |                 #[cfg(all(riscv32, feature = "inline-asm"))]
    |                           ^^^^^^^ help: there is a config with a similar name: `riscv`
    |
   ::: /home/hwt/桌面/sources/实验和项目类/os区域赛/rcore-lab/vendor/riscv/src/register/mhpmcounterx.rs:56:1
    |
56  | regh!(0xB83, mhpmcounter3h,  __read_mhpmcounter3h,  __write_mhpmcounter3h);
    | -------------------------------------------------------------------------- in this macro invocation
    |
    = help: consider using a Cargo feature instead
    = help: or consider adding in `Cargo.toml` the `check-cfg` lint config for the lint:
             [lints.rust]
             unexpected_cfgs = { level = "warn", check-cfg = ['cfg(riscv32)'] }
    = help: or consider adding `println!("cargo::rustc-check-cfg=cfg(riscv32)");` to the top of the `build.rs`
    = note: see <https://doc.rust-lang.org/nightly/rustc/check-cfg/cargo-specifics.html> for more information about checking conditional configuration
    = note: this warning originates in the macro `write_csr_rv32` which comes from the expansion of the macro `regh` (in Nightly builds, run with -Z macro-backtrace for more info)

warning: unexpected `cfg` condition name: `riscv32`
   --> /home/hwt/桌面/sources/实验和项目类/os区域赛/rcore-lab/vendor/riscv/src/register/macros.rs:133:27
    |
133 |                 #[cfg(all(riscv32, not(feature = "inline-asm")))]
    |                           ^^^^^^^ help: there is a config with a similar name: `riscv`
    |
   ::: /home/hwt/桌面/sources/实验和项目类/os区域赛/rcore-lab/vendor/riscv/src/register/mhpmcounterx.rs:56:1
    |
56  | regh!(0xB83, mhpmcounter3h,  __read_mhpmcounter3h,  __write_mhpmcounter3h);
    | -------------------------------------------------------------------------- in this macro invocation
    |
    = help: consider using a Cargo feature instead
    = help: or consider adding in `Cargo.toml` the `check-cfg` lint config for the lint:
             [lints.rust]
             unexpected_cfgs = { level = "warn", check-cfg = ['cfg(riscv32)'] }
    = help: or consider adding `println!("cargo::rustc-check-cfg=cfg(riscv32)");` to the top of the `build.rs`
    = note: see <https://doc.rust-lang.org/nightly/rustc/check-cfg/cargo-specifics.html> for more information about checking conditional configuration
    = note: this warning originates in the macro `write_csr_rv32` which comes from the expansion of the macro `regh` (in Nightly builds, run with -Z macro-backtrace for more info)

warning: unexpected `cfg` condition name: `riscv32`
   --> /home/hwt/桌面/sources/实验和项目类/os区域赛/rcore-lab/vendor/riscv/src/register/macros.rs:142:27
    |
142 |                 #[cfg(not(riscv32))]
    |                           ^^^^^^^ help: there is a config with a similar name: `riscv`
    |
   ::: /home/hwt/桌面/sources/实验和项目类/os区域赛/rcore-lab/vendor/riscv/src/register/mhpmcounterx.rs:56:1
    |
56  | regh!(0xB83, mhpmcounter3h,  __read_mhpmcounter3h,  __write_mhpmcounter3h);
    | -------------------------------------------------------------------------- in this macro invocation
    |
    = help: consider using a Cargo feature instead
    = help: or consider adding in `Cargo.toml` the `check-cfg` lint config for the lint:
             [lints.rust]
             unexpected_cfgs = { level = "warn", check-cfg = ['cfg(riscv32)'] }
    = help: or consider adding `println!("cargo::rustc-check-cfg=cfg(riscv32)");` to the top of the `build.rs`
    = note: see <https://doc.rust-lang.org/nightly/rustc/check-cfg/cargo-specifics.html> for more information about checking conditional configuration
    = note: this warning originates in the macro `write_csr_rv32` which comes from the expansion of the macro `regh` (in Nightly builds, run with -Z macro-backtrace for more info)

warning: unexpected `cfg` condition name: `riscv32`
  --> /home/hwt/桌面/sources/实验和项目类/os区域赛/rcore-lab/vendor/riscv/src/register/macros.rs:36:27
   |
36 |                 #[cfg(all(riscv32, feature = "inline-asm"))]
   |                           ^^^^^^^ help: there is a config with a similar name: `riscv`
   |
  ::: /home/hwt/桌面/sources/实验和项目类/os区域赛/rcore-lab/vendor/riscv/src/register/mhpmcounterx.rs:57:1
   |
57 | regh!(0xB84, mhpmcounter4h,  __read_mhpmcounter4h,  __write_mhpmcounter4h);
   | -------------------------------------------------------------------------- in this macro invocation
   |
   = help: consider using a Cargo feature instead
   = help: or consider adding in `Cargo.toml` the `check-cfg` lint config for the lint:
            [lints.rust]
            unexpected_cfgs = { level = "warn", check-cfg = ['cfg(riscv32)'] }
   = help: or consider adding `println!("cargo::rustc-check-cfg=cfg(riscv32)");` to the top of the `build.rs`
   = note: see <https://doc.rust-lang.org/nightly/rustc/check-cfg/cargo-specifics.html> for more information about checking conditional configuration
   = note: this warning originates in the macro `read_csr_rv32` which comes from the expansion of the macro `regh` (in Nightly builds, run with -Z macro-backtrace for more info)

warning: unexpected `cfg` condition name: `riscv32`
  --> /home/hwt/桌面/sources/实验和项目类/os区域赛/rcore-lab/vendor/riscv/src/register/macros.rs:43:27
   |
43 |                 #[cfg(all(riscv32, not(feature = "inline-asm")))]
   |                           ^^^^^^^ help: there is a config with a similar name: `riscv`
   |
  ::: /home/hwt/桌面/sources/实验和项目类/os区域赛/rcore-lab/vendor/riscv/src/register/mhpmcounterx.rs:57:1
   |
57 | regh!(0xB84, mhpmcounter4h,  __read_mhpmcounter4h,  __write_mhpmcounter4h);
   | -------------------------------------------------------------------------- in this macro invocation
   |
   = help: consider using a Cargo feature instead
   = help: or consider adding in `Cargo.toml` the `check-cfg` lint config for the lint:
            [lints.rust]
            unexpected_cfgs = { level = "warn", check-cfg = ['cfg(riscv32)'] }
   = help: or consider adding `println!("cargo::rustc-check-cfg=cfg(riscv32)");` to the top of the `build.rs`
   = note: see <https://doc.rust-lang.org/nightly/rustc/check-cfg/cargo-specifics.html> for more information about checking conditional configuration
   = note: this warning originates in the macro `read_csr_rv32` which comes from the expansion of the macro `regh` (in Nightly builds, run with -Z macro-backtrace for more info)

warning: unexpected `cfg` condition name: `riscv32`
  --> /home/hwt/桌面/sources/实验和项目类/os区域赛/rcore-lab/vendor/riscv/src/register/macros.rs:52:27
   |
52 |                 #[cfg(not(riscv32))]
   |                           ^^^^^^^ help: there is a config with a similar name: `riscv`
   |
  ::: /home/hwt/桌面/sources/实验和项目类/os区域赛/rcore-lab/vendor/riscv/src/register/mhpmcounterx.rs:57:1
   |
57 | regh!(0xB84, mhpmcounter4h,  __read_mhpmcounter4h,  __write_mhpmcounter4h);
   | -------------------------------------------------------------------------- in this macro invocation
   |
   = help: consider using a Cargo feature instead
   = help: or consider adding in `Cargo.toml` the `check-cfg` lint config for the lint:
            [lints.rust]
            unexpected_cfgs = { level = "warn", check-cfg = ['cfg(riscv32)'] }
   = help: or consider adding `println!("cargo::rustc-check-cfg=cfg(riscv32)");` to the top of the `build.rs`
   = note: see <https://doc.rust-lang.org/nightly/rustc/check-cfg/cargo-specifics.html> for more information about checking conditional configuration
   = note: this warning originates in the macro `read_csr_rv32` which comes from the expansion of the macro `regh` (in Nightly builds, run with -Z macro-backtrace for more info)

warning: unexpected `cfg` condition name: `riscv32`
   --> /home/hwt/桌面/sources/实验和项目类/os区域赛/rcore-lab/vendor/riscv/src/register/macros.rs:130:27
    |
130 |                 #[cfg(all(riscv32, feature = "inline-asm"))]
    |                           ^^^^^^^ help: there is a config with a similar name: `riscv`
    |
   ::: /home/hwt/桌面/sources/实验和项目类/os区域赛/rcore-lab/vendor/riscv/src/register/mhpmcounterx.rs:57:1
    |
57  | regh!(0xB84, mhpmcounter4h,  __read_mhpmcounter4h,  __write_mhpmcounter4h);
    | -------------------------------------------------------------------------- in this macro invocation
    |
    = help: consider using a Cargo feature instead
    = help: or consider adding in `Cargo.toml` the `check-cfg` lint config for the lint:
             [lints.rust]
             unexpected_cfgs = { level = "warn", check-cfg = ['cfg(riscv32)'] }
    = help: or consider adding `println!("cargo::rustc-check-cfg=cfg(riscv32)");` to the top of the `build.rs`
    = note: see <https://doc.rust-lang.org/nightly/rustc/check-cfg/cargo-specifics.html> for more information about checking conditional configuration
    = note: this warning originates in the macro `write_csr_rv32` which comes from the expansion of the macro `regh` (in Nightly builds, run with -Z macro-backtrace for more info)

warning: unexpected `cfg` condition name: `riscv32`
   --> /home/hwt/桌面/sources/实验和项目类/os区域赛/rcore-lab/vendor/riscv/src/register/macros.rs:133:27
    |
133 |                 #[cfg(all(riscv32, not(feature = "inline-asm")))]
    |                           ^^^^^^^ help: there is a config with a similar name: `riscv`
    |
   ::: /home/hwt/桌面/sources/实验和项目类/os区域赛/rcore-lab/vendor/riscv/src/register/mhpmcounterx.rs:57:1
    |
57  | regh!(0xB84, mhpmcounter4h,  __read_mhpmcounter4h,  __write_mhpmcounter4h);
    | -------------------------------------------------------------------------- in this macro invocation
    |
    = help: consider using a Cargo feature instead
    = help: or consider adding in `Cargo.toml` the `check-cfg` lint config for the lint:
             [lints.rust]
             unexpected_cfgs = { level = "warn", check-cfg = ['cfg(riscv32)'] }
    = help: or consider adding `println!("cargo::rustc-check-cfg=cfg(riscv32)");` to the top of the `build.rs`
    = note: see <https://doc.rust-lang.org/nightly/rustc/check-cfg/cargo-specifics.html> for more information about checking conditional configuration
    = note: this warning originates in the macro `write_csr_rv32` which comes from the expansion of the macro `regh` (in Nightly builds, run with -Z macro-backtrace for more info)

warning: unexpected `cfg` condition name: `riscv32`
   --> /home/hwt/桌面/sources/实验和项目类/os区域赛/rcore-lab/vendor/riscv/src/register/macros.rs:142:27
    |
142 |                 #[cfg(not(riscv32))]
    |                           ^^^^^^^ help: there is a config with a similar name: `riscv`
    |
   ::: /home/hwt/桌面/sources/实验和项目类/os区域赛/rcore-lab/vendor/riscv/src/register/mhpmcounterx.rs:57:1
    |
57  | regh!(0xB84, mhpmcounter4h,  __read_mhpmcounter4h,  __write_mhpmcounter4h);
    | -------------------------------------------------------------------------- in this macro invocation
    |
    = help: consider using a Cargo feature instead
    = help: or consider adding in `Cargo.toml` the `check-cfg` lint config for the lint:
             [lints.rust]
             unexpected_cfgs = { level = "warn", check-cfg = ['cfg(riscv32)'] }
    = help: or consider adding `println!("cargo::rustc-check-cfg=cfg(riscv32)");` to the top of the `build.rs`
    = note: see <https://doc.rust-lang.org/nightly/rustc/check-cfg/cargo-specifics.html> for more information about checking conditional configuration
    = note: this warning originates in the macro `write_csr_rv32` which comes from the expansion of the macro `regh` (in Nightly builds, run with -Z macro-backtrace for more info)

warning: unexpected `cfg` condition name: `riscv32`
  --> /home/hwt/桌面/sources/实验和项目类/os区域赛/rcore-lab/vendor/riscv/src/register/macros.rs:36:27
   |
36 |                 #[cfg(all(riscv32, feature = "inline-asm"))]
   |                           ^^^^^^^ help: there is a config with a similar name: `riscv`
   |
  ::: /home/hwt/桌面/sources/实验和项目类/os区域赛/rcore-lab/vendor/riscv/src/register/mhpmcounterx.rs:58:1
   |
58 | regh!(0xB85, mhpmcounter5h,  __read_mhpmcounter5h,  __write_mhpmcounter5h);
   | -------------------------------------------------------------------------- in this macro invocation
   |
   = help: consider using a Cargo feature instead
   = help: or consider adding in `Cargo.toml` the `check-cfg` lint config for the lint:
            [lints.rust]
            unexpected_cfgs = { level = "warn", check-cfg = ['cfg(riscv32)'] }
   = help: or consider adding `println!("cargo::rustc-check-cfg=cfg(riscv32)");` to the top of the `build.rs`
   = note: see <https://doc.rust-lang.org/nightly/rustc/check-cfg/cargo-specifics.html> for more information about checking conditional configuration
   = note: this warning originates in the macro `read_csr_rv32` which comes from the expansion of the macro `regh` (in Nightly builds, run with -Z macro-backtrace for more info)

warning: unexpected `cfg` condition name: `riscv32`
  --> /home/hwt/桌面/sources/实验和项目类/os区域赛/rcore-lab/vendor/riscv/src/register/macros.rs:43:27
   |
43 |                 #[cfg(all(riscv32, not(feature = "inline-asm")))]
   |                           ^^^^^^^ help: there is a config with a similar name: `riscv`
   |
  ::: /home/hwt/桌面/sources/实验和项目类/os区域赛/rcore-lab/vendor/riscv/src/register/mhpmcounterx.rs:58:1
   |
58 | regh!(0xB85, mhpmcounter5h,  __read_mhpmcounter5h,  __write_mhpmcounter5h);
   | -------------------------------------------------------------------------- in this macro invocation
   |
   = help: consider using a Cargo feature instead
   = help: or consider adding in `Cargo.toml` the `check-cfg` lint config for the lint:
            [lints.rust]
            unexpected_cfgs = { level = "warn", check-cfg = ['cfg(riscv32)'] }
   = help: or consider adding `println!("cargo::rustc-check-cfg=cfg(riscv32)");` to the top of the `build.rs`
   = note: see <https://doc.rust-lang.org/nightly/rustc/check-cfg/cargo-specifics.html> for more information about checking conditional configuration
   = note: this warning originates in the macro `read_csr_rv32` which comes from the expansion of the macro `regh` (in Nightly builds, run with -Z macro-backtrace for more info)

warning: unexpected `cfg` condition name: `riscv32`
  --> /home/hwt/桌面/sources/实验和项目类/os区域赛/rcore-lab/vendor/riscv/src/register/macros.rs:52:27
   |
52 |                 #[cfg(not(riscv32))]
   |                           ^^^^^^^ help: there is a config with a similar name: `riscv`
   |
  ::: /home/hwt/桌面/sources/实验和项目类/os区域赛/rcore-lab/vendor/riscv/src/register/mhpmcounterx.rs:58:1
   |
58 | regh!(0xB85, mhpmcounter5h,  __read_mhpmcounter5h,  __write_mhpmcounter5h);
   | -------------------------------------------------------------------------- in this macro invocation
   |
   = help: consider using a Cargo feature instead
   = help: or consider adding in `Cargo.toml` the `check-cfg` lint config for the lint:
            [lints.rust]
            unexpected_cfgs = { level = "warn", check-cfg = ['cfg(riscv32)'] }
   = help: or consider adding `println!("cargo::rustc-check-cfg=cfg(riscv32)");` to the top of the `build.rs`
   = note: see <https://doc.rust-lang.org/nightly/rustc/check-cfg/cargo-specifics.html> for more information about checking conditional configuration
   = note: this warning originates in the macro `read_csr_rv32` which comes from the expansion of the macro `regh` (in Nightly builds, run with -Z macro-backtrace for more info)

warning: unexpected `cfg` condition name: `riscv32`
   --> /home/hwt/桌面/sources/实验和项目类/os区域赛/rcore-lab/vendor/riscv/src/register/macros.rs:130:27
    |
130 |                 #[cfg(all(riscv32, feature = "inline-asm"))]
    |                           ^^^^^^^ help: there is a config with a similar name: `riscv`
    |
   ::: /home/hwt/桌面/sources/实验和项目类/os区域赛/rcore-lab/vendor/riscv/src/register/mhpmcounterx.rs:58:1
    |
58  | regh!(0xB85, mhpmcounter5h,  __read_mhpmcounter5h,  __write_mhpmcounter5h);
    | -------------------------------------------------------------------------- in this macro invocation
    |
    = help: consider using a Cargo feature instead
    = help: or consider adding in `Cargo.toml` the `check-cfg` lint config for the lint:
             [lints.rust]
             unexpected_cfgs = { level = "warn", check-cfg = ['cfg(riscv32)'] }
    = help: or consider adding `println!("cargo::rustc-check-cfg=cfg(riscv32)");` to the top of the `build.rs`
    = note: see <https://doc.rust-lang.org/nightly/rustc/check-cfg/cargo-specifics.html> for more information about checking conditional configuration
    = note: this warning originates in the macro `write_csr_rv32` which comes from the expansion of the macro `regh` (in Nightly builds, run with -Z macro-backtrace for more info)

warning: unexpected `cfg` condition name: `riscv32`
   --> /home/hwt/桌面/sources/实验和项目类/os区域赛/rcore-lab/vendor/riscv/src/register/macros.rs:133:27
    |
133 |                 #[cfg(all(riscv32, not(feature = "inline-asm")))]
    |                           ^^^^^^^ help: there is a config with a similar name: `riscv`
    |
   ::: /home/hwt/桌面/sources/实验和项目类/os区域赛/rcore-lab/vendor/riscv/src/register/mhpmcounterx.rs:58:1
    |
58  | regh!(0xB85, mhpmcounter5h,  __read_mhpmcounter5h,  __write_mhpmcounter5h);
    | -------------------------------------------------------------------------- in this macro invocation
    |
    = help: consider using a Cargo feature instead
    = help: or consider adding in `Cargo.toml` the `check-cfg` lint config for the lint:
             [lints.rust]
             unexpected_cfgs = { level = "warn", check-cfg = ['cfg(riscv32)'] }
    = help: or consider adding `println!("cargo::rustc-check-cfg=cfg(riscv32)");` to the top of the `build.rs`
    = note: see <https://doc.rust-lang.org/nightly/rustc/check-cfg/cargo-specifics.html> for more information about checking conditional configuration
    = note: this warning originates in the macro `write_csr_rv32` which comes from the expansion of the macro `regh` (in Nightly builds, run with -Z macro-backtrace for more info)

warning: unexpected `cfg` condition name: `riscv32`
   --> /home/hwt/桌面/sources/实验和项目类/os区域赛/rcore-lab/vendor/riscv/src/register/macros.rs:142:27
    |
142 |                 #[cfg(not(riscv32))]
    |                           ^^^^^^^ help: there is a config with a similar name: `riscv`
    |
   ::: /home/hwt/桌面/sources/实验和项目类/os区域赛/rcore-lab/vendor/riscv/src/register/mhpmcounterx.rs:58:1
    |
58  | regh!(0xB85, mhpmcounter5h,  __read_mhpmcounter5h,  __write_mhpmcounter5h);
    | -------------------------------------------------------------------------- in this macro invocation
    |
    = help: consider using a Cargo feature instead
    = help: or consider adding in `Cargo.toml` the `check-cfg` lint config for the lint:
             [lints.rust]
             unexpected_cfgs = { level = "warn", check-cfg = ['cfg(riscv32)'] }
    = help: or consider adding `println!("cargo::rustc-check-cfg=cfg(riscv32)");` to the top of the `build.rs`
    = note: see <https://doc.rust-lang.org/nightly/rustc/check-cfg/cargo-specifics.html> for more information about checking conditional configuration
    = note: this warning originates in the macro `write_csr_rv32` which comes from the expansion of the macro `regh` (in Nightly builds, run with -Z macro-backtrace for more info)

warning: unexpected `cfg` condition name: `riscv32`
  --> /home/hwt/桌面/sources/实验和项目类/os区域赛/rcore-lab/vendor/riscv/src/register/macros.rs:36:27
   |
36 |                 #[cfg(all(riscv32, feature = "inline-asm"))]
   |                           ^^^^^^^ help: there is a config with a similar name: `riscv`
   |
  ::: /home/hwt/桌面/sources/实验和项目类/os区域赛/rcore-lab/vendor/riscv/src/register/mhpmcounterx.rs:59:1
   |
59 | regh!(0xB86, mhpmcounter6h,  __read_mhpmcounter6h,  __write_mhpmcounter6h);
   | -------------------------------------------------------------------------- in this macro invocation
   |
   = help: consider using a Cargo feature instead
   = help: or consider adding in `Cargo.toml` the `check-cfg` lint config for the lint:
            [lints.rust]
            unexpected_cfgs = { level = "warn", check-cfg = ['cfg(riscv32)'] }
   = help: or consider adding `println!("cargo::rustc-check-cfg=cfg(riscv32)");` to the top of the `build.rs`
   = note: see <https://doc.rust-lang.org/nightly/rustc/check-cfg/cargo-specifics.html> for more information about checking conditional configuration
   = note: this warning originates in the macro `read_csr_rv32` which comes from the expansion of the macro `regh` (in Nightly builds, run with -Z macro-backtrace for more info)

warning: unexpected `cfg` condition name: `riscv32`
  --> /home/hwt/桌面/sources/实验和项目类/os区域赛/rcore-lab/vendor/riscv/src/register/macros.rs:43:27
   |
43 |                 #[cfg(all(riscv32, not(feature = "inline-asm")))]
   |                           ^^^^^^^ help: there is a config with a similar name: `riscv`
   |
  ::: /home/hwt/桌面/sources/实验和项目类/os区域赛/rcore-lab/vendor/riscv/src/register/mhpmcounterx.rs:59:1
   |
59 | regh!(0xB86, mhpmcounter6h,  __read_mhpmcounter6h,  __write_mhpmcounter6h);
   | -------------------------------------------------------------------------- in this macro invocation
   |
   = help: consider using a Cargo feature instead
   = help: or consider adding in `Cargo.toml` the `check-cfg` lint config for the lint:
            [lints.rust]
            unexpected_cfgs = { level = "warn", check-cfg = ['cfg(riscv32)'] }
   = help: or consider adding `println!("cargo::rustc-check-cfg=cfg(riscv32)");` to the top of the `build.rs`
   = note: see <https://doc.rust-lang.org/nightly/rustc/check-cfg/cargo-specifics.html> for more information about checking conditional configuration
   = note: this warning originates in the macro `read_csr_rv32` which comes from the expansion of the macro `regh` (in Nightly builds, run with -Z macro-backtrace for more info)

warning: unexpected `cfg` condition name: `riscv32`
  --> /home/hwt/桌面/sources/实验和项目类/os区域赛/rcore-lab/vendor/riscv/src/register/macros.rs:52:27
   |
52 |                 #[cfg(not(riscv32))]
   |                           ^^^^^^^ help: there is a config with a similar name: `riscv`
   |
  ::: /home/hwt/桌面/sources/实验和项目类/os区域赛/rcore-lab/vendor/riscv/src/register/mhpmcounterx.rs:59:1
   |
59 | regh!(0xB86, mhpmcounter6h,  __read_mhpmcounter6h,  __write_mhpmcounter6h);
   | -------------------------------------------------------------------------- in this macro invocation
   |
   = help: consider using a Cargo feature instead
   = help: or consider adding in `Cargo.toml` the `check-cfg` lint config for the lint:
            [lints.rust]
            unexpected_cfgs = { level = "warn", check-cfg = ['cfg(riscv32)'] }
   = help: or consider adding `println!("cargo::rustc-check-cfg=cfg(riscv32)");` to the top of the `build.rs`
   = note: see <https://doc.rust-lang.org/nightly/rustc/check-cfg/cargo-specifics.html> for more information about checking conditional configuration
   = note: this warning originates in the macro `read_csr_rv32` which comes from the expansion of the macro `regh` (in Nightly builds, run with -Z macro-backtrace for more info)

warning: unexpected `cfg` condition name: `riscv32`
   --> /home/hwt/桌面/sources/实验和项目类/os区域赛/rcore-lab/vendor/riscv/src/register/macros.rs:130:27
    |
130 |                 #[cfg(all(riscv32, feature = "inline-asm"))]
    |                           ^^^^^^^ help: there is a config with a similar name: `riscv`
    |
   ::: /home/hwt/桌面/sources/实验和项目类/os区域赛/rcore-lab/vendor/riscv/src/register/mhpmcounterx.rs:59:1
    |
59  | regh!(0xB86, mhpmcounter6h,  __read_mhpmcounter6h,  __write_mhpmcounter6h);
    | -------------------------------------------------------------------------- in this macro invocation
    |
    = help: consider using a Cargo feature instead
    = help: or consider adding in `Cargo.toml` the `check-cfg` lint config for the lint:
             [lints.rust]
             unexpected_cfgs = { level = "warn", check-cfg = ['cfg(riscv32)'] }
    = help: or consider adding `println!("cargo::rustc-check-cfg=cfg(riscv32)");` to the top of the `build.rs`
    = note: see <https://doc.rust-lang.org/nightly/rustc/check-cfg/cargo-specifics.html> for more information about checking conditional configuration
    = note: this warning originates in the macro `write_csr_rv32` which comes from the expansion of the macro `regh` (in Nightly builds, run with -Z macro-backtrace for more info)

warning: unexpected `cfg` condition name: `riscv32`
   --> /home/hwt/桌面/sources/实验和项目类/os区域赛/rcore-lab/vendor/riscv/src/register/macros.rs:133:27
    |
133 |                 #[cfg(all(riscv32, not(feature = "inline-asm")))]
    |                           ^^^^^^^ help: there is a config with a similar name: `riscv`
    |
   ::: /home/hwt/桌面/sources/实验和项目类/os区域赛/rcore-lab/vendor/riscv/src/register/mhpmcounterx.rs:59:1
    |
59  | regh!(0xB86, mhpmcounter6h,  __read_mhpmcounter6h,  __write_mhpmcounter6h);
    | -------------------------------------------------------------------------- in this macro invocation
    |
    = help: consider using a Cargo feature instead
    = help: or consider adding in `Cargo.toml` the `check-cfg` lint config for the lint:
             [lints.rust]
             unexpected_cfgs = { level = "warn", check-cfg = ['cfg(riscv32)'] }
    = help: or consider adding `println!("cargo::rustc-check-cfg=cfg(riscv32)");` to the top of the `build.rs`
    = note: see <https://doc.rust-lang.org/nightly/rustc/check-cfg/cargo-specifics.html> for more information about checking conditional configuration
    = note: this warning originates in the macro `write_csr_rv32` which comes from the expansion of the macro `regh` (in Nightly builds, run with -Z macro-backtrace for more info)

warning: unexpected `cfg` condition name: `riscv32`
   --> /home/hwt/桌面/sources/实验和项目类/os区域赛/rcore-lab/vendor/riscv/src/register/macros.rs:142:27
    |
142 |                 #[cfg(not(riscv32))]
    |                           ^^^^^^^ help: there is a config with a similar name: `riscv`
    |
   ::: /home/hwt/桌面/sources/实验和项目类/os区域赛/rcore-lab/vendor/riscv/src/register/mhpmcounterx.rs:59:1
    |
59  | regh!(0xB86, mhpmcounter6h,  __read_mhpmcounter6h,  __write_mhpmcounter6h);
    | -------------------------------------------------------------------------- in this macro invocation
    |
    = help: consider using a Cargo feature instead
    = help: or consider adding in `Cargo.toml` the `check-cfg` lint config for the lint:
             [lints.rust]
             unexpected_cfgs = { level = "warn", check-cfg = ['cfg(riscv32)'] }
    = help: or consider adding `println!("cargo::rustc-check-cfg=cfg(riscv32)");` to the top of the `build.rs`
    = note: see <https://doc.rust-lang.org/nightly/rustc/check-cfg/cargo-specifics.html> for more information about checking conditional configuration
    = note: this warning originates in the macro `write_csr_rv32` which comes from the expansion of the macro `regh` (in Nightly builds, run with -Z macro-backtrace for more info)

warning: unexpected `cfg` condition name: `riscv32`
  --> /home/hwt/桌面/sources/实验和项目类/os区域赛/rcore-lab/vendor/riscv/src/register/macros.rs:36:27
   |
36 |                 #[cfg(all(riscv32, feature = "inline-asm"))]
   |                           ^^^^^^^ help: there is a config with a similar name: `riscv`
   |
  ::: /home/hwt/桌面/sources/实验和项目类/os区域赛/rcore-lab/vendor/riscv/src/register/mhpmcounterx.rs:60:1
   |
60 | regh!(0xB87, mhpmcounter7h,  __read_mhpmcounter7h,  __write_mhpmcounter7h);
   | -------------------------------------------------------------------------- in this macro invocation
   |
   = help: consider using a Cargo feature instead
   = help: or consider adding in `Cargo.toml` the `check-cfg` lint config for the lint:
            [lints.rust]
            unexpected_cfgs = { level = "warn", check-cfg = ['cfg(riscv32)'] }
   = help: or consider adding `println!("cargo::rustc-check-cfg=cfg(riscv32)");` to the top of the `build.rs`
   = note: see <https://doc.rust-lang.org/nightly/rustc/check-cfg/cargo-specifics.html> for more information about checking conditional configuration
   = note: this warning originates in the macro `read_csr_rv32` which comes from the expansion of the macro `regh` (in Nightly builds, run with -Z macro-backtrace for more info)

warning: unexpected `cfg` condition name: `riscv32`
  --> /home/hwt/桌面/sources/实验和项目类/os区域赛/rcore-lab/vendor/riscv/src/register/macros.rs:43:27
   |
43 |                 #[cfg(all(riscv32, not(feature = "inline-asm")))]
   |                           ^^^^^^^ help: there is a config with a similar name: `riscv`
   |
  ::: /home/hwt/桌面/sources/实验和项目类/os区域赛/rcore-lab/vendor/riscv/src/register/mhpmcounterx.rs:60:1
   |
60 | regh!(0xB87, mhpmcounter7h,  __read_mhpmcounter7h,  __write_mhpmcounter7h);
   | -------------------------------------------------------------------------- in this macro invocation
   |
   = help: consider using a Cargo feature instead
   = help: or consider adding in `Cargo.toml` the `check-cfg` lint config for the lint:
            [lints.rust]
            unexpected_cfgs = { level = "warn", check-cfg = ['cfg(riscv32)'] }
   = help: or consider adding `println!("cargo::rustc-check-cfg=cfg(riscv32)");` to the top of the `build.rs`
   = note: see <https://doc.rust-lang.org/nightly/rustc/check-cfg/cargo-specifics.html> for more information about checking conditional configuration
   = note: this warning originates in the macro `read_csr_rv32` which comes from the expansion of the macro `regh` (in Nightly builds, run with -Z macro-backtrace for more info)

warning: unexpected `cfg` condition name: `riscv32`
  --> /home/hwt/桌面/sources/实验和项目类/os区域赛/rcore-lab/vendor/riscv/src/register/macros.rs:52:27
   |
52 |                 #[cfg(not(riscv32))]
   |                           ^^^^^^^ help: there is a config with a similar name: `riscv`
   |
  ::: /home/hwt/桌面/sources/实验和项目类/os区域赛/rcore-lab/vendor/riscv/src/register/mhpmcounterx.rs:60:1
   |
60 | regh!(0xB87, mhpmcounter7h,  __read_mhpmcounter7h,  __write_mhpmcounter7h);
   | -------------------------------------------------------------------------- in this macro invocation
   |
   = help: consider using a Cargo feature instead
   = help: or consider adding in `Cargo.toml` the `check-cfg` lint config for the lint:
            [lints.rust]
            unexpected_cfgs = { level = "warn", check-cfg = ['cfg(riscv32)'] }
   = help: or consider adding `println!("cargo::rustc-check-cfg=cfg(riscv32)");` to the top of the `build.rs`
   = note: see <https://doc.rust-lang.org/nightly/rustc/check-cfg/cargo-specifics.html> for more information about checking conditional configuration
   = note: this warning originates in the macro `read_csr_rv32` which comes from the expansion of the macro `regh` (in Nightly builds, run with -Z macro-backtrace for more info)

warning: unexpected `cfg` condition name: `riscv32`
   --> /home/hwt/桌面/sources/实验和项目类/os区域赛/rcore-lab/vendor/riscv/src/register/macros.rs:130:27
    |
130 |                 #[cfg(all(riscv32, feature = "inline-asm"))]
    |                           ^^^^^^^ help: there is a config with a similar name: `riscv`
    |
   ::: /home/hwt/桌面/sources/实验和项目类/os区域赛/rcore-lab/vendor/riscv/src/register/mhpmcounterx.rs:60:1
    |
60  | regh!(0xB87, mhpmcounter7h,  __read_mhpmcounter7h,  __write_mhpmcounter7h);
    | -------------------------------------------------------------------------- in this macro invocation
    |
    = help: consider using a Cargo feature instead
    = help: or consider adding in `Cargo.toml` the `check-cfg` lint config for the lint:
             [lints.rust]
             unexpected_cfgs = { level = "warn", check-cfg = ['cfg(riscv32)'] }
    = help: or consider adding `println!("cargo::rustc-check-cfg=cfg(riscv32)");` to the top of the `build.rs`
    = note: see <https://doc.rust-lang.org/nightly/rustc/check-cfg/cargo-specifics.html> for more information about checking conditional configuration
    = note: this warning originates in the macro `write_csr_rv32` which comes from the expansion of the macro `regh` (in Nightly builds, run with -Z macro-backtrace for more info)

warning: unexpected `cfg` condition name: `riscv32`
   --> /home/hwt/桌面/sources/实验和项目类/os区域赛/rcore-lab/vendor/riscv/src/register/macros.rs:133:27
    |
133 |                 #[cfg(all(riscv32, not(feature = "inline-asm")))]
    |                           ^^^^^^^ help: there is a config with a similar name: `riscv`
    |
   ::: /home/hwt/桌面/sources/实验和项目类/os区域赛/rcore-lab/vendor/riscv/src/register/mhpmcounterx.rs:60:1
    |
60  | regh!(0xB87, mhpmcounter7h,  __read_mhpmcounter7h,  __write_mhpmcounter7h);
    | -------------------------------------------------------------------------- in this macro invocation
    |
    = help: consider using a Cargo feature instead
    = help: or consider adding in `Cargo.toml` the `check-cfg` lint config for the lint:
             [lints.rust]
             unexpected_cfgs = { level = "warn", check-cfg = ['cfg(riscv32)'] }
    = help: or consider adding `println!("cargo::rustc-check-cfg=cfg(riscv32)");` to the top of the `build.rs`
    = note: see <https://doc.rust-lang.org/nightly/rustc/check-cfg/cargo-specifics.html> for more information about checking conditional configuration
    = note: this warning originates in the macro `write_csr_rv32` which comes from the expansion of the macro `regh` (in Nightly builds, run with -Z macro-backtrace for more info)

warning: unexpected `cfg` condition name: `riscv32`
   --> /home/hwt/桌面/sources/实验和项目类/os区域赛/rcore-lab/vendor/riscv/src/register/macros.rs:142:27
    |
142 |                 #[cfg(not(riscv32))]
    |                           ^^^^^^^ help: there is a config with a similar name: `riscv`
    |
   ::: /home/hwt/桌面/sources/实验和项目类/os区域赛/rcore-lab/vendor/riscv/src/register/mhpmcounterx.rs:60:1
    |
60  | regh!(0xB87, mhpmcounter7h,  __read_mhpmcounter7h,  __write_mhpmcounter7h);
    | -------------------------------------------------------------------------- in this macro invocation
    |
    = help: consider using a Cargo feature instead
    = help: or consider adding in `Cargo.toml` the `check-cfg` lint config for the lint:
             [lints.rust]
             unexpected_cfgs = { level = "warn", check-cfg = ['cfg(riscv32)'] }
    = help: or consider adding `println!("cargo::rustc-check-cfg=cfg(riscv32)");` to the top of the `build.rs`
    = note: see <https://doc.rust-lang.org/nightly/rustc/check-cfg/cargo-specifics.html> for more information about checking conditional configuration
    = note: this warning originates in the macro `write_csr_rv32` which comes from the expansion of the macro `regh` (in Nightly builds, run with -Z macro-backtrace for more info)

warning: unexpected `cfg` condition name: `riscv32`
  --> /home/hwt/桌面/sources/实验和项目类/os区域赛/rcore-lab/vendor/riscv/src/register/macros.rs:36:27
   |
36 |                 #[cfg(all(riscv32, feature = "inline-asm"))]
   |                           ^^^^^^^ help: there is a config with a similar name: `riscv`
   |
  ::: /home/hwt/桌面/sources/实验和项目类/os区域赛/rcore-lab/vendor/riscv/src/register/mhpmcounterx.rs:61:1
   |
61 | regh!(0xB88, mhpmcounter8h,  __read_mhpmcounter8h,  __write_mhpmcounter8h);
   | -------------------------------------------------------------------------- in this macro invocation
   |
   = help: consider using a Cargo feature instead
   = help: or consider adding in `Cargo.toml` the `check-cfg` lint config for the lint:
            [lints.rust]
            unexpected_cfgs = { level = "warn", check-cfg = ['cfg(riscv32)'] }
   = help: or consider adding `println!("cargo::rustc-check-cfg=cfg(riscv32)");` to the top of the `build.rs`
   = note: see <https://doc.rust-lang.org/nightly/rustc/check-cfg/cargo-specifics.html> for more information about checking conditional configuration
   = note: this warning originates in the macro `read_csr_rv32` which comes from the expansion of the macro `regh` (in Nightly builds, run with -Z macro-backtrace for more info)

warning: unexpected `cfg` condition name: `riscv32`
  --> /home/hwt/桌面/sources/实验和项目类/os区域赛/rcore-lab/vendor/riscv/src/register/macros.rs:43:27
   |
43 |                 #[cfg(all(riscv32, not(feature = "inline-asm")))]
   |                           ^^^^^^^ help: there is a config with a similar name: `riscv`
   |
  ::: /home/hwt/桌面/sources/实验和项目类/os区域赛/rcore-lab/vendor/riscv/src/register/mhpmcounterx.rs:61:1
   |
61 | regh!(0xB88, mhpmcounter8h,  __read_mhpmcounter8h,  __write_mhpmcounter8h);
   | -------------------------------------------------------------------------- in this macro invocation
   |
   = help: consider using a Cargo feature instead
   = help: or consider adding in `Cargo.toml` the `check-cfg` lint config for the lint:
            [lints.rust]
            unexpected_cfgs = { level = "warn", check-cfg = ['cfg(riscv32)'] }
   = help: or consider adding `println!("cargo::rustc-check-cfg=cfg(riscv32)");` to the top of the `build.rs`
   = note: see <https://doc.rust-lang.org/nightly/rustc/check-cfg/cargo-specifics.html> for more information about checking conditional configuration
   = note: this warning originates in the macro `read_csr_rv32` which comes from the expansion of the macro `regh` (in Nightly builds, run with -Z macro-backtrace for more info)

warning: unexpected `cfg` condition name: `riscv32`
  --> /home/hwt/桌面/sources/实验和项目类/os区域赛/rcore-lab/vendor/riscv/src/register/macros.rs:52:27
   |
52 |                 #[cfg(not(riscv32))]
   |                           ^^^^^^^ help: there is a config with a similar name: `riscv`
   |
  ::: /home/hwt/桌面/sources/实验和项目类/os区域赛/rcore-lab/vendor/riscv/src/register/mhpmcounterx.rs:61:1
   |
61 | regh!(0xB88, mhpmcounter8h,  __read_mhpmcounter8h,  __write_mhpmcounter8h);
   | -------------------------------------------------------------------------- in this macro invocation
   |
   = help: consider using a Cargo feature instead
   = help: or consider adding in `Cargo.toml` the `check-cfg` lint config for the lint:
            [lints.rust]
            unexpected_cfgs = { level = "warn", check-cfg = ['cfg(riscv32)'] }
   = help: or consider adding `println!("cargo::rustc-check-cfg=cfg(riscv32)");` to the top of the `build.rs`
   = note: see <https://doc.rust-lang.org/nightly/rustc/check-cfg/cargo-specifics.html> for more information about checking conditional configuration
   = note: this warning originates in the macro `read_csr_rv32` which comes from the expansion of the macro `regh` (in Nightly builds, run with -Z macro-backtrace for more info)

warning: unexpected `cfg` condition name: `riscv32`
   --> /home/hwt/桌面/sources/实验和项目类/os区域赛/rcore-lab/vendor/riscv/src/register/macros.rs:130:27
    |
130 |                 #[cfg(all(riscv32, feature = "inline-asm"))]
    |                           ^^^^^^^ help: there is a config with a similar name: `riscv`
    |
   ::: /home/hwt/桌面/sources/实验和项目类/os区域赛/rcore-lab/vendor/riscv/src/register/mhpmcounterx.rs:61:1
    |
61  | regh!(0xB88, mhpmcounter8h,  __read_mhpmcounter8h,  __write_mhpmcounter8h);
    | -------------------------------------------------------------------------- in this macro invocation
    |
    = help: consider using a Cargo feature instead
    = help: or consider adding in `Cargo.toml` the `check-cfg` lint config for the lint:
             [lints.rust]
             unexpected_cfgs = { level = "warn", check-cfg = ['cfg(riscv32)'] }
    = help: or consider adding `println!("cargo::rustc-check-cfg=cfg(riscv32)");` to the top of the `build.rs`
    = note: see <https://doc.rust-lang.org/nightly/rustc/check-cfg/cargo-specifics.html> for more information about checking conditional configuration
    = note: this warning originates in the macro `write_csr_rv32` which comes from the expansion of the macro `regh` (in Nightly builds, run with -Z macro-backtrace for more info)

warning: unexpected `cfg` condition name: `riscv32`
   --> /home/hwt/桌面/sources/实验和项目类/os区域赛/rcore-lab/vendor/riscv/src/register/macros.rs:133:27
    |
133 |                 #[cfg(all(riscv32, not(feature = "inline-asm")))]
    |                           ^^^^^^^ help: there is a config with a similar name: `riscv`
    |
   ::: /home/hwt/桌面/sources/实验和项目类/os区域赛/rcore-lab/vendor/riscv/src/register/mhpmcounterx.rs:61:1
    |
61  | regh!(0xB88, mhpmcounter8h,  __read_mhpmcounter8h,  __write_mhpmcounter8h);
    | -------------------------------------------------------------------------- in this macro invocation
    |
    = help: consider using a Cargo feature instead
    = help: or consider adding in `Cargo.toml` the `check-cfg` lint config for the lint:
             [lints.rust]
             unexpected_cfgs = { level = "warn", check-cfg = ['cfg(riscv32)'] }
    = help: or consider adding `println!("cargo::rustc-check-cfg=cfg(riscv32)");` to the top of the `build.rs`
    = note: see <https://doc.rust-lang.org/nightly/rustc/check-cfg/cargo-specifics.html> for more information about checking conditional configuration
    = note: this warning originates in the macro `write_csr_rv32` which comes from the expansion of the macro `regh` (in Nightly builds, run with -Z macro-backtrace for more info)

warning: unexpected `cfg` condition name: `riscv32`
   --> /home/hwt/桌面/sources/实验和项目类/os区域赛/rcore-lab/vendor/riscv/src/register/macros.rs:142:27
    |
142 |                 #[cfg(not(riscv32))]
    |                           ^^^^^^^ help: there is a config with a similar name: `riscv`
    |
   ::: /home/hwt/桌面/sources/实验和项目类/os区域赛/rcore-lab/vendor/riscv/src/register/mhpmcounterx.rs:61:1
    |
61  | regh!(0xB88, mhpmcounter8h,  __read_mhpmcounter8h,  __write_mhpmcounter8h);
    | -------------------------------------------------------------------------- in this macro invocation
    |
    = help: consider using a Cargo feature instead
    = help: or consider adding in `Cargo.toml` the `check-cfg` lint config for the lint:
             [lints.rust]
             unexpected_cfgs = { level = "warn", check-cfg = ['cfg(riscv32)'] }
    = help: or consider adding `println!("cargo::rustc-check-cfg=cfg(riscv32)");` to the top of the `build.rs`
    = note: see <https://doc.rust-lang.org/nightly/rustc/check-cfg/cargo-specifics.html> for more information about checking conditional configuration
    = note: this warning originates in the macro `write_csr_rv32` which comes from the expansion of the macro `regh` (in Nightly builds, run with -Z macro-backtrace for more info)

warning: unexpected `cfg` condition name: `riscv32`
  --> /home/hwt/桌面/sources/实验和项目类/os区域赛/rcore-lab/vendor/riscv/src/register/macros.rs:36:27
   |
36 |                 #[cfg(all(riscv32, feature = "inline-asm"))]
   |                           ^^^^^^^ help: there is a config with a similar name: `riscv`
   |
  ::: /home/hwt/桌面/sources/实验和项目类/os区域赛/rcore-lab/vendor/riscv/src/register/mhpmcounterx.rs:62:1
   |
62 | regh!(0xB89, mhpmcounter9h,  __read_mhpmcounter9h,  __write_mhpmcounter9h);
   | -------------------------------------------------------------------------- in this macro invocation
   |
   = help: consider using a Cargo feature instead
   = help: or consider adding in `Cargo.toml` the `check-cfg` lint config for the lint:
            [lints.rust]
            unexpected_cfgs = { level = "warn", check-cfg = ['cfg(riscv32)'] }
   = help: or consider adding `println!("cargo::rustc-check-cfg=cfg(riscv32)");` to the top of the `build.rs`
   = note: see <https://doc.rust-lang.org/nightly/rustc/check-cfg/cargo-specifics.html> for more information about checking conditional configuration
   = note: this warning originates in the macro `read_csr_rv32` which comes from the expansion of the macro `regh` (in Nightly builds, run with -Z macro-backtrace for more info)

warning: unexpected `cfg` condition name: `riscv32`
  --> /home/hwt/桌面/sources/实验和项目类/os区域赛/rcore-lab/vendor/riscv/src/register/macros.rs:43:27
   |
43 |                 #[cfg(all(riscv32, not(feature = "inline-asm")))]
   |                           ^^^^^^^ help: there is a config with a similar name: `riscv`
   |
  ::: /home/hwt/桌面/sources/实验和项目类/os区域赛/rcore-lab/vendor/riscv/src/register/mhpmcounterx.rs:62:1
   |
62 | regh!(0xB89, mhpmcounter9h,  __read_mhpmcounter9h,  __write_mhpmcounter9h);
   | -------------------------------------------------------------------------- in this macro invocation
   |
   = help: consider using a Cargo feature instead
   = help: or consider adding in `Cargo.toml` the `check-cfg` lint config for the lint:
            [lints.rust]
            unexpected_cfgs = { level = "warn", check-cfg = ['cfg(riscv32)'] }
   = help: or consider adding `println!("cargo::rustc-check-cfg=cfg(riscv32)");` to the top of the `build.rs`
   = note: see <https://doc.rust-lang.org/nightly/rustc/check-cfg/cargo-specifics.html> for more information about checking conditional configuration
   = note: this warning originates in the macro `read_csr_rv32` which comes from the expansion of the macro `regh` (in Nightly builds, run with -Z macro-backtrace for more info)

warning: unexpected `cfg` condition name: `riscv32`
  --> /home/hwt/桌面/sources/实验和项目类/os区域赛/rcore-lab/vendor/riscv/src/register/macros.rs:52:27
   |
52 |                 #[cfg(not(riscv32))]
   |                           ^^^^^^^ help: there is a config with a similar name: `riscv`
   |
  ::: /home/hwt/桌面/sources/实验和项目类/os区域赛/rcore-lab/vendor/riscv/src/register/mhpmcounterx.rs:62:1
   |
62 | regh!(0xB89, mhpmcounter9h,  __read_mhpmcounter9h,  __write_mhpmcounter9h);
   | -------------------------------------------------------------------------- in this macro invocation
   |
   = help: consider using a Cargo feature instead
   = help: or consider adding in `Cargo.toml` the `check-cfg` lint config for the lint:
            [lints.rust]
            unexpected_cfgs = { level = "warn", check-cfg = ['cfg(riscv32)'] }
   = help: or consider adding `println!("cargo::rustc-check-cfg=cfg(riscv32)");` to the top of the `build.rs`
   = note: see <https://doc.rust-lang.org/nightly/rustc/check-cfg/cargo-specifics.html> for more information about checking conditional configuration
   = note: this warning originates in the macro `read_csr_rv32` which comes from the expansion of the macro `regh` (in Nightly builds, run with -Z macro-backtrace for more info)

warning: unexpected `cfg` condition name: `riscv32`
   --> /home/hwt/桌面/sources/实验和项目类/os区域赛/rcore-lab/vendor/riscv/src/register/macros.rs:130:27
    |
130 |                 #[cfg(all(riscv32, feature = "inline-asm"))]
    |                           ^^^^^^^ help: there is a config with a similar name: `riscv`
    |
   ::: /home/hwt/桌面/sources/实验和项目类/os区域赛/rcore-lab/vendor/riscv/src/register/mhpmcounterx.rs:62:1
    |
62  | regh!(0xB89, mhpmcounter9h,  __read_mhpmcounter9h,  __write_mhpmcounter9h);
    | -------------------------------------------------------------------------- in this macro invocation
    |
    = help: consider using a Cargo feature instead
    = help: or consider adding in `Cargo.toml` the `check-cfg` lint config for the lint:
             [lints.rust]
             unexpected_cfgs = { level = "warn", check-cfg = ['cfg(riscv32)'] }
    = help: or consider adding `println!("cargo::rustc-check-cfg=cfg(riscv32)");` to the top of the `build.rs`
    = note: see <https://doc.rust-lang.org/nightly/rustc/check-cfg/cargo-specifics.html> for more information about checking conditional configuration
    = note: this warning originates in the macro `write_csr_rv32` which comes from the expansion of the macro `regh` (in Nightly builds, run with -Z macro-backtrace for more info)

warning: unexpected `cfg` condition name: `riscv32`
   --> /home/hwt/桌面/sources/实验和项目类/os区域赛/rcore-lab/vendor/riscv/src/register/macros.rs:133:27
    |
133 |                 #[cfg(all(riscv32, not(feature = "inline-asm")))]
    |                           ^^^^^^^ help: there is a config with a similar name: `riscv`
    |
   ::: /home/hwt/桌面/sources/实验和项目类/os区域赛/rcore-lab/vendor/riscv/src/register/mhpmcounterx.rs:62:1
    |
62  | regh!(0xB89, mhpmcounter9h,  __read_mhpmcounter9h,  __write_mhpmcounter9h);
    | -------------------------------------------------------------------------- in this macro invocation
    |
    = help: consider using a Cargo feature instead
    = help: or consider adding in `Cargo.toml` the `check-cfg` lint config for the lint:
             [lints.rust]
             unexpected_cfgs = { level = "warn", check-cfg = ['cfg(riscv32)'] }
    = help: or consider adding `println!("cargo::rustc-check-cfg=cfg(riscv32)");` to the top of the `build.rs`
    = note: see <https://doc.rust-lang.org/nightly/rustc/check-cfg/cargo-specifics.html> for more information about checking conditional configuration
    = note: this warning originates in the macro `write_csr_rv32` which comes from the expansion of the macro `regh` (in Nightly builds, run with -Z macro-backtrace for more info)

warning: unexpected `cfg` condition name: `riscv32`
   --> /home/hwt/桌面/sources/实验和项目类/os区域赛/rcore-lab/vendor/riscv/src/register/macros.rs:142:27
    |
142 |                 #[cfg(not(riscv32))]
    |                           ^^^^^^^ help: there is a config with a similar name: `riscv`
    |
   ::: /home/hwt/桌面/sources/实验和项目类/os区域赛/rcore-lab/vendor/riscv/src/register/mhpmcounterx.rs:62:1
    |
62  | regh!(0xB89, mhpmcounter9h,  __read_mhpmcounter9h,  __write_mhpmcounter9h);
    | -------------------------------------------------------------------------- in this macro invocation
    |
    = help: consider using a Cargo feature instead
    = help: or consider adding in `Cargo.toml` the `check-cfg` lint config for the lint:
             [lints.rust]
             unexpected_cfgs = { level = "warn", check-cfg = ['cfg(riscv32)'] }
    = help: or consider adding `println!("cargo::rustc-check-cfg=cfg(riscv32)");` to the top of the `build.rs`
    = note: see <https://doc.rust-lang.org/nightly/rustc/check-cfg/cargo-specifics.html> for more information about checking conditional configuration
    = note: this warning originates in the macro `write_csr_rv32` which comes from the expansion of the macro `regh` (in Nightly builds, run with -Z macro-backtrace for more info)

warning: unexpected `cfg` condition name: `riscv32`
  --> /home/hwt/桌面/sources/实验和项目类/os区域赛/rcore-lab/vendor/riscv/src/register/macros.rs:36:27
   |
36 |                 #[cfg(all(riscv32, feature = "inline-asm"))]
   |                           ^^^^^^^ help: there is a config with a similar name: `riscv`
   |
  ::: /home/hwt/桌面/sources/实验和项目类/os区域赛/rcore-lab/vendor/riscv/src/register/mhpmcounterx.rs:63:1
   |
63 | regh!(0xB8A, mhpmcounter10h, __read_mhpmcounter10h, __write_mhpmcounter10h);
   | --------------------------------------------------------------------------- in this macro invocation
   |
   = help: consider using a Cargo feature instead
   = help: or consider adding in `Cargo.toml` the `check-cfg` lint config for the lint:
            [lints.rust]
            unexpected_cfgs = { level = "warn", check-cfg = ['cfg(riscv32)'] }
   = help: or consider adding `println!("cargo::rustc-check-cfg=cfg(riscv32)");` to the top of the `build.rs`
   = note: see <https://doc.rust-lang.org/nightly/rustc/check-cfg/cargo-specifics.html> for more information about checking conditional configuration
   = note: this warning originates in the macro `read_csr_rv32` which comes from the expansion of the macro `regh` (in Nightly builds, run with -Z macro-backtrace for more info)

warning: unexpected `cfg` condition name: `riscv32`
  --> /home/hwt/桌面/sources/实验和项目类/os区域赛/rcore-lab/vendor/riscv/src/register/macros.rs:43:27
   |
43 |                 #[cfg(all(riscv32, not(feature = "inline-asm")))]
   |                           ^^^^^^^ help: there is a config with a similar name: `riscv`
   |
  ::: /home/hwt/桌面/sources/实验和项目类/os区域赛/rcore-lab/vendor/riscv/src/register/mhpmcounterx.rs:63:1
   |
63 | regh!(0xB8A, mhpmcounter10h, __read_mhpmcounter10h, __write_mhpmcounter10h);
   | --------------------------------------------------------------------------- in this macro invocation
   |
   = help: consider using a Cargo feature instead
   = help: or consider adding in `Cargo.toml` the `check-cfg` lint config for the lint:
            [lints.rust]
            unexpected_cfgs = { level = "warn", check-cfg = ['cfg(riscv32)'] }
   = help: or consider adding `println!("cargo::rustc-check-cfg=cfg(riscv32)");` to the top of the `build.rs`
   = note: see <https://doc.rust-lang.org/nightly/rustc/check-cfg/cargo-specifics.html> for more information about checking conditional configuration
   = note: this warning originates in the macro `read_csr_rv32` which comes from the expansion of the macro `regh` (in Nightly builds, run with -Z macro-backtrace for more info)

warning: unexpected `cfg` condition name: `riscv32`
  --> /home/hwt/桌面/sources/实验和项目类/os区域赛/rcore-lab/vendor/riscv/src/register/macros.rs:52:27
   |
52 |                 #[cfg(not(riscv32))]
   |                           ^^^^^^^ help: there is a config with a similar name: `riscv`
   |
  ::: /home/hwt/桌面/sources/实验和项目类/os区域赛/rcore-lab/vendor/riscv/src/register/mhpmcounterx.rs:63:1
   |
63 | regh!(0xB8A, mhpmcounter10h, __read_mhpmcounter10h, __write_mhpmcounter10h);
   | --------------------------------------------------------------------------- in this macro invocation
   |
   = help: consider using a Cargo feature instead
   = help: or consider adding in `Cargo.toml` the `check-cfg` lint config for the lint:
            [lints.rust]
            unexpected_cfgs = { level = "warn", check-cfg = ['cfg(riscv32)'] }
   = help: or consider adding `println!("cargo::rustc-check-cfg=cfg(riscv32)");` to the top of the `build.rs`
   = note: see <https://doc.rust-lang.org/nightly/rustc/check-cfg/cargo-specifics.html> for more information about checking conditional configuration
   = note: this warning originates in the macro `read_csr_rv32` which comes from the expansion of the macro `regh` (in Nightly builds, run with -Z macro-backtrace for more info)

warning: unexpected `cfg` condition name: `riscv32`
   --> /home/hwt/桌面/sources/实验和项目类/os区域赛/rcore-lab/vendor/riscv/src/register/macros.rs:130:27
    |
130 |                 #[cfg(all(riscv32, feature = "inline-asm"))]
    |                           ^^^^^^^ help: there is a config with a similar name: `riscv`
    |
   ::: /home/hwt/桌面/sources/实验和项目类/os区域赛/rcore-lab/vendor/riscv/src/register/mhpmcounterx.rs:63:1
    |
63  | regh!(0xB8A, mhpmcounter10h, __read_mhpmcounter10h, __write_mhpmcounter10h);
    | --------------------------------------------------------------------------- in this macro invocation
    |
    = help: consider using a Cargo feature instead
    = help: or consider adding in `Cargo.toml` the `check-cfg` lint config for the lint:
             [lints.rust]
             unexpected_cfgs = { level = "warn", check-cfg = ['cfg(riscv32)'] }
    = help: or consider adding `println!("cargo::rustc-check-cfg=cfg(riscv32)");` to the top of the `build.rs`
    = note: see <https://doc.rust-lang.org/nightly/rustc/check-cfg/cargo-specifics.html> for more information about checking conditional configuration
    = note: this warning originates in the macro `write_csr_rv32` which comes from the expansion of the macro `regh` (in Nightly builds, run with -Z macro-backtrace for more info)

warning: unexpected `cfg` condition name: `riscv32`
   --> /home/hwt/桌面/sources/实验和项目类/os区域赛/rcore-lab/vendor/riscv/src/register/macros.rs:133:27
    |
133 |                 #[cfg(all(riscv32, not(feature = "inline-asm")))]
    |                           ^^^^^^^ help: there is a config with a similar name: `riscv`
    |
   ::: /home/hwt/桌面/sources/实验和项目类/os区域赛/rcore-lab/vendor/riscv/src/register/mhpmcounterx.rs:63:1
    |
63  | regh!(0xB8A, mhpmcounter10h, __read_mhpmcounter10h, __write_mhpmcounter10h);
    | --------------------------------------------------------------------------- in this macro invocation
    |
    = help: consider using a Cargo feature instead
    = help: or consider adding in `Cargo.toml` the `check-cfg` lint config for the lint:
             [lints.rust]
             unexpected_cfgs = { level = "warn", check-cfg = ['cfg(riscv32)'] }
    = help: or consider adding `println!("cargo::rustc-check-cfg=cfg(riscv32)");` to the top of the `build.rs`
    = note: see <https://doc.rust-lang.org/nightly/rustc/check-cfg/cargo-specifics.html> for more information about checking conditional configuration
    = note: this warning originates in the macro `write_csr_rv32` which comes from the expansion of the macro `regh` (in Nightly builds, run with -Z macro-backtrace for more info)

warning: unexpected `cfg` condition name: `riscv32`
   --> /home/hwt/桌面/sources/实验和项目类/os区域赛/rcore-lab/vendor/riscv/src/register/macros.rs:142:27
    |
142 |                 #[cfg(not(riscv32))]
    |                           ^^^^^^^ help: there is a config with a similar name: `riscv`
    |
   ::: /home/hwt/桌面/sources/实验和项目类/os区域赛/rcore-lab/vendor/riscv/src/register/mhpmcounterx.rs:63:1
    |
63  | regh!(0xB8A, mhpmcounter10h, __read_mhpmcounter10h, __write_mhpmcounter10h);
    | --------------------------------------------------------------------------- in this macro invocation
    |
    = help: consider using a Cargo feature instead
    = help: or consider adding in `Cargo.toml` the `check-cfg` lint config for the lint:
             [lints.rust]
             unexpected_cfgs = { level = "warn", check-cfg = ['cfg(riscv32)'] }
    = help: or consider adding `println!("cargo::rustc-check-cfg=cfg(riscv32)");` to the top of the `build.rs`
    = note: see <https://doc.rust-lang.org/nightly/rustc/check-cfg/cargo-specifics.html> for more information about checking conditional configuration
    = note: this warning originates in the macro `write_csr_rv32` which comes from the expansion of the macro `regh` (in Nightly builds, run with -Z macro-backtrace for more info)

warning: unexpected `cfg` condition name: `riscv32`
  --> /home/hwt/桌面/sources/实验和项目类/os区域赛/rcore-lab/vendor/riscv/src/register/macros.rs:36:27
   |
36 |                 #[cfg(all(riscv32, feature = "inline-asm"))]
   |                           ^^^^^^^ help: there is a config with a similar name: `riscv`
   |
  ::: /home/hwt/桌面/sources/实验和项目类/os区域赛/rcore-lab/vendor/riscv/src/register/mhpmcounterx.rs:64:1
   |
64 | regh!(0xB8B, mhpmcounter11h, __read_mhpmcounter11h, __write_mhpmcounter11h);
   | --------------------------------------------------------------------------- in this macro invocation
   |
   = help: consider using a Cargo feature instead
   = help: or consider adding in `Cargo.toml` the `check-cfg` lint config for the lint:
            [lints.rust]
            unexpected_cfgs = { level = "warn", check-cfg = ['cfg(riscv32)'] }
   = help: or consider adding `println!("cargo::rustc-check-cfg=cfg(riscv32)");` to the top of the `build.rs`
   = note: see <https://doc.rust-lang.org/nightly/rustc/check-cfg/cargo-specifics.html> for more information about checking conditional configuration
   = note: this warning originates in the macro `read_csr_rv32` which comes from the expansion of the macro `regh` (in Nightly builds, run with -Z macro-backtrace for more info)

warning: unexpected `cfg` condition name: `riscv32`
  --> /home/hwt/桌面/sources/实验和项目类/os区域赛/rcore-lab/vendor/riscv/src/register/macros.rs:43:27
   |
43 |                 #[cfg(all(riscv32, not(feature = "inline-asm")))]
   |                           ^^^^^^^ help: there is a config with a similar name: `riscv`
   |
  ::: /home/hwt/桌面/sources/实验和项目类/os区域赛/rcore-lab/vendor/riscv/src/register/mhpmcounterx.rs:64:1
   |
64 | regh!(0xB8B, mhpmcounter11h, __read_mhpmcounter11h, __write_mhpmcounter11h);
   | --------------------------------------------------------------------------- in this macro invocation
   |
   = help: consider using a Cargo feature instead
   = help: or consider adding in `Cargo.toml` the `check-cfg` lint config for the lint:
            [lints.rust]
            unexpected_cfgs = { level = "warn", check-cfg = ['cfg(riscv32)'] }
   = help: or consider adding `println!("cargo::rustc-check-cfg=cfg(riscv32)");` to the top of the `build.rs`
   = note: see <https://doc.rust-lang.org/nightly/rustc/check-cfg/cargo-specifics.html> for more information about checking conditional configuration
   = note: this warning originates in the macro `read_csr_rv32` which comes from the expansion of the macro `regh` (in Nightly builds, run with -Z macro-backtrace for more info)

warning: unexpected `cfg` condition name: `riscv32`
  --> /home/hwt/桌面/sources/实验和项目类/os区域赛/rcore-lab/vendor/riscv/src/register/macros.rs:52:27
   |
52 |                 #[cfg(not(riscv32))]
   |                           ^^^^^^^ help: there is a config with a similar name: `riscv`
   |
  ::: /home/hwt/桌面/sources/实验和项目类/os区域赛/rcore-lab/vendor/riscv/src/register/mhpmcounterx.rs:64:1
   |
64 | regh!(0xB8B, mhpmcounter11h, __read_mhpmcounter11h, __write_mhpmcounter11h);
   | --------------------------------------------------------------------------- in this macro invocation
   |
   = help: consider using a Cargo feature instead
   = help: or consider adding in `Cargo.toml` the `check-cfg` lint config for the lint:
            [lints.rust]
            unexpected_cfgs = { level = "warn", check-cfg = ['cfg(riscv32)'] }
   = help: or consider adding `println!("cargo::rustc-check-cfg=cfg(riscv32)");` to the top of the `build.rs`
   = note: see <https://doc.rust-lang.org/nightly/rustc/check-cfg/cargo-specifics.html> for more information about checking conditional configuration
   = note: this warning originates in the macro `read_csr_rv32` which comes from the expansion of the macro `regh` (in Nightly builds, run with -Z macro-backtrace for more info)

warning: unexpected `cfg` condition name: `riscv32`
   --> /home/hwt/桌面/sources/实验和项目类/os区域赛/rcore-lab/vendor/riscv/src/register/macros.rs:130:27
    |
130 |                 #[cfg(all(riscv32, feature = "inline-asm"))]
    |                           ^^^^^^^ help: there is a config with a similar name: `riscv`
    |
   ::: /home/hwt/桌面/sources/实验和项目类/os区域赛/rcore-lab/vendor/riscv/src/register/mhpmcounterx.rs:64:1
    |
64  | regh!(0xB8B, mhpmcounter11h, __read_mhpmcounter11h, __write_mhpmcounter11h);
    | --------------------------------------------------------------------------- in this macro invocation
    |
    = help: consider using a Cargo feature instead
    = help: or consider adding in `Cargo.toml` the `check-cfg` lint config for the lint:
             [lints.rust]
             unexpected_cfgs = { level = "warn", check-cfg = ['cfg(riscv32)'] }
    = help: or consider adding `println!("cargo::rustc-check-cfg=cfg(riscv32)");` to the top of the `build.rs`
    = note: see <https://doc.rust-lang.org/nightly/rustc/check-cfg/cargo-specifics.html> for more information about checking conditional configuration
    = note: this warning originates in the macro `write_csr_rv32` which comes from the expansion of the macro `regh` (in Nightly builds, run with -Z macro-backtrace for more info)

warning: unexpected `cfg` condition name: `riscv32`
   --> /home/hwt/桌面/sources/实验和项目类/os区域赛/rcore-lab/vendor/riscv/src/register/macros.rs:133:27
    |
133 |                 #[cfg(all(riscv32, not(feature = "inline-asm")))]
    |                           ^^^^^^^ help: there is a config with a similar name: `riscv`
    |
   ::: /home/hwt/桌面/sources/实验和项目类/os区域赛/rcore-lab/vendor/riscv/src/register/mhpmcounterx.rs:64:1
    |
64  | regh!(0xB8B, mhpmcounter11h, __read_mhpmcounter11h, __write_mhpmcounter11h);
    | --------------------------------------------------------------------------- in this macro invocation
    |
    = help: consider using a Cargo feature instead
    = help: or consider adding in `Cargo.toml` the `check-cfg` lint config for the lint:
             [lints.rust]
             unexpected_cfgs = { level = "warn", check-cfg = ['cfg(riscv32)'] }
    = help: or consider adding `println!("cargo::rustc-check-cfg=cfg(riscv32)");` to the top of the `build.rs`
    = note: see <https://doc.rust-lang.org/nightly/rustc/check-cfg/cargo-specifics.html> for more information about checking conditional configuration
    = note: this warning originates in the macro `write_csr_rv32` which comes from the expansion of the macro `regh` (in Nightly builds, run with -Z macro-backtrace for more info)

warning: unexpected `cfg` condition name: `riscv32`
   --> /home/hwt/桌面/sources/实验和项目类/os区域赛/rcore-lab/vendor/riscv/src/register/macros.rs:142:27
    |
142 |                 #[cfg(not(riscv32))]
    |                           ^^^^^^^ help: there is a config with a similar name: `riscv`
    |
   ::: /home/hwt/桌面/sources/实验和项目类/os区域赛/rcore-lab/vendor/riscv/src/register/mhpmcounterx.rs:64:1
    |
64  | regh!(0xB8B, mhpmcounter11h, __read_mhpmcounter11h, __write_mhpmcounter11h);
    | --------------------------------------------------------------------------- in this macro invocation
    |
    = help: consider using a Cargo feature instead
    = help: or consider adding in `Cargo.toml` the `check-cfg` lint config for the lint:
             [lints.rust]
             unexpected_cfgs = { level = "warn", check-cfg = ['cfg(riscv32)'] }
    = help: or consider adding `println!("cargo::rustc-check-cfg=cfg(riscv32)");` to the top of the `build.rs`
    = note: see <https://doc.rust-lang.org/nightly/rustc/check-cfg/cargo-specifics.html> for more information about checking conditional configuration
    = note: this warning originates in the macro `write_csr_rv32` which comes from the expansion of the macro `regh` (in Nightly builds, run with -Z macro-backtrace for more info)

warning: unexpected `cfg` condition name: `riscv32`
  --> /home/hwt/桌面/sources/实验和项目类/os区域赛/rcore-lab/vendor/riscv/src/register/macros.rs:36:27
   |
36 |                 #[cfg(all(riscv32, feature = "inline-asm"))]
   |                           ^^^^^^^ help: there is a config with a similar name: `riscv`
   |
  ::: /home/hwt/桌面/sources/实验和项目类/os区域赛/rcore-lab/vendor/riscv/src/register/mhpmcounterx.rs:65:1
   |
65 | regh!(0xB8C, mhpmcounter12h, __read_mhpmcounter12h, __write_mhpmcounter12h);
   | --------------------------------------------------------------------------- in this macro invocation
   |
   = help: consider using a Cargo feature instead
   = help: or consider adding in `Cargo.toml` the `check-cfg` lint config for the lint:
            [lints.rust]
            unexpected_cfgs = { level = "warn", check-cfg = ['cfg(riscv32)'] }
   = help: or consider adding `println!("cargo::rustc-check-cfg=cfg(riscv32)");` to the top of the `build.rs`
   = note: see <https://doc.rust-lang.org/nightly/rustc/check-cfg/cargo-specifics.html> for more information about checking conditional configuration
   = note: this warning originates in the macro `read_csr_rv32` which comes from the expansion of the macro `regh` (in Nightly builds, run with -Z macro-backtrace for more info)

warning: unexpected `cfg` condition name: `riscv32`
  --> /home/hwt/桌面/sources/实验和项目类/os区域赛/rcore-lab/vendor/riscv/src/register/macros.rs:43:27
   |
43 |                 #[cfg(all(riscv32, not(feature = "inline-asm")))]
   |                           ^^^^^^^ help: there is a config with a similar name: `riscv`
   |
  ::: /home/hwt/桌面/sources/实验和项目类/os区域赛/rcore-lab/vendor/riscv/src/register/mhpmcounterx.rs:65:1
   |
65 | regh!(0xB8C, mhpmcounter12h, __read_mhpmcounter12h, __write_mhpmcounter12h);
   | --------------------------------------------------------------------------- in this macro invocation
   |
   = help: consider using a Cargo feature instead
   = help: or consider adding in `Cargo.toml` the `check-cfg` lint config for the lint:
            [lints.rust]
            unexpected_cfgs = { level = "warn", check-cfg = ['cfg(riscv32)'] }
   = help: or consider adding `println!("cargo::rustc-check-cfg=cfg(riscv32)");` to the top of the `build.rs`
   = note: see <https://doc.rust-lang.org/nightly/rustc/check-cfg/cargo-specifics.html> for more information about checking conditional configuration
   = note: this warning originates in the macro `read_csr_rv32` which comes from the expansion of the macro `regh` (in Nightly builds, run with -Z macro-backtrace for more info)

warning: unexpected `cfg` condition name: `riscv32`
  --> /home/hwt/桌面/sources/实验和项目类/os区域赛/rcore-lab/vendor/riscv/src/register/macros.rs:52:27
   |
52 |                 #[cfg(not(riscv32))]
   |                           ^^^^^^^ help: there is a config with a similar name: `riscv`
   |
  ::: /home/hwt/桌面/sources/实验和项目类/os区域赛/rcore-lab/vendor/riscv/src/register/mhpmcounterx.rs:65:1
   |
65 | regh!(0xB8C, mhpmcounter12h, __read_mhpmcounter12h, __write_mhpmcounter12h);
   | --------------------------------------------------------------------------- in this macro invocation
   |
   = help: consider using a Cargo feature instead
   = help: or consider adding in `Cargo.toml` the `check-cfg` lint config for the lint:
            [lints.rust]
            unexpected_cfgs = { level = "warn", check-cfg = ['cfg(riscv32)'] }
   = help: or consider adding `println!("cargo::rustc-check-cfg=cfg(riscv32)");` to the top of the `build.rs`
   = note: see <https://doc.rust-lang.org/nightly/rustc/check-cfg/cargo-specifics.html> for more information about checking conditional configuration
   = note: this warning originates in the macro `read_csr_rv32` which comes from the expansion of the macro `regh` (in Nightly builds, run with -Z macro-backtrace for more info)

warning: unexpected `cfg` condition name: `riscv32`
   --> /home/hwt/桌面/sources/实验和项目类/os区域赛/rcore-lab/vendor/riscv/src/register/macros.rs:130:27
    |
130 |                 #[cfg(all(riscv32, feature = "inline-asm"))]
    |                           ^^^^^^^ help: there is a config with a similar name: `riscv`
    |
   ::: /home/hwt/桌面/sources/实验和项目类/os区域赛/rcore-lab/vendor/riscv/src/register/mhpmcounterx.rs:65:1
    |
65  | regh!(0xB8C, mhpmcounter12h, __read_mhpmcounter12h, __write_mhpmcounter12h);
    | --------------------------------------------------------------------------- in this macro invocation
    |
    = help: consider using a Cargo feature instead
    = help: or consider adding in `Cargo.toml` the `check-cfg` lint config for the lint:
             [lints.rust]
             unexpected_cfgs = { level = "warn", check-cfg = ['cfg(riscv32)'] }
    = help: or consider adding `println!("cargo::rustc-check-cfg=cfg(riscv32)");` to the top of the `build.rs`
    = note: see <https://doc.rust-lang.org/nightly/rustc/check-cfg/cargo-specifics.html> for more information about checking conditional configuration
    = note: this warning originates in the macro `write_csr_rv32` which comes from the expansion of the macro `regh` (in Nightly builds, run with -Z macro-backtrace for more info)

warning: unexpected `cfg` condition name: `riscv32`
   --> /home/hwt/桌面/sources/实验和项目类/os区域赛/rcore-lab/vendor/riscv/src/register/macros.rs:133:27
    |
133 |                 #[cfg(all(riscv32, not(feature = "inline-asm")))]
    |                           ^^^^^^^ help: there is a config with a similar name: `riscv`
    |
   ::: /home/hwt/桌面/sources/实验和项目类/os区域赛/rcore-lab/vendor/riscv/src/register/mhpmcounterx.rs:65:1
    |
65  | regh!(0xB8C, mhpmcounter12h, __read_mhpmcounter12h, __write_mhpmcounter12h);
    | --------------------------------------------------------------------------- in this macro invocation
    |
    = help: consider using a Cargo feature instead
    = help: or consider adding in `Cargo.toml` the `check-cfg` lint config for the lint:
             [lints.rust]
             unexpected_cfgs = { level = "warn", check-cfg = ['cfg(riscv32)'] }
    = help: or consider adding `println!("cargo::rustc-check-cfg=cfg(riscv32)");` to the top of the `build.rs`
    = note: see <https://doc.rust-lang.org/nightly/rustc/check-cfg/cargo-specifics.html> for more information about checking conditional configuration
    = note: this warning originates in the macro `write_csr_rv32` which comes from the expansion of the macro `regh` (in Nightly builds, run with -Z macro-backtrace for more info)

warning: unexpected `cfg` condition name: `riscv32`
   --> /home/hwt/桌面/sources/实验和项目类/os区域赛/rcore-lab/vendor/riscv/src/register/macros.rs:142:27
    |
142 |                 #[cfg(not(riscv32))]
    |                           ^^^^^^^ help: there is a config with a similar name: `riscv`
    |
   ::: /home/hwt/桌面/sources/实验和项目类/os区域赛/rcore-lab/vendor/riscv/src/register/mhpmcounterx.rs:65:1
    |
65  | regh!(0xB8C, mhpmcounter12h, __read_mhpmcounter12h, __write_mhpmcounter12h);
    | --------------------------------------------------------------------------- in this macro invocation
    |
    = help: consider using a Cargo feature instead
    = help: or consider adding in `Cargo.toml` the `check-cfg` lint config for the lint:
             [lints.rust]
             unexpected_cfgs = { level = "warn", check-cfg = ['cfg(riscv32)'] }
    = help: or consider adding `println!("cargo::rustc-check-cfg=cfg(riscv32)");` to the top of the `build.rs`
    = note: see <https://doc.rust-lang.org/nightly/rustc/check-cfg/cargo-specifics.html> for more information about checking conditional configuration
    = note: this warning originates in the macro `write_csr_rv32` which comes from the expansion of the macro `regh` (in Nightly builds, run with -Z macro-backtrace for more info)

warning: unexpected `cfg` condition name: `riscv32`
  --> /home/hwt/桌面/sources/实验和项目类/os区域赛/rcore-lab/vendor/riscv/src/register/macros.rs:36:27
   |
36 |                 #[cfg(all(riscv32, feature = "inline-asm"))]
   |                           ^^^^^^^ help: there is a config with a similar name: `riscv`
   |
  ::: /home/hwt/桌面/sources/实验和项目类/os区域赛/rcore-lab/vendor/riscv/src/register/mhpmcounterx.rs:66:1
   |
66 | regh!(0xB8D, mhpmcounter13h, __read_mhpmcounter13h, __write_mhpmcounter13h);
   | --------------------------------------------------------------------------- in this macro invocation
   |
   = help: consider using a Cargo feature instead
   = help: or consider adding in `Cargo.toml` the `check-cfg` lint config for the lint:
            [lints.rust]
            unexpected_cfgs = { level = "warn", check-cfg = ['cfg(riscv32)'] }
   = help: or consider adding `println!("cargo::rustc-check-cfg=cfg(riscv32)");` to the top of the `build.rs`
   = note: see <https://doc.rust-lang.org/nightly/rustc/check-cfg/cargo-specifics.html> for more information about checking conditional configuration
   = note: this warning originates in the macro `read_csr_rv32` which comes from the expansion of the macro `regh` (in Nightly builds, run with -Z macro-backtrace for more info)

warning: unexpected `cfg` condition name: `riscv32`
  --> /home/hwt/桌面/sources/实验和项目类/os区域赛/rcore-lab/vendor/riscv/src/register/macros.rs:43:27
   |
43 |                 #[cfg(all(riscv32, not(feature = "inline-asm")))]
   |                           ^^^^^^^ help: there is a config with a similar name: `riscv`
   |
  ::: /home/hwt/桌面/sources/实验和项目类/os区域赛/rcore-lab/vendor/riscv/src/register/mhpmcounterx.rs:66:1
   |
66 | regh!(0xB8D, mhpmcounter13h, __read_mhpmcounter13h, __write_mhpmcounter13h);
   | --------------------------------------------------------------------------- in this macro invocation
   |
   = help: consider using a Cargo feature instead
   = help: or consider adding in `Cargo.toml` the `check-cfg` lint config for the lint:
            [lints.rust]
            unexpected_cfgs = { level = "warn", check-cfg = ['cfg(riscv32)'] }
   = help: or consider adding `println!("cargo::rustc-check-cfg=cfg(riscv32)");` to the top of the `build.rs`
   = note: see <https://doc.rust-lang.org/nightly/rustc/check-cfg/cargo-specifics.html> for more information about checking conditional configuration
   = note: this warning originates in the macro `read_csr_rv32` which comes from the expansion of the macro `regh` (in Nightly builds, run with -Z macro-backtrace for more info)

warning: unexpected `cfg` condition name: `riscv32`
  --> /home/hwt/桌面/sources/实验和项目类/os区域赛/rcore-lab/vendor/riscv/src/register/macros.rs:52:27
   |
52 |                 #[cfg(not(riscv32))]
   |                           ^^^^^^^ help: there is a config with a similar name: `riscv`
   |
  ::: /home/hwt/桌面/sources/实验和项目类/os区域赛/rcore-lab/vendor/riscv/src/register/mhpmcounterx.rs:66:1
   |
66 | regh!(0xB8D, mhpmcounter13h, __read_mhpmcounter13h, __write_mhpmcounter13h);
   | --------------------------------------------------------------------------- in this macro invocation
   |
   = help: consider using a Cargo feature instead
   = help: or consider adding in `Cargo.toml` the `check-cfg` lint config for the lint:
            [lints.rust]
            unexpected_cfgs = { level = "warn", check-cfg = ['cfg(riscv32)'] }
   = help: or consider adding `println!("cargo::rustc-check-cfg=cfg(riscv32)");` to the top of the `build.rs`
   = note: see <https://doc.rust-lang.org/nightly/rustc/check-cfg/cargo-specifics.html> for more information about checking conditional configuration
   = note: this warning originates in the macro `read_csr_rv32` which comes from the expansion of the macro `regh` (in Nightly builds, run with -Z macro-backtrace for more info)

warning: unexpected `cfg` condition name: `riscv32`
   --> /home/hwt/桌面/sources/实验和项目类/os区域赛/rcore-lab/vendor/riscv/src/register/macros.rs:130:27
    |
130 |                 #[cfg(all(riscv32, feature = "inline-asm"))]
    |                           ^^^^^^^ help: there is a config with a similar name: `riscv`
    |
   ::: /home/hwt/桌面/sources/实验和项目类/os区域赛/rcore-lab/vendor/riscv/src/register/mhpmcounterx.rs:66:1
    |
66  | regh!(0xB8D, mhpmcounter13h, __read_mhpmcounter13h, __write_mhpmcounter13h);
    | --------------------------------------------------------------------------- in this macro invocation
    |
    = help: consider using a Cargo feature instead
    = help: or consider adding in `Cargo.toml` the `check-cfg` lint config for the lint:
             [lints.rust]
             unexpected_cfgs = { level = "warn", check-cfg = ['cfg(riscv32)'] }
    = help: or consider adding `println!("cargo::rustc-check-cfg=cfg(riscv32)");` to the top of the `build.rs`
    = note: see <https://doc.rust-lang.org/nightly/rustc/check-cfg/cargo-specifics.html> for more information about checking conditional configuration
    = note: this warning originates in the macro `write_csr_rv32` which comes from the expansion of the macro `regh` (in Nightly builds, run with -Z macro-backtrace for more info)

warning: unexpected `cfg` condition name: `riscv32`
   --> /home/hwt/桌面/sources/实验和项目类/os区域赛/rcore-lab/vendor/riscv/src/register/macros.rs:133:27
    |
133 |                 #[cfg(all(riscv32, not(feature = "inline-asm")))]
    |                           ^^^^^^^ help: there is a config with a similar name: `riscv`
    |
   ::: /home/hwt/桌面/sources/实验和项目类/os区域赛/rcore-lab/vendor/riscv/src/register/mhpmcounterx.rs:66:1
    |
66  | regh!(0xB8D, mhpmcounter13h, __read_mhpmcounter13h, __write_mhpmcounter13h);
    | --------------------------------------------------------------------------- in this macro invocation
    |
    = help: consider using a Cargo feature instead
    = help: or consider adding in `Cargo.toml` the `check-cfg` lint config for the lint:
             [lints.rust]
             unexpected_cfgs = { level = "warn", check-cfg = ['cfg(riscv32)'] }
    = help: or consider adding `println!("cargo::rustc-check-cfg=cfg(riscv32)");` to the top of the `build.rs`
    = note: see <https://doc.rust-lang.org/nightly/rustc/check-cfg/cargo-specifics.html> for more information about checking conditional configuration
    = note: this warning originates in the macro `write_csr_rv32` which comes from the expansion of the macro `regh` (in Nightly builds, run with -Z macro-backtrace for more info)

warning: unexpected `cfg` condition name: `riscv32`
   --> /home/hwt/桌面/sources/实验和项目类/os区域赛/rcore-lab/vendor/riscv/src/register/macros.rs:142:27
    |
142 |                 #[cfg(not(riscv32))]
    |                           ^^^^^^^ help: there is a config with a similar name: `riscv`
    |
   ::: /home/hwt/桌面/sources/实验和项目类/os区域赛/rcore-lab/vendor/riscv/src/register/mhpmcounterx.rs:66:1
    |
66  | regh!(0xB8D, mhpmcounter13h, __read_mhpmcounter13h, __write_mhpmcounter13h);
    | --------------------------------------------------------------------------- in this macro invocation
    |
    = help: consider using a Cargo feature instead
    = help: or consider adding in `Cargo.toml` the `check-cfg` lint config for the lint:
             [lints.rust]
             unexpected_cfgs = { level = "warn", check-cfg = ['cfg(riscv32)'] }
    = help: or consider adding `println!("cargo::rustc-check-cfg=cfg(riscv32)");` to the top of the `build.rs`
    = note: see <https://doc.rust-lang.org/nightly/rustc/check-cfg/cargo-specifics.html> for more information about checking conditional configuration
    = note: this warning originates in the macro `write_csr_rv32` which comes from the expansion of the macro `regh` (in Nightly builds, run with -Z macro-backtrace for more info)

warning: unexpected `cfg` condition name: `riscv32`
  --> /home/hwt/桌面/sources/实验和项目类/os区域赛/rcore-lab/vendor/riscv/src/register/macros.rs:36:27
   |
36 |                 #[cfg(all(riscv32, feature = "inline-asm"))]
   |                           ^^^^^^^ help: there is a config with a similar name: `riscv`
   |
  ::: /home/hwt/桌面/sources/实验和项目类/os区域赛/rcore-lab/vendor/riscv/src/register/mhpmcounterx.rs:67:1
   |
67 | regh!(0xB8E, mhpmcounter14h, __read_mhpmcounter14h, __write_mhpmcounter14h);
   | --------------------------------------------------------------------------- in this macro invocation
   |
   = help: consider using a Cargo feature instead
   = help: or consider adding in `Cargo.toml` the `check-cfg` lint config for the lint:
            [lints.rust]
            unexpected_cfgs = { level = "warn", check-cfg = ['cfg(riscv32)'] }
   = help: or consider adding `println!("cargo::rustc-check-cfg=cfg(riscv32)");` to the top of the `build.rs`
   = note: see <https://doc.rust-lang.org/nightly/rustc/check-cfg/cargo-specifics.html> for more information about checking conditional configuration
   = note: this warning originates in the macro `read_csr_rv32` which comes from the expansion of the macro `regh` (in Nightly builds, run with -Z macro-backtrace for more info)

warning: unexpected `cfg` condition name: `riscv32`
  --> /home/hwt/桌面/sources/实验和项目类/os区域赛/rcore-lab/vendor/riscv/src/register/macros.rs:43:27
   |
43 |                 #[cfg(all(riscv32, not(feature = "inline-asm")))]
   |                           ^^^^^^^ help: there is a config with a similar name: `riscv`
   |
  ::: /home/hwt/桌面/sources/实验和项目类/os区域赛/rcore-lab/vendor/riscv/src/register/mhpmcounterx.rs:67:1
   |
67 | regh!(0xB8E, mhpmcounter14h, __read_mhpmcounter14h, __write_mhpmcounter14h);
   | --------------------------------------------------------------------------- in this macro invocation
   |
   = help: consider using a Cargo feature instead
   = help: or consider adding in `Cargo.toml` the `check-cfg` lint config for the lint:
            [lints.rust]
            unexpected_cfgs = { level = "warn", check-cfg = ['cfg(riscv32)'] }
   = help: or consider adding `println!("cargo::rustc-check-cfg=cfg(riscv32)");` to the top of the `build.rs`
   = note: see <https://doc.rust-lang.org/nightly/rustc/check-cfg/cargo-specifics.html> for more information about checking conditional configuration
   = note: this warning originates in the macro `read_csr_rv32` which comes from the expansion of the macro `regh` (in Nightly builds, run with -Z macro-backtrace for more info)

warning: unexpected `cfg` condition name: `riscv32`
  --> /home/hwt/桌面/sources/实验和项目类/os区域赛/rcore-lab/vendor/riscv/src/register/macros.rs:52:27
   |
52 |                 #[cfg(not(riscv32))]
   |                           ^^^^^^^ help: there is a config with a similar name: `riscv`
   |
  ::: /home/hwt/桌面/sources/实验和项目类/os区域赛/rcore-lab/vendor/riscv/src/register/mhpmcounterx.rs:67:1
   |
67 | regh!(0xB8E, mhpmcounter14h, __read_mhpmcounter14h, __write_mhpmcounter14h);
   | --------------------------------------------------------------------------- in this macro invocation
   |
   = help: consider using a Cargo feature instead
   = help: or consider adding in `Cargo.toml` the `check-cfg` lint config for the lint:
            [lints.rust]
            unexpected_cfgs = { level = "warn", check-cfg = ['cfg(riscv32)'] }
   = help: or consider adding `println!("cargo::rustc-check-cfg=cfg(riscv32)");` to the top of the `build.rs`
   = note: see <https://doc.rust-lang.org/nightly/rustc/check-cfg/cargo-specifics.html> for more information about checking conditional configuration
   = note: this warning originates in the macro `read_csr_rv32` which comes from the expansion of the macro `regh` (in Nightly builds, run with -Z macro-backtrace for more info)

warning: unexpected `cfg` condition name: `riscv32`
   --> /home/hwt/桌面/sources/实验和项目类/os区域赛/rcore-lab/vendor/riscv/src/register/macros.rs:130:27
    |
130 |                 #[cfg(all(riscv32, feature = "inline-asm"))]
    |                           ^^^^^^^ help: there is a config with a similar name: `riscv`
    |
   ::: /home/hwt/桌面/sources/实验和项目类/os区域赛/rcore-lab/vendor/riscv/src/register/mhpmcounterx.rs:67:1
    |
67  | regh!(0xB8E, mhpmcounter14h, __read_mhpmcounter14h, __write_mhpmcounter14h);
    | --------------------------------------------------------------------------- in this macro invocation
    |
    = help: consider using a Cargo feature instead
    = help: or consider adding in `Cargo.toml` the `check-cfg` lint config for the lint:
             [lints.rust]
             unexpected_cfgs = { level = "warn", check-cfg = ['cfg(riscv32)'] }
    = help: or consider adding `println!("cargo::rustc-check-cfg=cfg(riscv32)");` to the top of the `build.rs`
    = note: see <https://doc.rust-lang.org/nightly/rustc/check-cfg/cargo-specifics.html> for more information about checking conditional configuration
    = note: this warning originates in the macro `write_csr_rv32` which comes from the expansion of the macro `regh` (in Nightly builds, run with -Z macro-backtrace for more info)

warning: unexpected `cfg` condition name: `riscv32`
   --> /home/hwt/桌面/sources/实验和项目类/os区域赛/rcore-lab/vendor/riscv/src/register/macros.rs:133:27
    |
133 |                 #[cfg(all(riscv32, not(feature = "inline-asm")))]
    |                           ^^^^^^^ help: there is a config with a similar name: `riscv`
    |
   ::: /home/hwt/桌面/sources/实验和项目类/os区域赛/rcore-lab/vendor/riscv/src/register/mhpmcounterx.rs:67:1
    |
67  | regh!(0xB8E, mhpmcounter14h, __read_mhpmcounter14h, __write_mhpmcounter14h);
    | --------------------------------------------------------------------------- in this macro invocation
    |
    = help: consider using a Cargo feature instead
    = help: or consider adding in `Cargo.toml` the `check-cfg` lint config for the lint:
             [lints.rust]
             unexpected_cfgs = { level = "warn", check-cfg = ['cfg(riscv32)'] }
    = help: or consider adding `println!("cargo::rustc-check-cfg=cfg(riscv32)");` to the top of the `build.rs`
    = note: see <https://doc.rust-lang.org/nightly/rustc/check-cfg/cargo-specifics.html> for more information about checking conditional configuration
    = note: this warning originates in the macro `write_csr_rv32` which comes from the expansion of the macro `regh` (in Nightly builds, run with -Z macro-backtrace for more info)

warning: unexpected `cfg` condition name: `riscv32`
   --> /home/hwt/桌面/sources/实验和项目类/os区域赛/rcore-lab/vendor/riscv/src/register/macros.rs:142:27
    |
142 |                 #[cfg(not(riscv32))]
    |                           ^^^^^^^ help: there is a config with a similar name: `riscv`
    |
   ::: /home/hwt/桌面/sources/实验和项目类/os区域赛/rcore-lab/vendor/riscv/src/register/mhpmcounterx.rs:67:1
    |
67  | regh!(0xB8E, mhpmcounter14h, __read_mhpmcounter14h, __write_mhpmcounter14h);
    | --------------------------------------------------------------------------- in this macro invocation
    |
    = help: consider using a Cargo feature instead
    = help: or consider adding in `Cargo.toml` the `check-cfg` lint config for the lint:
             [lints.rust]
             unexpected_cfgs = { level = "warn", check-cfg = ['cfg(riscv32)'] }
    = help: or consider adding `println!("cargo::rustc-check-cfg=cfg(riscv32)");` to the top of the `build.rs`
    = note: see <https://doc.rust-lang.org/nightly/rustc/check-cfg/cargo-specifics.html> for more information about checking conditional configuration
    = note: this warning originates in the macro `write_csr_rv32` which comes from the expansion of the macro `regh` (in Nightly builds, run with -Z macro-backtrace for more info)

warning: unexpected `cfg` condition name: `riscv32`
  --> /home/hwt/桌面/sources/实验和项目类/os区域赛/rcore-lab/vendor/riscv/src/register/macros.rs:36:27
   |
36 |                 #[cfg(all(riscv32, feature = "inline-asm"))]
   |                           ^^^^^^^ help: there is a config with a similar name: `riscv`
   |
  ::: /home/hwt/桌面/sources/实验和项目类/os区域赛/rcore-lab/vendor/riscv/src/register/mhpmcounterx.rs:68:1
   |
68 | regh!(0xB8F, mhpmcounter15h, __read_mhpmcounter15h, __write_mhpmcounter15h);
   | --------------------------------------------------------------------------- in this macro invocation
   |
   = help: consider using a Cargo feature instead
   = help: or consider adding in `Cargo.toml` the `check-cfg` lint config for the lint:
            [lints.rust]
            unexpected_cfgs = { level = "warn", check-cfg = ['cfg(riscv32)'] }
   = help: or consider adding `println!("cargo::rustc-check-cfg=cfg(riscv32)");` to the top of the `build.rs`
   = note: see <https://doc.rust-lang.org/nightly/rustc/check-cfg/cargo-specifics.html> for more information about checking conditional configuration
   = note: this warning originates in the macro `read_csr_rv32` which comes from the expansion of the macro `regh` (in Nightly builds, run with -Z macro-backtrace for more info)

warning: unexpected `cfg` condition name: `riscv32`
  --> /home/hwt/桌面/sources/实验和项目类/os区域赛/rcore-lab/vendor/riscv/src/register/macros.rs:43:27
   |
43 |                 #[cfg(all(riscv32, not(feature = "inline-asm")))]
   |                           ^^^^^^^ help: there is a config with a similar name: `riscv`
   |
  ::: /home/hwt/桌面/sources/实验和项目类/os区域赛/rcore-lab/vendor/riscv/src/register/mhpmcounterx.rs:68:1
   |
68 | regh!(0xB8F, mhpmcounter15h, __read_mhpmcounter15h, __write_mhpmcounter15h);
   | --------------------------------------------------------------------------- in this macro invocation
   |
   = help: consider using a Cargo feature instead
   = help: or consider adding in `Cargo.toml` the `check-cfg` lint config for the lint:
            [lints.rust]
            unexpected_cfgs = { level = "warn", check-cfg = ['cfg(riscv32)'] }
   = help: or consider adding `println!("cargo::rustc-check-cfg=cfg(riscv32)");` to the top of the `build.rs`
   = note: see <https://doc.rust-lang.org/nightly/rustc/check-cfg/cargo-specifics.html> for more information about checking conditional configuration
   = note: this warning originates in the macro `read_csr_rv32` which comes from the expansion of the macro `regh` (in Nightly builds, run with -Z macro-backtrace for more info)

warning: unexpected `cfg` condition name: `riscv32`
  --> /home/hwt/桌面/sources/实验和项目类/os区域赛/rcore-lab/vendor/riscv/src/register/macros.rs:52:27
   |
52 |                 #[cfg(not(riscv32))]
   |                           ^^^^^^^ help: there is a config with a similar name: `riscv`
   |
  ::: /home/hwt/桌面/sources/实验和项目类/os区域赛/rcore-lab/vendor/riscv/src/register/mhpmcounterx.rs:68:1
   |
68 | regh!(0xB8F, mhpmcounter15h, __read_mhpmcounter15h, __write_mhpmcounter15h);
   | --------------------------------------------------------------------------- in this macro invocation
   |
   = help: consider using a Cargo feature instead
   = help: or consider adding in `Cargo.toml` the `check-cfg` lint config for the lint:
            [lints.rust]
            unexpected_cfgs = { level = "warn", check-cfg = ['cfg(riscv32)'] }
   = help: or consider adding `println!("cargo::rustc-check-cfg=cfg(riscv32)");` to the top of the `build.rs`
   = note: see <https://doc.rust-lang.org/nightly/rustc/check-cfg/cargo-specifics.html> for more information about checking conditional configuration
   = note: this warning originates in the macro `read_csr_rv32` which comes from the expansion of the macro `regh` (in Nightly builds, run with -Z macro-backtrace for more info)

warning: unexpected `cfg` condition name: `riscv32`
   --> /home/hwt/桌面/sources/实验和项目类/os区域赛/rcore-lab/vendor/riscv/src/register/macros.rs:130:27
    |
130 |                 #[cfg(all(riscv32, feature = "inline-asm"))]
    |                           ^^^^^^^ help: there is a config with a similar name: `riscv`
    |
   ::: /home/hwt/桌面/sources/实验和项目类/os区域赛/rcore-lab/vendor/riscv/src/register/mhpmcounterx.rs:68:1
    |
68  | regh!(0xB8F, mhpmcounter15h, __read_mhpmcounter15h, __write_mhpmcounter15h);
    | --------------------------------------------------------------------------- in this macro invocation
    |
    = help: consider using a Cargo feature instead
    = help: or consider adding in `Cargo.toml` the `check-cfg` lint config for the lint:
             [lints.rust]
             unexpected_cfgs = { level = "warn", check-cfg = ['cfg(riscv32)'] }
    = help: or consider adding `println!("cargo::rustc-check-cfg=cfg(riscv32)");` to the top of the `build.rs`
    = note: see <https://doc.rust-lang.org/nightly/rustc/check-cfg/cargo-specifics.html> for more information about checking conditional configuration
    = note: this warning originates in the macro `write_csr_rv32` which comes from the expansion of the macro `regh` (in Nightly builds, run with -Z macro-backtrace for more info)

warning: unexpected `cfg` condition name: `riscv32`
   --> /home/hwt/桌面/sources/实验和项目类/os区域赛/rcore-lab/vendor/riscv/src/register/macros.rs:133:27
    |
133 |                 #[cfg(all(riscv32, not(feature = "inline-asm")))]
    |                           ^^^^^^^ help: there is a config with a similar name: `riscv`
    |
   ::: /home/hwt/桌面/sources/实验和项目类/os区域赛/rcore-lab/vendor/riscv/src/register/mhpmcounterx.rs:68:1
    |
68  | regh!(0xB8F, mhpmcounter15h, __read_mhpmcounter15h, __write_mhpmcounter15h);
    | --------------------------------------------------------------------------- in this macro invocation
    |
    = help: consider using a Cargo feature instead
    = help: or consider adding in `Cargo.toml` the `check-cfg` lint config for the lint:
             [lints.rust]
             unexpected_cfgs = { level = "warn", check-cfg = ['cfg(riscv32)'] }
    = help: or consider adding `println!("cargo::rustc-check-cfg=cfg(riscv32)");` to the top of the `build.rs`
    = note: see <https://doc.rust-lang.org/nightly/rustc/check-cfg/cargo-specifics.html> for more information about checking conditional configuration
    = note: this warning originates in the macro `write_csr_rv32` which comes from the expansion of the macro `regh` (in Nightly builds, run with -Z macro-backtrace for more info)

warning: unexpected `cfg` condition name: `riscv32`
   --> /home/hwt/桌面/sources/实验和项目类/os区域赛/rcore-lab/vendor/riscv/src/register/macros.rs:142:27
    |
142 |                 #[cfg(not(riscv32))]
    |                           ^^^^^^^ help: there is a config with a similar name: `riscv`
    |
   ::: /home/hwt/桌面/sources/实验和项目类/os区域赛/rcore-lab/vendor/riscv/src/register/mhpmcounterx.rs:68:1
    |
68  | regh!(0xB8F, mhpmcounter15h, __read_mhpmcounter15h, __write_mhpmcounter15h);
    | --------------------------------------------------------------------------- in this macro invocation
    |
    = help: consider using a Cargo feature instead
    = help: or consider adding in `Cargo.toml` the `check-cfg` lint config for the lint:
             [lints.rust]
             unexpected_cfgs = { level = "warn", check-cfg = ['cfg(riscv32)'] }
    = help: or consider adding `println!("cargo::rustc-check-cfg=cfg(riscv32)");` to the top of the `build.rs`
    = note: see <https://doc.rust-lang.org/nightly/rustc/check-cfg/cargo-specifics.html> for more information about checking conditional configuration
    = note: this warning originates in the macro `write_csr_rv32` which comes from the expansion of the macro `regh` (in Nightly builds, run with -Z macro-backtrace for more info)

warning: unexpected `cfg` condition name: `riscv32`
  --> /home/hwt/桌面/sources/实验和项目类/os区域赛/rcore-lab/vendor/riscv/src/register/macros.rs:36:27
   |
36 |                 #[cfg(all(riscv32, feature = "inline-asm"))]
   |                           ^^^^^^^ help: there is a config with a similar name: `riscv`
   |
  ::: /home/hwt/桌面/sources/实验和项目类/os区域赛/rcore-lab/vendor/riscv/src/register/mhpmcounterx.rs:69:1
   |
69 | regh!(0xB90, mhpmcounter16h, __read_mhpmcounter16h, __write_mhpmcounter16h);
   | --------------------------------------------------------------------------- in this macro invocation
   |
   = help: consider using a Cargo feature instead
   = help: or consider adding in `Cargo.toml` the `check-cfg` lint config for the lint:
            [lints.rust]
            unexpected_cfgs = { level = "warn", check-cfg = ['cfg(riscv32)'] }
   = help: or consider adding `println!("cargo::rustc-check-cfg=cfg(riscv32)");` to the top of the `build.rs`
   = note: see <https://doc.rust-lang.org/nightly/rustc/check-cfg/cargo-specifics.html> for more information about checking conditional configuration
   = note: this warning originates in the macro `read_csr_rv32` which comes from the expansion of the macro `regh` (in Nightly builds, run with -Z macro-backtrace for more info)

warning: unexpected `cfg` condition name: `riscv32`
  --> /home/hwt/桌面/sources/实验和项目类/os区域赛/rcore-lab/vendor/riscv/src/register/macros.rs:43:27
   |
43 |                 #[cfg(all(riscv32, not(feature = "inline-asm")))]
   |                           ^^^^^^^ help: there is a config with a similar name: `riscv`
   |
  ::: /home/hwt/桌面/sources/实验和项目类/os区域赛/rcore-lab/vendor/riscv/src/register/mhpmcounterx.rs:69:1
   |
69 | regh!(0xB90, mhpmcounter16h, __read_mhpmcounter16h, __write_mhpmcounter16h);
   | --------------------------------------------------------------------------- in this macro invocation
   |
   = help: consider using a Cargo feature instead
   = help: or consider adding in `Cargo.toml` the `check-cfg` lint config for the lint:
            [lints.rust]
            unexpected_cfgs = { level = "warn", check-cfg = ['cfg(riscv32)'] }
   = help: or consider adding `println!("cargo::rustc-check-cfg=cfg(riscv32)");` to the top of the `build.rs`
   = note: see <https://doc.rust-lang.org/nightly/rustc/check-cfg/cargo-specifics.html> for more information about checking conditional configuration
   = note: this warning originates in the macro `read_csr_rv32` which comes from the expansion of the macro `regh` (in Nightly builds, run with -Z macro-backtrace for more info)

warning: unexpected `cfg` condition name: `riscv32`
  --> /home/hwt/桌面/sources/实验和项目类/os区域赛/rcore-lab/vendor/riscv/src/register/macros.rs:52:27
   |
52 |                 #[cfg(not(riscv32))]
   |                           ^^^^^^^ help: there is a config with a similar name: `riscv`
   |
  ::: /home/hwt/桌面/sources/实验和项目类/os区域赛/rcore-lab/vendor/riscv/src/register/mhpmcounterx.rs:69:1
   |
69 | regh!(0xB90, mhpmcounter16h, __read_mhpmcounter16h, __write_mhpmcounter16h);
   | --------------------------------------------------------------------------- in this macro invocation
   |
   = help: consider using a Cargo feature instead
   = help: or consider adding in `Cargo.toml` the `check-cfg` lint config for the lint:
            [lints.rust]
            unexpected_cfgs = { level = "warn", check-cfg = ['cfg(riscv32)'] }
   = help: or consider adding `println!("cargo::rustc-check-cfg=cfg(riscv32)");` to the top of the `build.rs`
   = note: see <https://doc.rust-lang.org/nightly/rustc/check-cfg/cargo-specifics.html> for more information about checking conditional configuration
   = note: this warning originates in the macro `read_csr_rv32` which comes from the expansion of the macro `regh` (in Nightly builds, run with -Z macro-backtrace for more info)

warning: unexpected `cfg` condition name: `riscv32`
   --> /home/hwt/桌面/sources/实验和项目类/os区域赛/rcore-lab/vendor/riscv/src/register/macros.rs:130:27
    |
130 |                 #[cfg(all(riscv32, feature = "inline-asm"))]
    |                           ^^^^^^^ help: there is a config with a similar name: `riscv`
    |
   ::: /home/hwt/桌面/sources/实验和项目类/os区域赛/rcore-lab/vendor/riscv/src/register/mhpmcounterx.rs:69:1
    |
69  | regh!(0xB90, mhpmcounter16h, __read_mhpmcounter16h, __write_mhpmcounter16h);
    | --------------------------------------------------------------------------- in this macro invocation
    |
    = help: consider using a Cargo feature instead
    = help: or consider adding in `Cargo.toml` the `check-cfg` lint config for the lint:
             [lints.rust]
             unexpected_cfgs = { level = "warn", check-cfg = ['cfg(riscv32)'] }
    = help: or consider adding `println!("cargo::rustc-check-cfg=cfg(riscv32)");` to the top of the `build.rs`
    = note: see <https://doc.rust-lang.org/nightly/rustc/check-cfg/cargo-specifics.html> for more information about checking conditional configuration
    = note: this warning originates in the macro `write_csr_rv32` which comes from the expansion of the macro `regh` (in Nightly builds, run with -Z macro-backtrace for more info)

warning: unexpected `cfg` condition name: `riscv32`
   --> /home/hwt/桌面/sources/实验和项目类/os区域赛/rcore-lab/vendor/riscv/src/register/macros.rs:133:27
    |
133 |                 #[cfg(all(riscv32, not(feature = "inline-asm")))]
    |                           ^^^^^^^ help: there is a config with a similar name: `riscv`
    |
   ::: /home/hwt/桌面/sources/实验和项目类/os区域赛/rcore-lab/vendor/riscv/src/register/mhpmcounterx.rs:69:1
    |
69  | regh!(0xB90, mhpmcounter16h, __read_mhpmcounter16h, __write_mhpmcounter16h);
    | --------------------------------------------------------------------------- in this macro invocation
    |
    = help: consider using a Cargo feature instead
    = help: or consider adding in `Cargo.toml` the `check-cfg` lint config for the lint:
             [lints.rust]
             unexpected_cfgs = { level = "warn", check-cfg = ['cfg(riscv32)'] }
    = help: or consider adding `println!("cargo::rustc-check-cfg=cfg(riscv32)");` to the top of the `build.rs`
    = note: see <https://doc.rust-lang.org/nightly/rustc/check-cfg/cargo-specifics.html> for more information about checking conditional configuration
    = note: this warning originates in the macro `write_csr_rv32` which comes from the expansion of the macro `regh` (in Nightly builds, run with -Z macro-backtrace for more info)

warning: unexpected `cfg` condition name: `riscv32`
   --> /home/hwt/桌面/sources/实验和项目类/os区域赛/rcore-lab/vendor/riscv/src/register/macros.rs:142:27
    |
142 |                 #[cfg(not(riscv32))]
    |                           ^^^^^^^ help: there is a config with a similar name: `riscv`
    |
   ::: /home/hwt/桌面/sources/实验和项目类/os区域赛/rcore-lab/vendor/riscv/src/register/mhpmcounterx.rs:69:1
    |
69  | regh!(0xB90, mhpmcounter16h, __read_mhpmcounter16h, __write_mhpmcounter16h);
    | --------------------------------------------------------------------------- in this macro invocation
    |
    = help: consider using a Cargo feature instead
    = help: or consider adding in `Cargo.toml` the `check-cfg` lint config for the lint:
             [lints.rust]
             unexpected_cfgs = { level = "warn", check-cfg = ['cfg(riscv32)'] }
    = help: or consider adding `println!("cargo::rustc-check-cfg=cfg(riscv32)");` to the top of the `build.rs`
    = note: see <https://doc.rust-lang.org/nightly/rustc/check-cfg/cargo-specifics.html> for more information about checking conditional configuration
    = note: this warning originates in the macro `write_csr_rv32` which comes from the expansion of the macro `regh` (in Nightly builds, run with -Z macro-backtrace for more info)

warning: unexpected `cfg` condition name: `riscv32`
  --> /home/hwt/桌面/sources/实验和项目类/os区域赛/rcore-lab/vendor/riscv/src/register/macros.rs:36:27
   |
36 |                 #[cfg(all(riscv32, feature = "inline-asm"))]
   |                           ^^^^^^^ help: there is a config with a similar name: `riscv`
   |
  ::: /home/hwt/桌面/sources/实验和项目类/os区域赛/rcore-lab/vendor/riscv/src/register/mhpmcounterx.rs:70:1
   |
70 | regh!(0xB91, mhpmcounter17h, __read_mhpmcounter17h, __write_mhpmcounter17h);
   | --------------------------------------------------------------------------- in this macro invocation
   |
   = help: consider using a Cargo feature instead
   = help: or consider adding in `Cargo.toml` the `check-cfg` lint config for the lint:
            [lints.rust]
            unexpected_cfgs = { level = "warn", check-cfg = ['cfg(riscv32)'] }
   = help: or consider adding `println!("cargo::rustc-check-cfg=cfg(riscv32)");` to the top of the `build.rs`
   = note: see <https://doc.rust-lang.org/nightly/rustc/check-cfg/cargo-specifics.html> for more information about checking conditional configuration
   = note: this warning originates in the macro `read_csr_rv32` which comes from the expansion of the macro `regh` (in Nightly builds, run with -Z macro-backtrace for more info)

warning: unexpected `cfg` condition name: `riscv32`
  --> /home/hwt/桌面/sources/实验和项目类/os区域赛/rcore-lab/vendor/riscv/src/register/macros.rs:43:27
   |
43 |                 #[cfg(all(riscv32, not(feature = "inline-asm")))]
   |                           ^^^^^^^ help: there is a config with a similar name: `riscv`
   |
  ::: /home/hwt/桌面/sources/实验和项目类/os区域赛/rcore-lab/vendor/riscv/src/register/mhpmcounterx.rs:70:1
   |
70 | regh!(0xB91, mhpmcounter17h, __read_mhpmcounter17h, __write_mhpmcounter17h);
   | --------------------------------------------------------------------------- in this macro invocation
   |
   = help: consider using a Cargo feature instead
   = help: or consider adding in `Cargo.toml` the `check-cfg` lint config for the lint:
            [lints.rust]
            unexpected_cfgs = { level = "warn", check-cfg = ['cfg(riscv32)'] }
   = help: or consider adding `println!("cargo::rustc-check-cfg=cfg(riscv32)");` to the top of the `build.rs`
   = note: see <https://doc.rust-lang.org/nightly/rustc/check-cfg/cargo-specifics.html> for more information about checking conditional configuration
   = note: this warning originates in the macro `read_csr_rv32` which comes from the expansion of the macro `regh` (in Nightly builds, run with -Z macro-backtrace for more info)

warning: unexpected `cfg` condition name: `riscv32`
  --> /home/hwt/桌面/sources/实验和项目类/os区域赛/rcore-lab/vendor/riscv/src/register/macros.rs:52:27
   |
52 |                 #[cfg(not(riscv32))]
   |                           ^^^^^^^ help: there is a config with a similar name: `riscv`
   |
  ::: /home/hwt/桌面/sources/实验和项目类/os区域赛/rcore-lab/vendor/riscv/src/register/mhpmcounterx.rs:70:1
   |
70 | regh!(0xB91, mhpmcounter17h, __read_mhpmcounter17h, __write_mhpmcounter17h);
   | --------------------------------------------------------------------------- in this macro invocation
   |
   = help: consider using a Cargo feature instead
   = help: or consider adding in `Cargo.toml` the `check-cfg` lint config for the lint:
            [lints.rust]
            unexpected_cfgs = { level = "warn", check-cfg = ['cfg(riscv32)'] }
   = help: or consider adding `println!("cargo::rustc-check-cfg=cfg(riscv32)");` to the top of the `build.rs`
   = note: see <https://doc.rust-lang.org/nightly/rustc/check-cfg/cargo-specifics.html> for more information about checking conditional configuration
   = note: this warning originates in the macro `read_csr_rv32` which comes from the expansion of the macro `regh` (in Nightly builds, run with -Z macro-backtrace for more info)

warning: unexpected `cfg` condition name: `riscv32`
   --> /home/hwt/桌面/sources/实验和项目类/os区域赛/rcore-lab/vendor/riscv/src/register/macros.rs:130:27
    |
130 |                 #[cfg(all(riscv32, feature = "inline-asm"))]
    |                           ^^^^^^^ help: there is a config with a similar name: `riscv`
    |
   ::: /home/hwt/桌面/sources/实验和项目类/os区域赛/rcore-lab/vendor/riscv/src/register/mhpmcounterx.rs:70:1
    |
70  | regh!(0xB91, mhpmcounter17h, __read_mhpmcounter17h, __write_mhpmcounter17h);
    | --------------------------------------------------------------------------- in this macro invocation
    |
    = help: consider using a Cargo feature instead
    = help: or consider adding in `Cargo.toml` the `check-cfg` lint config for the lint:
             [lints.rust]
             unexpected_cfgs = { level = "warn", check-cfg = ['cfg(riscv32)'] }
    = help: or consider adding `println!("cargo::rustc-check-cfg=cfg(riscv32)");` to the top of the `build.rs`
    = note: see <https://doc.rust-lang.org/nightly/rustc/check-cfg/cargo-specifics.html> for more information about checking conditional configuration
    = note: this warning originates in the macro `write_csr_rv32` which comes from the expansion of the macro `regh` (in Nightly builds, run with -Z macro-backtrace for more info)

warning: unexpected `cfg` condition name: `riscv32`
   --> /home/hwt/桌面/sources/实验和项目类/os区域赛/rcore-lab/vendor/riscv/src/register/macros.rs:133:27
    |
133 |                 #[cfg(all(riscv32, not(feature = "inline-asm")))]
    |                           ^^^^^^^ help: there is a config with a similar name: `riscv`
    |
   ::: /home/hwt/桌面/sources/实验和项目类/os区域赛/rcore-lab/vendor/riscv/src/register/mhpmcounterx.rs:70:1
    |
70  | regh!(0xB91, mhpmcounter17h, __read_mhpmcounter17h, __write_mhpmcounter17h);
    | --------------------------------------------------------------------------- in this macro invocation
    |
    = help: consider using a Cargo feature instead
    = help: or consider adding in `Cargo.toml` the `check-cfg` lint config for the lint:
             [lints.rust]
             unexpected_cfgs = { level = "warn", check-cfg = ['cfg(riscv32)'] }
    = help: or consider adding `println!("cargo::rustc-check-cfg=cfg(riscv32)");` to the top of the `build.rs`
    = note: see <https://doc.rust-lang.org/nightly/rustc/check-cfg/cargo-specifics.html> for more information about checking conditional configuration
    = note: this warning originates in the macro `write_csr_rv32` which comes from the expansion of the macro `regh` (in Nightly builds, run with -Z macro-backtrace for more info)

warning: unexpected `cfg` condition name: `riscv32`
   --> /home/hwt/桌面/sources/实验和项目类/os区域赛/rcore-lab/vendor/riscv/src/register/macros.rs:142:27
    |
142 |                 #[cfg(not(riscv32))]
    |                           ^^^^^^^ help: there is a config with a similar name: `riscv`
    |
   ::: /home/hwt/桌面/sources/实验和项目类/os区域赛/rcore-lab/vendor/riscv/src/register/mhpmcounterx.rs:70:1
    |
70  | regh!(0xB91, mhpmcounter17h, __read_mhpmcounter17h, __write_mhpmcounter17h);
    | --------------------------------------------------------------------------- in this macro invocation
    |
    = help: consider using a Cargo feature instead
    = help: or consider adding in `Cargo.toml` the `check-cfg` lint config for the lint:
             [lints.rust]
             unexpected_cfgs = { level = "warn", check-cfg = ['cfg(riscv32)'] }
    = help: or consider adding `println!("cargo::rustc-check-cfg=cfg(riscv32)");` to the top of the `build.rs`
    = note: see <https://doc.rust-lang.org/nightly/rustc/check-cfg/cargo-specifics.html> for more information about checking conditional configuration
    = note: this warning originates in the macro `write_csr_rv32` which comes from the expansion of the macro `regh` (in Nightly builds, run with -Z macro-backtrace for more info)

warning: unexpected `cfg` condition name: `riscv32`
  --> /home/hwt/桌面/sources/实验和项目类/os区域赛/rcore-lab/vendor/riscv/src/register/macros.rs:36:27
   |
36 |                 #[cfg(all(riscv32, feature = "inline-asm"))]
   |                           ^^^^^^^ help: there is a config with a similar name: `riscv`
   |
  ::: /home/hwt/桌面/sources/实验和项目类/os区域赛/rcore-lab/vendor/riscv/src/register/mhpmcounterx.rs:71:1
   |
71 | regh!(0xB92, mhpmcounter18h, __read_mhpmcounter18h, __write_mhpmcounter18h);
   | --------------------------------------------------------------------------- in this macro invocation
   |
   = help: consider using a Cargo feature instead
   = help: or consider adding in `Cargo.toml` the `check-cfg` lint config for the lint:
            [lints.rust]
            unexpected_cfgs = { level = "warn", check-cfg = ['cfg(riscv32)'] }
   = help: or consider adding `println!("cargo::rustc-check-cfg=cfg(riscv32)");` to the top of the `build.rs`
   = note: see <https://doc.rust-lang.org/nightly/rustc/check-cfg/cargo-specifics.html> for more information about checking conditional configuration
   = note: this warning originates in the macro `read_csr_rv32` which comes from the expansion of the macro `regh` (in Nightly builds, run with -Z macro-backtrace for more info)

warning: unexpected `cfg` condition name: `riscv32`
  --> /home/hwt/桌面/sources/实验和项目类/os区域赛/rcore-lab/vendor/riscv/src/register/macros.rs:43:27
   |
43 |                 #[cfg(all(riscv32, not(feature = "inline-asm")))]
   |                           ^^^^^^^ help: there is a config with a similar name: `riscv`
   |
  ::: /home/hwt/桌面/sources/实验和项目类/os区域赛/rcore-lab/vendor/riscv/src/register/mhpmcounterx.rs:71:1
   |
71 | regh!(0xB92, mhpmcounter18h, __read_mhpmcounter18h, __write_mhpmcounter18h);
   | --------------------------------------------------------------------------- in this macro invocation
   |
   = help: consider using a Cargo feature instead
   = help: or consider adding in `Cargo.toml` the `check-cfg` lint config for the lint:
            [lints.rust]
            unexpected_cfgs = { level = "warn", check-cfg = ['cfg(riscv32)'] }
   = help: or consider adding `println!("cargo::rustc-check-cfg=cfg(riscv32)");` to the top of the `build.rs`
   = note: see <https://doc.rust-lang.org/nightly/rustc/check-cfg/cargo-specifics.html> for more information about checking conditional configuration
   = note: this warning originates in the macro `read_csr_rv32` which comes from the expansion of the macro `regh` (in Nightly builds, run with -Z macro-backtrace for more info)

warning: unexpected `cfg` condition name: `riscv32`
  --> /home/hwt/桌面/sources/实验和项目类/os区域赛/rcore-lab/vendor/riscv/src/register/macros.rs:52:27
   |
52 |                 #[cfg(not(riscv32))]
   |                           ^^^^^^^ help: there is a config with a similar name: `riscv`
   |
  ::: /home/hwt/桌面/sources/实验和项目类/os区域赛/rcore-lab/vendor/riscv/src/register/mhpmcounterx.rs:71:1
   |
71 | regh!(0xB92, mhpmcounter18h, __read_mhpmcounter18h, __write_mhpmcounter18h);
   | --------------------------------------------------------------------------- in this macro invocation
   |
   = help: consider using a Cargo feature instead
   = help: or consider adding in `Cargo.toml` the `check-cfg` lint config for the lint:
            [lints.rust]
            unexpected_cfgs = { level = "warn", check-cfg = ['cfg(riscv32)'] }
   = help: or consider adding `println!("cargo::rustc-check-cfg=cfg(riscv32)");` to the top of the `build.rs`
   = note: see <https://doc.rust-lang.org/nightly/rustc/check-cfg/cargo-specifics.html> for more information about checking conditional configuration
   = note: this warning originates in the macro `read_csr_rv32` which comes from the expansion of the macro `regh` (in Nightly builds, run with -Z macro-backtrace for more info)

warning: unexpected `cfg` condition name: `riscv32`
   --> /home/hwt/桌面/sources/实验和项目类/os区域赛/rcore-lab/vendor/riscv/src/register/macros.rs:130:27
    |
130 |                 #[cfg(all(riscv32, feature = "inline-asm"))]
    |                           ^^^^^^^ help: there is a config with a similar name: `riscv`
    |
   ::: /home/hwt/桌面/sources/实验和项目类/os区域赛/rcore-lab/vendor/riscv/src/register/mhpmcounterx.rs:71:1
    |
71  | regh!(0xB92, mhpmcounter18h, __read_mhpmcounter18h, __write_mhpmcounter18h);
    | --------------------------------------------------------------------------- in this macro invocation
    |
    = help: consider using a Cargo feature instead
    = help: or consider adding in `Cargo.toml` the `check-cfg` lint config for the lint:
             [lints.rust]
             unexpected_cfgs = { level = "warn", check-cfg = ['cfg(riscv32)'] }
    = help: or consider adding `println!("cargo::rustc-check-cfg=cfg(riscv32)");` to the top of the `build.rs`
    = note: see <https://doc.rust-lang.org/nightly/rustc/check-cfg/cargo-specifics.html> for more information about checking conditional configuration
    = note: this warning originates in the macro `write_csr_rv32` which comes from the expansion of the macro `regh` (in Nightly builds, run with -Z macro-backtrace for more info)

warning: unexpected `cfg` condition name: `riscv32`
   --> /home/hwt/桌面/sources/实验和项目类/os区域赛/rcore-lab/vendor/riscv/src/register/macros.rs:133:27
    |
133 |                 #[cfg(all(riscv32, not(feature = "inline-asm")))]
    |                           ^^^^^^^ help: there is a config with a similar name: `riscv`
    |
   ::: /home/hwt/桌面/sources/实验和项目类/os区域赛/rcore-lab/vendor/riscv/src/register/mhpmcounterx.rs:71:1
    |
71  | regh!(0xB92, mhpmcounter18h, __read_mhpmcounter18h, __write_mhpmcounter18h);
    | --------------------------------------------------------------------------- in this macro invocation
    |
    = help: consider using a Cargo feature instead
    = help: or consider adding in `Cargo.toml` the `check-cfg` lint config for the lint:
             [lints.rust]
             unexpected_cfgs = { level = "warn", check-cfg = ['cfg(riscv32)'] }
    = help: or consider adding `println!("cargo::rustc-check-cfg=cfg(riscv32)");` to the top of the `build.rs`
    = note: see <https://doc.rust-lang.org/nightly/rustc/check-cfg/cargo-specifics.html> for more information about checking conditional configuration
    = note: this warning originates in the macro `write_csr_rv32` which comes from the expansion of the macro `regh` (in Nightly builds, run with -Z macro-backtrace for more info)

warning: unexpected `cfg` condition name: `riscv32`
   --> /home/hwt/桌面/sources/实验和项目类/os区域赛/rcore-lab/vendor/riscv/src/register/macros.rs:142:27
    |
142 |                 #[cfg(not(riscv32))]
    |                           ^^^^^^^ help: there is a config with a similar name: `riscv`
    |
   ::: /home/hwt/桌面/sources/实验和项目类/os区域赛/rcore-lab/vendor/riscv/src/register/mhpmcounterx.rs:71:1
    |
71  | regh!(0xB92, mhpmcounter18h, __read_mhpmcounter18h, __write_mhpmcounter18h);
    | --------------------------------------------------------------------------- in this macro invocation
    |
    = help: consider using a Cargo feature instead
    = help: or consider adding in `Cargo.toml` the `check-cfg` lint config for the lint:
             [lints.rust]
             unexpected_cfgs = { level = "warn", check-cfg = ['cfg(riscv32)'] }
    = help: or consider adding `println!("cargo::rustc-check-cfg=cfg(riscv32)");` to the top of the `build.rs`
    = note: see <https://doc.rust-lang.org/nightly/rustc/check-cfg/cargo-specifics.html> for more information about checking conditional configuration
    = note: this warning originates in the macro `write_csr_rv32` which comes from the expansion of the macro `regh` (in Nightly builds, run with -Z macro-backtrace for more info)

warning: unexpected `cfg` condition name: `riscv32`
  --> /home/hwt/桌面/sources/实验和项目类/os区域赛/rcore-lab/vendor/riscv/src/register/macros.rs:36:27
   |
36 |                 #[cfg(all(riscv32, feature = "inline-asm"))]
   |                           ^^^^^^^ help: there is a config with a similar name: `riscv`
   |
  ::: /home/hwt/桌面/sources/实验和项目类/os区域赛/rcore-lab/vendor/riscv/src/register/mhpmcounterx.rs:72:1
   |
72 | regh!(0xB93, mhpmcounter19h, __read_mhpmcounter19h, __write_mhpmcounter19h);
   | --------------------------------------------------------------------------- in this macro invocation
   |
   = help: consider using a Cargo feature instead
   = help: or consider adding in `Cargo.toml` the `check-cfg` lint config for the lint:
            [lints.rust]
            unexpected_cfgs = { level = "warn", check-cfg = ['cfg(riscv32)'] }
   = help: or consider adding `println!("cargo::rustc-check-cfg=cfg(riscv32)");` to the top of the `build.rs`
   = note: see <https://doc.rust-lang.org/nightly/rustc/check-cfg/cargo-specifics.html> for more information about checking conditional configuration
   = note: this warning originates in the macro `read_csr_rv32` which comes from the expansion of the macro `regh` (in Nightly builds, run with -Z macro-backtrace for more info)

warning: unexpected `cfg` condition name: `riscv32`
  --> /home/hwt/桌面/sources/实验和项目类/os区域赛/rcore-lab/vendor/riscv/src/register/macros.rs:43:27
   |
43 |                 #[cfg(all(riscv32, not(feature = "inline-asm")))]
   |                           ^^^^^^^ help: there is a config with a similar name: `riscv`
   |
  ::: /home/hwt/桌面/sources/实验和项目类/os区域赛/rcore-lab/vendor/riscv/src/register/mhpmcounterx.rs:72:1
   |
72 | regh!(0xB93, mhpmcounter19h, __read_mhpmcounter19h, __write_mhpmcounter19h);
   | --------------------------------------------------------------------------- in this macro invocation
   |
   = help: consider using a Cargo feature instead
   = help: or consider adding in `Cargo.toml` the `check-cfg` lint config for the lint:
            [lints.rust]
            unexpected_cfgs = { level = "warn", check-cfg = ['cfg(riscv32)'] }
   = help: or consider adding `println!("cargo::rustc-check-cfg=cfg(riscv32)");` to the top of the `build.rs`
   = note: see <https://doc.rust-lang.org/nightly/rustc/check-cfg/cargo-specifics.html> for more information about checking conditional configuration
   = note: this warning originates in the macro `read_csr_rv32` which comes from the expansion of the macro `regh` (in Nightly builds, run with -Z macro-backtrace for more info)

warning: unexpected `cfg` condition name: `riscv32`
  --> /home/hwt/桌面/sources/实验和项目类/os区域赛/rcore-lab/vendor/riscv/src/register/macros.rs:52:27
   |
52 |                 #[cfg(not(riscv32))]
   |                           ^^^^^^^ help: there is a config with a similar name: `riscv`
   |
  ::: /home/hwt/桌面/sources/实验和项目类/os区域赛/rcore-lab/vendor/riscv/src/register/mhpmcounterx.rs:72:1
   |
72 | regh!(0xB93, mhpmcounter19h, __read_mhpmcounter19h, __write_mhpmcounter19h);
   | --------------------------------------------------------------------------- in this macro invocation
   |
   = help: consider using a Cargo feature instead
   = help: or consider adding in `Cargo.toml` the `check-cfg` lint config for the lint:
            [lints.rust]
            unexpected_cfgs = { level = "warn", check-cfg = ['cfg(riscv32)'] }
   = help: or consider adding `println!("cargo::rustc-check-cfg=cfg(riscv32)");` to the top of the `build.rs`
   = note: see <https://doc.rust-lang.org/nightly/rustc/check-cfg/cargo-specifics.html> for more information about checking conditional configuration
   = note: this warning originates in the macro `read_csr_rv32` which comes from the expansion of the macro `regh` (in Nightly builds, run with -Z macro-backtrace for more info)

warning: unexpected `cfg` condition name: `riscv32`
   --> /home/hwt/桌面/sources/实验和项目类/os区域赛/rcore-lab/vendor/riscv/src/register/macros.rs:130:27
    |
130 |                 #[cfg(all(riscv32, feature = "inline-asm"))]
    |                           ^^^^^^^ help: there is a config with a similar name: `riscv`
    |
   ::: /home/hwt/桌面/sources/实验和项目类/os区域赛/rcore-lab/vendor/riscv/src/register/mhpmcounterx.rs:72:1
    |
72  | regh!(0xB93, mhpmcounter19h, __read_mhpmcounter19h, __write_mhpmcounter19h);
    | --------------------------------------------------------------------------- in this macro invocation
    |
    = help: consider using a Cargo feature instead
    = help: or consider adding in `Cargo.toml` the `check-cfg` lint config for the lint:
             [lints.rust]
             unexpected_cfgs = { level = "warn", check-cfg = ['cfg(riscv32)'] }
    = help: or consider adding `println!("cargo::rustc-check-cfg=cfg(riscv32)");` to the top of the `build.rs`
    = note: see <https://doc.rust-lang.org/nightly/rustc/check-cfg/cargo-specifics.html> for more information about checking conditional configuration
    = note: this warning originates in the macro `write_csr_rv32` which comes from the expansion of the macro `regh` (in Nightly builds, run with -Z macro-backtrace for more info)

warning: unexpected `cfg` condition name: `riscv32`
   --> /home/hwt/桌面/sources/实验和项目类/os区域赛/rcore-lab/vendor/riscv/src/register/macros.rs:133:27
    |
133 |                 #[cfg(all(riscv32, not(feature = "inline-asm")))]
    |                           ^^^^^^^ help: there is a config with a similar name: `riscv`
    |
   ::: /home/hwt/桌面/sources/实验和项目类/os区域赛/rcore-lab/vendor/riscv/src/register/mhpmcounterx.rs:72:1
    |
72  | regh!(0xB93, mhpmcounter19h, __read_mhpmcounter19h, __write_mhpmcounter19h);
    | --------------------------------------------------------------------------- in this macro invocation
    |
    = help: consider using a Cargo feature instead
    = help: or consider adding in `Cargo.toml` the `check-cfg` lint config for the lint:
             [lints.rust]
             unexpected_cfgs = { level = "warn", check-cfg = ['cfg(riscv32)'] }
    = help: or consider adding `println!("cargo::rustc-check-cfg=cfg(riscv32)");` to the top of the `build.rs`
    = note: see <https://doc.rust-lang.org/nightly/rustc/check-cfg/cargo-specifics.html> for more information about checking conditional configuration
    = note: this warning originates in the macro `write_csr_rv32` which comes from the expansion of the macro `regh` (in Nightly builds, run with -Z macro-backtrace for more info)

warning: unexpected `cfg` condition name: `riscv32`
   --> /home/hwt/桌面/sources/实验和项目类/os区域赛/rcore-lab/vendor/riscv/src/register/macros.rs:142:27
    |
142 |                 #[cfg(not(riscv32))]
    |                           ^^^^^^^ help: there is a config with a similar name: `riscv`
    |
   ::: /home/hwt/桌面/sources/实验和项目类/os区域赛/rcore-lab/vendor/riscv/src/register/mhpmcounterx.rs:72:1
    |
72  | regh!(0xB93, mhpmcounter19h, __read_mhpmcounter19h, __write_mhpmcounter19h);
    | --------------------------------------------------------------------------- in this macro invocation
    |
    = help: consider using a Cargo feature instead
    = help: or consider adding in `Cargo.toml` the `check-cfg` lint config for the lint:
             [lints.rust]
             unexpected_cfgs = { level = "warn", check-cfg = ['cfg(riscv32)'] }
    = help: or consider adding `println!("cargo::rustc-check-cfg=cfg(riscv32)");` to the top of the `build.rs`
    = note: see <https://doc.rust-lang.org/nightly/rustc/check-cfg/cargo-specifics.html> for more information about checking conditional configuration
    = note: this warning originates in the macro `write_csr_rv32` which comes from the expansion of the macro `regh` (in Nightly builds, run with -Z macro-backtrace for more info)

warning: unexpected `cfg` condition name: `riscv32`
  --> /home/hwt/桌面/sources/实验和项目类/os区域赛/rcore-lab/vendor/riscv/src/register/macros.rs:36:27
   |
36 |                 #[cfg(all(riscv32, feature = "inline-asm"))]
   |                           ^^^^^^^ help: there is a config with a similar name: `riscv`
   |
  ::: /home/hwt/桌面/sources/实验和项目类/os区域赛/rcore-lab/vendor/riscv/src/register/mhpmcounterx.rs:73:1
   |
73 | regh!(0xB94, mhpmcounter20h, __read_mhpmcounter20h, __write_mhpmcounter20h);
   | --------------------------------------------------------------------------- in this macro invocation
   |
   = help: consider using a Cargo feature instead
   = help: or consider adding in `Cargo.toml` the `check-cfg` lint config for the lint:
            [lints.rust]
            unexpected_cfgs = { level = "warn", check-cfg = ['cfg(riscv32)'] }
   = help: or consider adding `println!("cargo::rustc-check-cfg=cfg(riscv32)");` to the top of the `build.rs`
   = note: see <https://doc.rust-lang.org/nightly/rustc/check-cfg/cargo-specifics.html> for more information about checking conditional configuration
   = note: this warning originates in the macro `read_csr_rv32` which comes from the expansion of the macro `regh` (in Nightly builds, run with -Z macro-backtrace for more info)

warning: unexpected `cfg` condition name: `riscv32`
  --> /home/hwt/桌面/sources/实验和项目类/os区域赛/rcore-lab/vendor/riscv/src/register/macros.rs:43:27
   |
43 |                 #[cfg(all(riscv32, not(feature = "inline-asm")))]
   |                           ^^^^^^^ help: there is a config with a similar name: `riscv`
   |
  ::: /home/hwt/桌面/sources/实验和项目类/os区域赛/rcore-lab/vendor/riscv/src/register/mhpmcounterx.rs:73:1
   |
73 | regh!(0xB94, mhpmcounter20h, __read_mhpmcounter20h, __write_mhpmcounter20h);
   | --------------------------------------------------------------------------- in this macro invocation
   |
   = help: consider using a Cargo feature instead
   = help: or consider adding in `Cargo.toml` the `check-cfg` lint config for the lint:
            [lints.rust]
            unexpected_cfgs = { level = "warn", check-cfg = ['cfg(riscv32)'] }
   = help: or consider adding `println!("cargo::rustc-check-cfg=cfg(riscv32)");` to the top of the `build.rs`
   = note: see <https://doc.rust-lang.org/nightly/rustc/check-cfg/cargo-specifics.html> for more information about checking conditional configuration
   = note: this warning originates in the macro `read_csr_rv32` which comes from the expansion of the macro `regh` (in Nightly builds, run with -Z macro-backtrace for more info)

warning: unexpected `cfg` condition name: `riscv32`
  --> /home/hwt/桌面/sources/实验和项目类/os区域赛/rcore-lab/vendor/riscv/src/register/macros.rs:52:27
   |
52 |                 #[cfg(not(riscv32))]
   |                           ^^^^^^^ help: there is a config with a similar name: `riscv`
   |
  ::: /home/hwt/桌面/sources/实验和项目类/os区域赛/rcore-lab/vendor/riscv/src/register/mhpmcounterx.rs:73:1
   |
73 | regh!(0xB94, mhpmcounter20h, __read_mhpmcounter20h, __write_mhpmcounter20h);
   | --------------------------------------------------------------------------- in this macro invocation
   |
   = help: consider using a Cargo feature instead
   = help: or consider adding in `Cargo.toml` the `check-cfg` lint config for the lint:
            [lints.rust]
            unexpected_cfgs = { level = "warn", check-cfg = ['cfg(riscv32)'] }
   = help: or consider adding `println!("cargo::rustc-check-cfg=cfg(riscv32)");` to the top of the `build.rs`
   = note: see <https://doc.rust-lang.org/nightly/rustc/check-cfg/cargo-specifics.html> for more information about checking conditional configuration
   = note: this warning originates in the macro `read_csr_rv32` which comes from the expansion of the macro `regh` (in Nightly builds, run with -Z macro-backtrace for more info)

warning: unexpected `cfg` condition name: `riscv32`
   --> /home/hwt/桌面/sources/实验和项目类/os区域赛/rcore-lab/vendor/riscv/src/register/macros.rs:130:27
    |
130 |                 #[cfg(all(riscv32, feature = "inline-asm"))]
    |                           ^^^^^^^ help: there is a config with a similar name: `riscv`
    |
   ::: /home/hwt/桌面/sources/实验和项目类/os区域赛/rcore-lab/vendor/riscv/src/register/mhpmcounterx.rs:73:1
    |
73  | regh!(0xB94, mhpmcounter20h, __read_mhpmcounter20h, __write_mhpmcounter20h);
    | --------------------------------------------------------------------------- in this macro invocation
    |
    = help: consider using a Cargo feature instead
    = help: or consider adding in `Cargo.toml` the `check-cfg` lint config for the lint:
             [lints.rust]
             unexpected_cfgs = { level = "warn", check-cfg = ['cfg(riscv32)'] }
    = help: or consider adding `println!("cargo::rustc-check-cfg=cfg(riscv32)");` to the top of the `build.rs`
    = note: see <https://doc.rust-lang.org/nightly/rustc/check-cfg/cargo-specifics.html> for more information about checking conditional configuration
    = note: this warning originates in the macro `write_csr_rv32` which comes from the expansion of the macro `regh` (in Nightly builds, run with -Z macro-backtrace for more info)

warning: unexpected `cfg` condition name: `riscv32`
   --> /home/hwt/桌面/sources/实验和项目类/os区域赛/rcore-lab/vendor/riscv/src/register/macros.rs:133:27
    |
133 |                 #[cfg(all(riscv32, not(feature = "inline-asm")))]
    |                           ^^^^^^^ help: there is a config with a similar name: `riscv`
    |
   ::: /home/hwt/桌面/sources/实验和项目类/os区域赛/rcore-lab/vendor/riscv/src/register/mhpmcounterx.rs:73:1
    |
73  | regh!(0xB94, mhpmcounter20h, __read_mhpmcounter20h, __write_mhpmcounter20h);
    | --------------------------------------------------------------------------- in this macro invocation
    |
    = help: consider using a Cargo feature instead
    = help: or consider adding in `Cargo.toml` the `check-cfg` lint config for the lint:
             [lints.rust]
             unexpected_cfgs = { level = "warn", check-cfg = ['cfg(riscv32)'] }
    = help: or consider adding `println!("cargo::rustc-check-cfg=cfg(riscv32)");` to the top of the `build.rs`
    = note: see <https://doc.rust-lang.org/nightly/rustc/check-cfg/cargo-specifics.html> for more information about checking conditional configuration
    = note: this warning originates in the macro `write_csr_rv32` which comes from the expansion of the macro `regh` (in Nightly builds, run with -Z macro-backtrace for more info)

warning: unexpected `cfg` condition name: `riscv32`
   --> /home/hwt/桌面/sources/实验和项目类/os区域赛/rcore-lab/vendor/riscv/src/register/macros.rs:142:27
    |
142 |                 #[cfg(not(riscv32))]
    |                           ^^^^^^^ help: there is a config with a similar name: `riscv`
    |
   ::: /home/hwt/桌面/sources/实验和项目类/os区域赛/rcore-lab/vendor/riscv/src/register/mhpmcounterx.rs:73:1
    |
73  | regh!(0xB94, mhpmcounter20h, __read_mhpmcounter20h, __write_mhpmcounter20h);
    | --------------------------------------------------------------------------- in this macro invocation
    |
    = help: consider using a Cargo feature instead
    = help: or consider adding in `Cargo.toml` the `check-cfg` lint config for the lint:
             [lints.rust]
             unexpected_cfgs = { level = "warn", check-cfg = ['cfg(riscv32)'] }
    = help: or consider adding `println!("cargo::rustc-check-cfg=cfg(riscv32)");` to the top of the `build.rs`
    = note: see <https://doc.rust-lang.org/nightly/rustc/check-cfg/cargo-specifics.html> for more information about checking conditional configuration
    = note: this warning originates in the macro `write_csr_rv32` which comes from the expansion of the macro `regh` (in Nightly builds, run with -Z macro-backtrace for more info)

warning: unexpected `cfg` condition name: `riscv32`
  --> /home/hwt/桌面/sources/实验和项目类/os区域赛/rcore-lab/vendor/riscv/src/register/macros.rs:36:27
   |
36 |                 #[cfg(all(riscv32, feature = "inline-asm"))]
   |                           ^^^^^^^ help: there is a config with a similar name: `riscv`
   |
  ::: /home/hwt/桌面/sources/实验和项目类/os区域赛/rcore-lab/vendor/riscv/src/register/mhpmcounterx.rs:74:1
   |
74 | regh!(0xB95, mhpmcounter21h, __read_mhpmcounter21h, __write_mhpmcounter21h);
   | --------------------------------------------------------------------------- in this macro invocation
   |
   = help: consider using a Cargo feature instead
   = help: or consider adding in `Cargo.toml` the `check-cfg` lint config for the lint:
            [lints.rust]
            unexpected_cfgs = { level = "warn", check-cfg = ['cfg(riscv32)'] }
   = help: or consider adding `println!("cargo::rustc-check-cfg=cfg(riscv32)");` to the top of the `build.rs`
   = note: see <https://doc.rust-lang.org/nightly/rustc/check-cfg/cargo-specifics.html> for more information about checking conditional configuration
   = note: this warning originates in the macro `read_csr_rv32` which comes from the expansion of the macro `regh` (in Nightly builds, run with -Z macro-backtrace for more info)

warning: unexpected `cfg` condition name: `riscv32`
  --> /home/hwt/桌面/sources/实验和项目类/os区域赛/rcore-lab/vendor/riscv/src/register/macros.rs:43:27
   |
43 |                 #[cfg(all(riscv32, not(feature = "inline-asm")))]
   |                           ^^^^^^^ help: there is a config with a similar name: `riscv`
   |
  ::: /home/hwt/桌面/sources/实验和项目类/os区域赛/rcore-lab/vendor/riscv/src/register/mhpmcounterx.rs:74:1
   |
74 | regh!(0xB95, mhpmcounter21h, __read_mhpmcounter21h, __write_mhpmcounter21h);
   | --------------------------------------------------------------------------- in this macro invocation
   |
   = help: consider using a Cargo feature instead
   = help: or consider adding in `Cargo.toml` the `check-cfg` lint config for the lint:
            [lints.rust]
            unexpected_cfgs = { level = "warn", check-cfg = ['cfg(riscv32)'] }
   = help: or consider adding `println!("cargo::rustc-check-cfg=cfg(riscv32)");` to the top of the `build.rs`
   = note: see <https://doc.rust-lang.org/nightly/rustc/check-cfg/cargo-specifics.html> for more information about checking conditional configuration
   = note: this warning originates in the macro `read_csr_rv32` which comes from the expansion of the macro `regh` (in Nightly builds, run with -Z macro-backtrace for more info)

warning: unexpected `cfg` condition name: `riscv32`
  --> /home/hwt/桌面/sources/实验和项目类/os区域赛/rcore-lab/vendor/riscv/src/register/macros.rs:52:27
   |
52 |                 #[cfg(not(riscv32))]
   |                           ^^^^^^^ help: there is a config with a similar name: `riscv`
   |
  ::: /home/hwt/桌面/sources/实验和项目类/os区域赛/rcore-lab/vendor/riscv/src/register/mhpmcounterx.rs:74:1
   |
74 | regh!(0xB95, mhpmcounter21h, __read_mhpmcounter21h, __write_mhpmcounter21h);
   | --------------------------------------------------------------------------- in this macro invocation
   |
   = help: consider using a Cargo feature instead
   = help: or consider adding in `Cargo.toml` the `check-cfg` lint config for the lint:
            [lints.rust]
            unexpected_cfgs = { level = "warn", check-cfg = ['cfg(riscv32)'] }
   = help: or consider adding `println!("cargo::rustc-check-cfg=cfg(riscv32)");` to the top of the `build.rs`
   = note: see <https://doc.rust-lang.org/nightly/rustc/check-cfg/cargo-specifics.html> for more information about checking conditional configuration
   = note: this warning originates in the macro `read_csr_rv32` which comes from the expansion of the macro `regh` (in Nightly builds, run with -Z macro-backtrace for more info)

warning: unexpected `cfg` condition name: `riscv32`
   --> /home/hwt/桌面/sources/实验和项目类/os区域赛/rcore-lab/vendor/riscv/src/register/macros.rs:130:27
    |
130 |                 #[cfg(all(riscv32, feature = "inline-asm"))]
    |                           ^^^^^^^ help: there is a config with a similar name: `riscv`
    |
   ::: /home/hwt/桌面/sources/实验和项目类/os区域赛/rcore-lab/vendor/riscv/src/register/mhpmcounterx.rs:74:1
    |
74  | regh!(0xB95, mhpmcounter21h, __read_mhpmcounter21h, __write_mhpmcounter21h);
    | --------------------------------------------------------------------------- in this macro invocation
    |
    = help: consider using a Cargo feature instead
    = help: or consider adding in `Cargo.toml` the `check-cfg` lint config for the lint:
             [lints.rust]
             unexpected_cfgs = { level = "warn", check-cfg = ['cfg(riscv32)'] }
    = help: or consider adding `println!("cargo::rustc-check-cfg=cfg(riscv32)");` to the top of the `build.rs`
    = note: see <https://doc.rust-lang.org/nightly/rustc/check-cfg/cargo-specifics.html> for more information about checking conditional configuration
    = note: this warning originates in the macro `write_csr_rv32` which comes from the expansion of the macro `regh` (in Nightly builds, run with -Z macro-backtrace for more info)

warning: unexpected `cfg` condition name: `riscv32`
   --> /home/hwt/桌面/sources/实验和项目类/os区域赛/rcore-lab/vendor/riscv/src/register/macros.rs:133:27
    |
133 |                 #[cfg(all(riscv32, not(feature = "inline-asm")))]
    |                           ^^^^^^^ help: there is a config with a similar name: `riscv`
    |
   ::: /home/hwt/桌面/sources/实验和项目类/os区域赛/rcore-lab/vendor/riscv/src/register/mhpmcounterx.rs:74:1
    |
74  | regh!(0xB95, mhpmcounter21h, __read_mhpmcounter21h, __write_mhpmcounter21h);
    | --------------------------------------------------------------------------- in this macro invocation
    |
    = help: consider using a Cargo feature instead
    = help: or consider adding in `Cargo.toml` the `check-cfg` lint config for the lint:
             [lints.rust]
             unexpected_cfgs = { level = "warn", check-cfg = ['cfg(riscv32)'] }
    = help: or consider adding `println!("cargo::rustc-check-cfg=cfg(riscv32)");` to the top of the `build.rs`
    = note: see <https://doc.rust-lang.org/nightly/rustc/check-cfg/cargo-specifics.html> for more information about checking conditional configuration
    = note: this warning originates in the macro `write_csr_rv32` which comes from the expansion of the macro `regh` (in Nightly builds, run with -Z macro-backtrace for more info)

warning: unexpected `cfg` condition name: `riscv32`
   --> /home/hwt/桌面/sources/实验和项目类/os区域赛/rcore-lab/vendor/riscv/src/register/macros.rs:142:27
    |
142 |                 #[cfg(not(riscv32))]
    |                           ^^^^^^^ help: there is a config with a similar name: `riscv`
    |
   ::: /home/hwt/桌面/sources/实验和项目类/os区域赛/rcore-lab/vendor/riscv/src/register/mhpmcounterx.rs:74:1
    |
74  | regh!(0xB95, mhpmcounter21h, __read_mhpmcounter21h, __write_mhpmcounter21h);
    | --------------------------------------------------------------------------- in this macro invocation
    |
    = help: consider using a Cargo feature instead
    = help: or consider adding in `Cargo.toml` the `check-cfg` lint config for the lint:
             [lints.rust]
             unexpected_cfgs = { level = "warn", check-cfg = ['cfg(riscv32)'] }
    = help: or consider adding `println!("cargo::rustc-check-cfg=cfg(riscv32)");` to the top of the `build.rs`
    = note: see <https://doc.rust-lang.org/nightly/rustc/check-cfg/cargo-specifics.html> for more information about checking conditional configuration
    = note: this warning originates in the macro `write_csr_rv32` which comes from the expansion of the macro `regh` (in Nightly builds, run with -Z macro-backtrace for more info)

warning: unexpected `cfg` condition name: `riscv32`
  --> /home/hwt/桌面/sources/实验和项目类/os区域赛/rcore-lab/vendor/riscv/src/register/macros.rs:36:27
   |
36 |                 #[cfg(all(riscv32, feature = "inline-asm"))]
   |                           ^^^^^^^ help: there is a config with a similar name: `riscv`
   |
  ::: /home/hwt/桌面/sources/实验和项目类/os区域赛/rcore-lab/vendor/riscv/src/register/mhpmcounterx.rs:75:1
   |
75 | regh!(0xB96, mhpmcounter22h, __read_mhpmcounter22h, __write_mhpmcounter22h);
   | --------------------------------------------------------------------------- in this macro invocation
   |
   = help: consider using a Cargo feature instead
   = help: or consider adding in `Cargo.toml` the `check-cfg` lint config for the lint:
            [lints.rust]
            unexpected_cfgs = { level = "warn", check-cfg = ['cfg(riscv32)'] }
   = help: or consider adding `println!("cargo::rustc-check-cfg=cfg(riscv32)");` to the top of the `build.rs`
   = note: see <https://doc.rust-lang.org/nightly/rustc/check-cfg/cargo-specifics.html> for more information about checking conditional configuration
   = note: this warning originates in the macro `read_csr_rv32` which comes from the expansion of the macro `regh` (in Nightly builds, run with -Z macro-backtrace for more info)

warning: unexpected `cfg` condition name: `riscv32`
  --> /home/hwt/桌面/sources/实验和项目类/os区域赛/rcore-lab/vendor/riscv/src/register/macros.rs:43:27
   |
43 |                 #[cfg(all(riscv32, not(feature = "inline-asm")))]
   |                           ^^^^^^^ help: there is a config with a similar name: `riscv`
   |
  ::: /home/hwt/桌面/sources/实验和项目类/os区域赛/rcore-lab/vendor/riscv/src/register/mhpmcounterx.rs:75:1
   |
75 | regh!(0xB96, mhpmcounter22h, __read_mhpmcounter22h, __write_mhpmcounter22h);
   | --------------------------------------------------------------------------- in this macro invocation
   |
   = help: consider using a Cargo feature instead
   = help: or consider adding in `Cargo.toml` the `check-cfg` lint config for the lint:
            [lints.rust]
            unexpected_cfgs = { level = "warn", check-cfg = ['cfg(riscv32)'] }
   = help: or consider adding `println!("cargo::rustc-check-cfg=cfg(riscv32)");` to the top of the `build.rs`
   = note: see <https://doc.rust-lang.org/nightly/rustc/check-cfg/cargo-specifics.html> for more information about checking conditional configuration
   = note: this warning originates in the macro `read_csr_rv32` which comes from the expansion of the macro `regh` (in Nightly builds, run with -Z macro-backtrace for more info)

warning: unexpected `cfg` condition name: `riscv32`
  --> /home/hwt/桌面/sources/实验和项目类/os区域赛/rcore-lab/vendor/riscv/src/register/macros.rs:52:27
   |
52 |                 #[cfg(not(riscv32))]
   |                           ^^^^^^^ help: there is a config with a similar name: `riscv`
   |
  ::: /home/hwt/桌面/sources/实验和项目类/os区域赛/rcore-lab/vendor/riscv/src/register/mhpmcounterx.rs:75:1
   |
75 | regh!(0xB96, mhpmcounter22h, __read_mhpmcounter22h, __write_mhpmcounter22h);
   | --------------------------------------------------------------------------- in this macro invocation
   |
   = help: consider using a Cargo feature instead
   = help: or consider adding in `Cargo.toml` the `check-cfg` lint config for the lint:
            [lints.rust]
            unexpected_cfgs = { level = "warn", check-cfg = ['cfg(riscv32)'] }
   = help: or consider adding `println!("cargo::rustc-check-cfg=cfg(riscv32)");` to the top of the `build.rs`
   = note: see <https://doc.rust-lang.org/nightly/rustc/check-cfg/cargo-specifics.html> for more information about checking conditional configuration
   = note: this warning originates in the macro `read_csr_rv32` which comes from the expansion of the macro `regh` (in Nightly builds, run with -Z macro-backtrace for more info)

warning: unexpected `cfg` condition name: `riscv32`
   --> /home/hwt/桌面/sources/实验和项目类/os区域赛/rcore-lab/vendor/riscv/src/register/macros.rs:130:27
    |
130 |                 #[cfg(all(riscv32, feature = "inline-asm"))]
    |                           ^^^^^^^ help: there is a config with a similar name: `riscv`
    |
   ::: /home/hwt/桌面/sources/实验和项目类/os区域赛/rcore-lab/vendor/riscv/src/register/mhpmcounterx.rs:75:1
    |
75  | regh!(0xB96, mhpmcounter22h, __read_mhpmcounter22h, __write_mhpmcounter22h);
    | --------------------------------------------------------------------------- in this macro invocation
    |
    = help: consider using a Cargo feature instead
    = help: or consider adding in `Cargo.toml` the `check-cfg` lint config for the lint:
             [lints.rust]
             unexpected_cfgs = { level = "warn", check-cfg = ['cfg(riscv32)'] }
    = help: or consider adding `println!("cargo::rustc-check-cfg=cfg(riscv32)");` to the top of the `build.rs`
    = note: see <https://doc.rust-lang.org/nightly/rustc/check-cfg/cargo-specifics.html> for more information about checking conditional configuration
    = note: this warning originates in the macro `write_csr_rv32` which comes from the expansion of the macro `regh` (in Nightly builds, run with -Z macro-backtrace for more info)

warning: unexpected `cfg` condition name: `riscv32`
   --> /home/hwt/桌面/sources/实验和项目类/os区域赛/rcore-lab/vendor/riscv/src/register/macros.rs:133:27
    |
133 |                 #[cfg(all(riscv32, not(feature = "inline-asm")))]
    |                           ^^^^^^^ help: there is a config with a similar name: `riscv`
    |
   ::: /home/hwt/桌面/sources/实验和项目类/os区域赛/rcore-lab/vendor/riscv/src/register/mhpmcounterx.rs:75:1
    |
75  | regh!(0xB96, mhpmcounter22h, __read_mhpmcounter22h, __write_mhpmcounter22h);
    | --------------------------------------------------------------------------- in this macro invocation
    |
    = help: consider using a Cargo feature instead
    = help: or consider adding in `Cargo.toml` the `check-cfg` lint config for the lint:
             [lints.rust]
             unexpected_cfgs = { level = "warn", check-cfg = ['cfg(riscv32)'] }
    = help: or consider adding `println!("cargo::rustc-check-cfg=cfg(riscv32)");` to the top of the `build.rs`
    = note: see <https://doc.rust-lang.org/nightly/rustc/check-cfg/cargo-specifics.html> for more information about checking conditional configuration
    = note: this warning originates in the macro `write_csr_rv32` which comes from the expansion of the macro `regh` (in Nightly builds, run with -Z macro-backtrace for more info)

warning: unexpected `cfg` condition name: `riscv32`
   --> /home/hwt/桌面/sources/实验和项目类/os区域赛/rcore-lab/vendor/riscv/src/register/macros.rs:142:27
    |
142 |                 #[cfg(not(riscv32))]
    |                           ^^^^^^^ help: there is a config with a similar name: `riscv`
    |
   ::: /home/hwt/桌面/sources/实验和项目类/os区域赛/rcore-lab/vendor/riscv/src/register/mhpmcounterx.rs:75:1
    |
75  | regh!(0xB96, mhpmcounter22h, __read_mhpmcounter22h, __write_mhpmcounter22h);
    | --------------------------------------------------------------------------- in this macro invocation
    |
    = help: consider using a Cargo feature instead
    = help: or consider adding in `Cargo.toml` the `check-cfg` lint config for the lint:
             [lints.rust]
             unexpected_cfgs = { level = "warn", check-cfg = ['cfg(riscv32)'] }
    = help: or consider adding `println!("cargo::rustc-check-cfg=cfg(riscv32)");` to the top of the `build.rs`
    = note: see <https://doc.rust-lang.org/nightly/rustc/check-cfg/cargo-specifics.html> for more information about checking conditional configuration
    = note: this warning originates in the macro `write_csr_rv32` which comes from the expansion of the macro `regh` (in Nightly builds, run with -Z macro-backtrace for more info)

warning: unexpected `cfg` condition name: `riscv32`
  --> /home/hwt/桌面/sources/实验和项目类/os区域赛/rcore-lab/vendor/riscv/src/register/macros.rs:36:27
   |
36 |                 #[cfg(all(riscv32, feature = "inline-asm"))]
   |                           ^^^^^^^ help: there is a config with a similar name: `riscv`
   |
  ::: /home/hwt/桌面/sources/实验和项目类/os区域赛/rcore-lab/vendor/riscv/src/register/mhpmcounterx.rs:76:1
   |
76 | regh!(0xB97, mhpmcounter23h, __read_mhpmcounter23h, __write_mhpmcounter23h);
   | --------------------------------------------------------------------------- in this macro invocation
   |
   = help: consider using a Cargo feature instead
   = help: or consider adding in `Cargo.toml` the `check-cfg` lint config for the lint:
            [lints.rust]
            unexpected_cfgs = { level = "warn", check-cfg = ['cfg(riscv32)'] }
   = help: or consider adding `println!("cargo::rustc-check-cfg=cfg(riscv32)");` to the top of the `build.rs`
   = note: see <https://doc.rust-lang.org/nightly/rustc/check-cfg/cargo-specifics.html> for more information about checking conditional configuration
   = note: this warning originates in the macro `read_csr_rv32` which comes from the expansion of the macro `regh` (in Nightly builds, run with -Z macro-backtrace for more info)

warning: unexpected `cfg` condition name: `riscv32`
  --> /home/hwt/桌面/sources/实验和项目类/os区域赛/rcore-lab/vendor/riscv/src/register/macros.rs:43:27
   |
43 |                 #[cfg(all(riscv32, not(feature = "inline-asm")))]
   |                           ^^^^^^^ help: there is a config with a similar name: `riscv`
   |
  ::: /home/hwt/桌面/sources/实验和项目类/os区域赛/rcore-lab/vendor/riscv/src/register/mhpmcounterx.rs:76:1
   |
76 | regh!(0xB97, mhpmcounter23h, __read_mhpmcounter23h, __write_mhpmcounter23h);
   | --------------------------------------------------------------------------- in this macro invocation
   |
   = help: consider using a Cargo feature instead
   = help: or consider adding in `Cargo.toml` the `check-cfg` lint config for the lint:
            [lints.rust]
            unexpected_cfgs = { level = "warn", check-cfg = ['cfg(riscv32)'] }
   = help: or consider adding `println!("cargo::rustc-check-cfg=cfg(riscv32)");` to the top of the `build.rs`
   = note: see <https://doc.rust-lang.org/nightly/rustc/check-cfg/cargo-specifics.html> for more information about checking conditional configuration
   = note: this warning originates in the macro `read_csr_rv32` which comes from the expansion of the macro `regh` (in Nightly builds, run with -Z macro-backtrace for more info)

warning: unexpected `cfg` condition name: `riscv32`
  --> /home/hwt/桌面/sources/实验和项目类/os区域赛/rcore-lab/vendor/riscv/src/register/macros.rs:52:27
   |
52 |                 #[cfg(not(riscv32))]
   |                           ^^^^^^^ help: there is a config with a similar name: `riscv`
   |
  ::: /home/hwt/桌面/sources/实验和项目类/os区域赛/rcore-lab/vendor/riscv/src/register/mhpmcounterx.rs:76:1
   |
76 | regh!(0xB97, mhpmcounter23h, __read_mhpmcounter23h, __write_mhpmcounter23h);
   | --------------------------------------------------------------------------- in this macro invocation
   |
   = help: consider using a Cargo feature instead
   = help: or consider adding in `Cargo.toml` the `check-cfg` lint config for the lint:
            [lints.rust]
            unexpected_cfgs = { level = "warn", check-cfg = ['cfg(riscv32)'] }
   = help: or consider adding `println!("cargo::rustc-check-cfg=cfg(riscv32)");` to the top of the `build.rs`
   = note: see <https://doc.rust-lang.org/nightly/rustc/check-cfg/cargo-specifics.html> for more information about checking conditional configuration
   = note: this warning originates in the macro `read_csr_rv32` which comes from the expansion of the macro `regh` (in Nightly builds, run with -Z macro-backtrace for more info)

warning: unexpected `cfg` condition name: `riscv32`
   --> /home/hwt/桌面/sources/实验和项目类/os区域赛/rcore-lab/vendor/riscv/src/register/macros.rs:130:27
    |
130 |                 #[cfg(all(riscv32, feature = "inline-asm"))]
    |                           ^^^^^^^ help: there is a config with a similar name: `riscv`
    |
   ::: /home/hwt/桌面/sources/实验和项目类/os区域赛/rcore-lab/vendor/riscv/src/register/mhpmcounterx.rs:76:1
    |
76  | regh!(0xB97, mhpmcounter23h, __read_mhpmcounter23h, __write_mhpmcounter23h);
    | --------------------------------------------------------------------------- in this macro invocation
    |
    = help: consider using a Cargo feature instead
    = help: or consider adding in `Cargo.toml` the `check-cfg` lint config for the lint:
             [lints.rust]
             unexpected_cfgs = { level = "warn", check-cfg = ['cfg(riscv32)'] }
    = help: or consider adding `println!("cargo::rustc-check-cfg=cfg(riscv32)");` to the top of the `build.rs`
    = note: see <https://doc.rust-lang.org/nightly/rustc/check-cfg/cargo-specifics.html> for more information about checking conditional configuration
    = note: this warning originates in the macro `write_csr_rv32` which comes from the expansion of the macro `regh` (in Nightly builds, run with -Z macro-backtrace for more info)

warning: unexpected `cfg` condition name: `riscv32`
   --> /home/hwt/桌面/sources/实验和项目类/os区域赛/rcore-lab/vendor/riscv/src/register/macros.rs:133:27
    |
133 |                 #[cfg(all(riscv32, not(feature = "inline-asm")))]
    |                           ^^^^^^^ help: there is a config with a similar name: `riscv`
    |
   ::: /home/hwt/桌面/sources/实验和项目类/os区域赛/rcore-lab/vendor/riscv/src/register/mhpmcounterx.rs:76:1
    |
76  | regh!(0xB97, mhpmcounter23h, __read_mhpmcounter23h, __write_mhpmcounter23h);
    | --------------------------------------------------------------------------- in this macro invocation
    |
    = help: consider using a Cargo feature instead
    = help: or consider adding in `Cargo.toml` the `check-cfg` lint config for the lint:
             [lints.rust]
             unexpected_cfgs = { level = "warn", check-cfg = ['cfg(riscv32)'] }
    = help: or consider adding `println!("cargo::rustc-check-cfg=cfg(riscv32)");` to the top of the `build.rs`
    = note: see <https://doc.rust-lang.org/nightly/rustc/check-cfg/cargo-specifics.html> for more information about checking conditional configuration
    = note: this warning originates in the macro `write_csr_rv32` which comes from the expansion of the macro `regh` (in Nightly builds, run with -Z macro-backtrace for more info)

warning: unexpected `cfg` condition name: `riscv32`
   --> /home/hwt/桌面/sources/实验和项目类/os区域赛/rcore-lab/vendor/riscv/src/register/macros.rs:142:27
    |
142 |                 #[cfg(not(riscv32))]
    |                           ^^^^^^^ help: there is a config with a similar name: `riscv`
    |
   ::: /home/hwt/桌面/sources/实验和项目类/os区域赛/rcore-lab/vendor/riscv/src/register/mhpmcounterx.rs:76:1
    |
76  | regh!(0xB97, mhpmcounter23h, __read_mhpmcounter23h, __write_mhpmcounter23h);
    | --------------------------------------------------------------------------- in this macro invocation
    |
    = help: consider using a Cargo feature instead
    = help: or consider adding in `Cargo.toml` the `check-cfg` lint config for the lint:
             [lints.rust]
             unexpected_cfgs = { level = "warn", check-cfg = ['cfg(riscv32)'] }
    = help: or consider adding `println!("cargo::rustc-check-cfg=cfg(riscv32)");` to the top of the `build.rs`
    = note: see <https://doc.rust-lang.org/nightly/rustc/check-cfg/cargo-specifics.html> for more information about checking conditional configuration
    = note: this warning originates in the macro `write_csr_rv32` which comes from the expansion of the macro `regh` (in Nightly builds, run with -Z macro-backtrace for more info)

warning: unexpected `cfg` condition name: `riscv32`
  --> /home/hwt/桌面/sources/实验和项目类/os区域赛/rcore-lab/vendor/riscv/src/register/macros.rs:36:27
   |
36 |                 #[cfg(all(riscv32, feature = "inline-asm"))]
   |                           ^^^^^^^ help: there is a config with a similar name: `riscv`
   |
  ::: /home/hwt/桌面/sources/实验和项目类/os区域赛/rcore-lab/vendor/riscv/src/register/mhpmcounterx.rs:77:1
   |
77 | regh!(0xB98, mhpmcounter24h, __read_mhpmcounter24h, __write_mhpmcounter24h);
   | --------------------------------------------------------------------------- in this macro invocation
   |
   = help: consider using a Cargo feature instead
   = help: or consider adding in `Cargo.toml` the `check-cfg` lint config for the lint:
            [lints.rust]
            unexpected_cfgs = { level = "warn", check-cfg = ['cfg(riscv32)'] }
   = help: or consider adding `println!("cargo::rustc-check-cfg=cfg(riscv32)");` to the top of the `build.rs`
   = note: see <https://doc.rust-lang.org/nightly/rustc/check-cfg/cargo-specifics.html> for more information about checking conditional configuration
   = note: this warning originates in the macro `read_csr_rv32` which comes from the expansion of the macro `regh` (in Nightly builds, run with -Z macro-backtrace for more info)

warning: unexpected `cfg` condition name: `riscv32`
  --> /home/hwt/桌面/sources/实验和项目类/os区域赛/rcore-lab/vendor/riscv/src/register/macros.rs:43:27
   |
43 |                 #[cfg(all(riscv32, not(feature = "inline-asm")))]
   |                           ^^^^^^^ help: there is a config with a similar name: `riscv`
   |
  ::: /home/hwt/桌面/sources/实验和项目类/os区域赛/rcore-lab/vendor/riscv/src/register/mhpmcounterx.rs:77:1
   |
77 | regh!(0xB98, mhpmcounter24h, __read_mhpmcounter24h, __write_mhpmcounter24h);
   | --------------------------------------------------------------------------- in this macro invocation
   |
   = help: consider using a Cargo feature instead
   = help: or consider adding in `Cargo.toml` the `check-cfg` lint config for the lint:
            [lints.rust]
            unexpected_cfgs = { level = "warn", check-cfg = ['cfg(riscv32)'] }
   = help: or consider adding `println!("cargo::rustc-check-cfg=cfg(riscv32)");` to the top of the `build.rs`
   = note: see <https://doc.rust-lang.org/nightly/rustc/check-cfg/cargo-specifics.html> for more information about checking conditional configuration
   = note: this warning originates in the macro `read_csr_rv32` which comes from the expansion of the macro `regh` (in Nightly builds, run with -Z macro-backtrace for more info)

warning: unexpected `cfg` condition name: `riscv32`
  --> /home/hwt/桌面/sources/实验和项目类/os区域赛/rcore-lab/vendor/riscv/src/register/macros.rs:52:27
   |
52 |                 #[cfg(not(riscv32))]
   |                           ^^^^^^^ help: there is a config with a similar name: `riscv`
   |
  ::: /home/hwt/桌面/sources/实验和项目类/os区域赛/rcore-lab/vendor/riscv/src/register/mhpmcounterx.rs:77:1
   |
77 | regh!(0xB98, mhpmcounter24h, __read_mhpmcounter24h, __write_mhpmcounter24h);
   | --------------------------------------------------------------------------- in this macro invocation
   |
   = help: consider using a Cargo feature instead
   = help: or consider adding in `Cargo.toml` the `check-cfg` lint config for the lint:
            [lints.rust]
            unexpected_cfgs = { level = "warn", check-cfg = ['cfg(riscv32)'] }
   = help: or consider adding `println!("cargo::rustc-check-cfg=cfg(riscv32)");` to the top of the `build.rs`
   = note: see <https://doc.rust-lang.org/nightly/rustc/check-cfg/cargo-specifics.html> for more information about checking conditional configuration
   = note: this warning originates in the macro `read_csr_rv32` which comes from the expansion of the macro `regh` (in Nightly builds, run with -Z macro-backtrace for more info)

warning: unexpected `cfg` condition name: `riscv32`
   --> /home/hwt/桌面/sources/实验和项目类/os区域赛/rcore-lab/vendor/riscv/src/register/macros.rs:130:27
    |
130 |                 #[cfg(all(riscv32, feature = "inline-asm"))]
    |                           ^^^^^^^ help: there is a config with a similar name: `riscv`
    |
   ::: /home/hwt/桌面/sources/实验和项目类/os区域赛/rcore-lab/vendor/riscv/src/register/mhpmcounterx.rs:77:1
    |
77  | regh!(0xB98, mhpmcounter24h, __read_mhpmcounter24h, __write_mhpmcounter24h);
    | --------------------------------------------------------------------------- in this macro invocation
    |
    = help: consider using a Cargo feature instead
    = help: or consider adding in `Cargo.toml` the `check-cfg` lint config for the lint:
             [lints.rust]
             unexpected_cfgs = { level = "warn", check-cfg = ['cfg(riscv32)'] }
    = help: or consider adding `println!("cargo::rustc-check-cfg=cfg(riscv32)");` to the top of the `build.rs`
    = note: see <https://doc.rust-lang.org/nightly/rustc/check-cfg/cargo-specifics.html> for more information about checking conditional configuration
    = note: this warning originates in the macro `write_csr_rv32` which comes from the expansion of the macro `regh` (in Nightly builds, run with -Z macro-backtrace for more info)

warning: unexpected `cfg` condition name: `riscv32`
   --> /home/hwt/桌面/sources/实验和项目类/os区域赛/rcore-lab/vendor/riscv/src/register/macros.rs:133:27
    |
133 |                 #[cfg(all(riscv32, not(feature = "inline-asm")))]
    |                           ^^^^^^^ help: there is a config with a similar name: `riscv`
    |
   ::: /home/hwt/桌面/sources/实验和项目类/os区域赛/rcore-lab/vendor/riscv/src/register/mhpmcounterx.rs:77:1
    |
77  | regh!(0xB98, mhpmcounter24h, __read_mhpmcounter24h, __write_mhpmcounter24h);
    | --------------------------------------------------------------------------- in this macro invocation
    |
    = help: consider using a Cargo feature instead
    = help: or consider adding in `Cargo.toml` the `check-cfg` lint config for the lint:
             [lints.rust]
             unexpected_cfgs = { level = "warn", check-cfg = ['cfg(riscv32)'] }
    = help: or consider adding `println!("cargo::rustc-check-cfg=cfg(riscv32)");` to the top of the `build.rs`
    = note: see <https://doc.rust-lang.org/nightly/rustc/check-cfg/cargo-specifics.html> for more information about checking conditional configuration
    = note: this warning originates in the macro `write_csr_rv32` which comes from the expansion of the macro `regh` (in Nightly builds, run with -Z macro-backtrace for more info)

warning: unexpected `cfg` condition name: `riscv32`
   --> /home/hwt/桌面/sources/实验和项目类/os区域赛/rcore-lab/vendor/riscv/src/register/macros.rs:142:27
    |
142 |                 #[cfg(not(riscv32))]
    |                           ^^^^^^^ help: there is a config with a similar name: `riscv`
    |
   ::: /home/hwt/桌面/sources/实验和项目类/os区域赛/rcore-lab/vendor/riscv/src/register/mhpmcounterx.rs:77:1
    |
77  | regh!(0xB98, mhpmcounter24h, __read_mhpmcounter24h, __write_mhpmcounter24h);
    | --------------------------------------------------------------------------- in this macro invocation
    |
    = help: consider using a Cargo feature instead
    = help: or consider adding in `Cargo.toml` the `check-cfg` lint config for the lint:
             [lints.rust]
             unexpected_cfgs = { level = "warn", check-cfg = ['cfg(riscv32)'] }
    = help: or consider adding `println!("cargo::rustc-check-cfg=cfg(riscv32)");` to the top of the `build.rs`
    = note: see <https://doc.rust-lang.org/nightly/rustc/check-cfg/cargo-specifics.html> for more information about checking conditional configuration
    = note: this warning originates in the macro `write_csr_rv32` which comes from the expansion of the macro `regh` (in Nightly builds, run with -Z macro-backtrace for more info)

warning: unexpected `cfg` condition name: `riscv32`
  --> /home/hwt/桌面/sources/实验和项目类/os区域赛/rcore-lab/vendor/riscv/src/register/macros.rs:36:27
   |
36 |                 #[cfg(all(riscv32, feature = "inline-asm"))]
   |                           ^^^^^^^ help: there is a config with a similar name: `riscv`
   |
  ::: /home/hwt/桌面/sources/实验和项目类/os区域赛/rcore-lab/vendor/riscv/src/register/mhpmcounterx.rs:78:1
   |
78 | regh!(0xB99, mhpmcounter25h, __read_mhpmcounter25h, __write_mhpmcounter25h);
   | --------------------------------------------------------------------------- in this macro invocation
   |
   = help: consider using a Cargo feature instead
   = help: or consider adding in `Cargo.toml` the `check-cfg` lint config for the lint:
            [lints.rust]
            unexpected_cfgs = { level = "warn", check-cfg = ['cfg(riscv32)'] }
   = help: or consider adding `println!("cargo::rustc-check-cfg=cfg(riscv32)");` to the top of the `build.rs`
   = note: see <https://doc.rust-lang.org/nightly/rustc/check-cfg/cargo-specifics.html> for more information about checking conditional configuration
   = note: this warning originates in the macro `read_csr_rv32` which comes from the expansion of the macro `regh` (in Nightly builds, run with -Z macro-backtrace for more info)

warning: unexpected `cfg` condition name: `riscv32`
  --> /home/hwt/桌面/sources/实验和项目类/os区域赛/rcore-lab/vendor/riscv/src/register/macros.rs:43:27
   |
43 |                 #[cfg(all(riscv32, not(feature = "inline-asm")))]
   |                           ^^^^^^^ help: there is a config with a similar name: `riscv`
   |
  ::: /home/hwt/桌面/sources/实验和项目类/os区域赛/rcore-lab/vendor/riscv/src/register/mhpmcounterx.rs:78:1
   |
78 | regh!(0xB99, mhpmcounter25h, __read_mhpmcounter25h, __write_mhpmcounter25h);
   | --------------------------------------------------------------------------- in this macro invocation
   |
   = help: consider using a Cargo feature instead
   = help: or consider adding in `Cargo.toml` the `check-cfg` lint config for the lint:
            [lints.rust]
            unexpected_cfgs = { level = "warn", check-cfg = ['cfg(riscv32)'] }
   = help: or consider adding `println!("cargo::rustc-check-cfg=cfg(riscv32)");` to the top of the `build.rs`
   = note: see <https://doc.rust-lang.org/nightly/rustc/check-cfg/cargo-specifics.html> for more information about checking conditional configuration
   = note: this warning originates in the macro `read_csr_rv32` which comes from the expansion of the macro `regh` (in Nightly builds, run with -Z macro-backtrace for more info)

warning: unexpected `cfg` condition name: `riscv32`
  --> /home/hwt/桌面/sources/实验和项目类/os区域赛/rcore-lab/vendor/riscv/src/register/macros.rs:52:27
   |
52 |                 #[cfg(not(riscv32))]
   |                           ^^^^^^^ help: there is a config with a similar name: `riscv`
   |
  ::: /home/hwt/桌面/sources/实验和项目类/os区域赛/rcore-lab/vendor/riscv/src/register/mhpmcounterx.rs:78:1
   |
78 | regh!(0xB99, mhpmcounter25h, __read_mhpmcounter25h, __write_mhpmcounter25h);
   | --------------------------------------------------------------------------- in this macro invocation
   |
   = help: consider using a Cargo feature instead
   = help: or consider adding in `Cargo.toml` the `check-cfg` lint config for the lint:
            [lints.rust]
            unexpected_cfgs = { level = "warn", check-cfg = ['cfg(riscv32)'] }
   = help: or consider adding `println!("cargo::rustc-check-cfg=cfg(riscv32)");` to the top of the `build.rs`
   = note: see <https://doc.rust-lang.org/nightly/rustc/check-cfg/cargo-specifics.html> for more information about checking conditional configuration
   = note: this warning originates in the macro `read_csr_rv32` which comes from the expansion of the macro `regh` (in Nightly builds, run with -Z macro-backtrace for more info)

warning: unexpected `cfg` condition name: `riscv32`
   --> /home/hwt/桌面/sources/实验和项目类/os区域赛/rcore-lab/vendor/riscv/src/register/macros.rs:130:27
    |
130 |                 #[cfg(all(riscv32, feature = "inline-asm"))]
    |                           ^^^^^^^ help: there is a config with a similar name: `riscv`
    |
   ::: /home/hwt/桌面/sources/实验和项目类/os区域赛/rcore-lab/vendor/riscv/src/register/mhpmcounterx.rs:78:1
    |
78  | regh!(0xB99, mhpmcounter25h, __read_mhpmcounter25h, __write_mhpmcounter25h);
    | --------------------------------------------------------------------------- in this macro invocation
    |
    = help: consider using a Cargo feature instead
    = help: or consider adding in `Cargo.toml` the `check-cfg` lint config for the lint:
             [lints.rust]
             unexpected_cfgs = { level = "warn", check-cfg = ['cfg(riscv32)'] }
    = help: or consider adding `println!("cargo::rustc-check-cfg=cfg(riscv32)");` to the top of the `build.rs`
    = note: see <https://doc.rust-lang.org/nightly/rustc/check-cfg/cargo-specifics.html> for more information about checking conditional configuration
    = note: this warning originates in the macro `write_csr_rv32` which comes from the expansion of the macro `regh` (in Nightly builds, run with -Z macro-backtrace for more info)

warning: unexpected `cfg` condition name: `riscv32`
   --> /home/hwt/桌面/sources/实验和项目类/os区域赛/rcore-lab/vendor/riscv/src/register/macros.rs:133:27
    |
133 |                 #[cfg(all(riscv32, not(feature = "inline-asm")))]
    |                           ^^^^^^^ help: there is a config with a similar name: `riscv`
    |
   ::: /home/hwt/桌面/sources/实验和项目类/os区域赛/rcore-lab/vendor/riscv/src/register/mhpmcounterx.rs:78:1
    |
78  | regh!(0xB99, mhpmcounter25h, __read_mhpmcounter25h, __write_mhpmcounter25h);
    | --------------------------------------------------------------------------- in this macro invocation
    |
    = help: consider using a Cargo feature instead
    = help: or consider adding in `Cargo.toml` the `check-cfg` lint config for the lint:
             [lints.rust]
             unexpected_cfgs = { level = "warn", check-cfg = ['cfg(riscv32)'] }
    = help: or consider adding `println!("cargo::rustc-check-cfg=cfg(riscv32)");` to the top of the `build.rs`
    = note: see <https://doc.rust-lang.org/nightly/rustc/check-cfg/cargo-specifics.html> for more information about checking conditional configuration
    = note: this warning originates in the macro `write_csr_rv32` which comes from the expansion of the macro `regh` (in Nightly builds, run with -Z macro-backtrace for more info)

warning: unexpected `cfg` condition name: `riscv32`
   --> /home/hwt/桌面/sources/实验和项目类/os区域赛/rcore-lab/vendor/riscv/src/register/macros.rs:142:27
    |
142 |                 #[cfg(not(riscv32))]
    |                           ^^^^^^^ help: there is a config with a similar name: `riscv`
    |
   ::: /home/hwt/桌面/sources/实验和项目类/os区域赛/rcore-lab/vendor/riscv/src/register/mhpmcounterx.rs:78:1
    |
78  | regh!(0xB99, mhpmcounter25h, __read_mhpmcounter25h, __write_mhpmcounter25h);
    | --------------------------------------------------------------------------- in this macro invocation
    |
    = help: consider using a Cargo feature instead
    = help: or consider adding in `Cargo.toml` the `check-cfg` lint config for the lint:
             [lints.rust]
             unexpected_cfgs = { level = "warn", check-cfg = ['cfg(riscv32)'] }
    = help: or consider adding `println!("cargo::rustc-check-cfg=cfg(riscv32)");` to the top of the `build.rs`
    = note: see <https://doc.rust-lang.org/nightly/rustc/check-cfg/cargo-specifics.html> for more information about checking conditional configuration
    = note: this warning originates in the macro `write_csr_rv32` which comes from the expansion of the macro `regh` (in Nightly builds, run with -Z macro-backtrace for more info)

warning: unexpected `cfg` condition name: `riscv32`
  --> /home/hwt/桌面/sources/实验和项目类/os区域赛/rcore-lab/vendor/riscv/src/register/macros.rs:36:27
   |
36 |                 #[cfg(all(riscv32, feature = "inline-asm"))]
   |                           ^^^^^^^ help: there is a config with a similar name: `riscv`
   |
  ::: /home/hwt/桌面/sources/实验和项目类/os区域赛/rcore-lab/vendor/riscv/src/register/mhpmcounterx.rs:79:1
   |
79 | regh!(0xB9A, mhpmcounter26h, __read_mhpmcounter26h, __write_mhpmcounter26h);
   | --------------------------------------------------------------------------- in this macro invocation
   |
   = help: consider using a Cargo feature instead
   = help: or consider adding in `Cargo.toml` the `check-cfg` lint config for the lint:
            [lints.rust]
            unexpected_cfgs = { level = "warn", check-cfg = ['cfg(riscv32)'] }
   = help: or consider adding `println!("cargo::rustc-check-cfg=cfg(riscv32)");` to the top of the `build.rs`
   = note: see <https://doc.rust-lang.org/nightly/rustc/check-cfg/cargo-specifics.html> for more information about checking conditional configuration
   = note: this warning originates in the macro `read_csr_rv32` which comes from the expansion of the macro `regh` (in Nightly builds, run with -Z macro-backtrace for more info)

warning: unexpected `cfg` condition name: `riscv32`
  --> /home/hwt/桌面/sources/实验和项目类/os区域赛/rcore-lab/vendor/riscv/src/register/macros.rs:43:27
   |
43 |                 #[cfg(all(riscv32, not(feature = "inline-asm")))]
   |                           ^^^^^^^ help: there is a config with a similar name: `riscv`
   |
  ::: /home/hwt/桌面/sources/实验和项目类/os区域赛/rcore-lab/vendor/riscv/src/register/mhpmcounterx.rs:79:1
   |
79 | regh!(0xB9A, mhpmcounter26h, __read_mhpmcounter26h, __write_mhpmcounter26h);
   | --------------------------------------------------------------------------- in this macro invocation
   |
   = help: consider using a Cargo feature instead
   = help: or consider adding in `Cargo.toml` the `check-cfg` lint config for the lint:
            [lints.rust]
            unexpected_cfgs = { level = "warn", check-cfg = ['cfg(riscv32)'] }
   = help: or consider adding `println!("cargo::rustc-check-cfg=cfg(riscv32)");` to the top of the `build.rs`
   = note: see <https://doc.rust-lang.org/nightly/rustc/check-cfg/cargo-specifics.html> for more information about checking conditional configuration
   = note: this warning originates in the macro `read_csr_rv32` which comes from the expansion of the macro `regh` (in Nightly builds, run with -Z macro-backtrace for more info)

warning: unexpected `cfg` condition name: `riscv32`
  --> /home/hwt/桌面/sources/实验和项目类/os区域赛/rcore-lab/vendor/riscv/src/register/macros.rs:52:27
   |
52 |                 #[cfg(not(riscv32))]
   |                           ^^^^^^^ help: there is a config with a similar name: `riscv`
   |
  ::: /home/hwt/桌面/sources/实验和项目类/os区域赛/rcore-lab/vendor/riscv/src/register/mhpmcounterx.rs:79:1
   |
79 | regh!(0xB9A, mhpmcounter26h, __read_mhpmcounter26h, __write_mhpmcounter26h);
   | --------------------------------------------------------------------------- in this macro invocation
   |
   = help: consider using a Cargo feature instead
   = help: or consider adding in `Cargo.toml` the `check-cfg` lint config for the lint:
            [lints.rust]
            unexpected_cfgs = { level = "warn", check-cfg = ['cfg(riscv32)'] }
   = help: or consider adding `println!("cargo::rustc-check-cfg=cfg(riscv32)");` to the top of the `build.rs`
   = note: see <https://doc.rust-lang.org/nightly/rustc/check-cfg/cargo-specifics.html> for more information about checking conditional configuration
   = note: this warning originates in the macro `read_csr_rv32` which comes from the expansion of the macro `regh` (in Nightly builds, run with -Z macro-backtrace for more info)

warning: unexpected `cfg` condition name: `riscv32`
   --> /home/hwt/桌面/sources/实验和项目类/os区域赛/rcore-lab/vendor/riscv/src/register/macros.rs:130:27
    |
130 |                 #[cfg(all(riscv32, feature = "inline-asm"))]
    |                           ^^^^^^^ help: there is a config with a similar name: `riscv`
    |
   ::: /home/hwt/桌面/sources/实验和项目类/os区域赛/rcore-lab/vendor/riscv/src/register/mhpmcounterx.rs:79:1
    |
79  | regh!(0xB9A, mhpmcounter26h, __read_mhpmcounter26h, __write_mhpmcounter26h);
    | --------------------------------------------------------------------------- in this macro invocation
    |
    = help: consider using a Cargo feature instead
    = help: or consider adding in `Cargo.toml` the `check-cfg` lint config for the lint:
             [lints.rust]
             unexpected_cfgs = { level = "warn", check-cfg = ['cfg(riscv32)'] }
    = help: or consider adding `println!("cargo::rustc-check-cfg=cfg(riscv32)");` to the top of the `build.rs`
    = note: see <https://doc.rust-lang.org/nightly/rustc/check-cfg/cargo-specifics.html> for more information about checking conditional configuration
    = note: this warning originates in the macro `write_csr_rv32` which comes from the expansion of the macro `regh` (in Nightly builds, run with -Z macro-backtrace for more info)

warning: unexpected `cfg` condition name: `riscv32`
   --> /home/hwt/桌面/sources/实验和项目类/os区域赛/rcore-lab/vendor/riscv/src/register/macros.rs:133:27
    |
133 |                 #[cfg(all(riscv32, not(feature = "inline-asm")))]
    |                           ^^^^^^^ help: there is a config with a similar name: `riscv`
    |
   ::: /home/hwt/桌面/sources/实验和项目类/os区域赛/rcore-lab/vendor/riscv/src/register/mhpmcounterx.rs:79:1
    |
79  | regh!(0xB9A, mhpmcounter26h, __read_mhpmcounter26h, __write_mhpmcounter26h);
    | --------------------------------------------------------------------------- in this macro invocation
    |
    = help: consider using a Cargo feature instead
    = help: or consider adding in `Cargo.toml` the `check-cfg` lint config for the lint:
             [lints.rust]
             unexpected_cfgs = { level = "warn", check-cfg = ['cfg(riscv32)'] }
    = help: or consider adding `println!("cargo::rustc-check-cfg=cfg(riscv32)");` to the top of the `build.rs`
    = note: see <https://doc.rust-lang.org/nightly/rustc/check-cfg/cargo-specifics.html> for more information about checking conditional configuration
    = note: this warning originates in the macro `write_csr_rv32` which comes from the expansion of the macro `regh` (in Nightly builds, run with -Z macro-backtrace for more info)

warning: unexpected `cfg` condition name: `riscv32`
   --> /home/hwt/桌面/sources/实验和项目类/os区域赛/rcore-lab/vendor/riscv/src/register/macros.rs:142:27
    |
142 |                 #[cfg(not(riscv32))]
    |                           ^^^^^^^ help: there is a config with a similar name: `riscv`
    |
   ::: /home/hwt/桌面/sources/实验和项目类/os区域赛/rcore-lab/vendor/riscv/src/register/mhpmcounterx.rs:79:1
    |
79  | regh!(0xB9A, mhpmcounter26h, __read_mhpmcounter26h, __write_mhpmcounter26h);
    | --------------------------------------------------------------------------- in this macro invocation
    |
    = help: consider using a Cargo feature instead
    = help: or consider adding in `Cargo.toml` the `check-cfg` lint config for the lint:
             [lints.rust]
             unexpected_cfgs = { level = "warn", check-cfg = ['cfg(riscv32)'] }
    = help: or consider adding `println!("cargo::rustc-check-cfg=cfg(riscv32)");` to the top of the `build.rs`
    = note: see <https://doc.rust-lang.org/nightly/rustc/check-cfg/cargo-specifics.html> for more information about checking conditional configuration
    = note: this warning originates in the macro `write_csr_rv32` which comes from the expansion of the macro `regh` (in Nightly builds, run with -Z macro-backtrace for more info)

warning: unexpected `cfg` condition name: `riscv32`
  --> /home/hwt/桌面/sources/实验和项目类/os区域赛/rcore-lab/vendor/riscv/src/register/macros.rs:36:27
   |
36 |                 #[cfg(all(riscv32, feature = "inline-asm"))]
   |                           ^^^^^^^ help: there is a config with a similar name: `riscv`
   |
  ::: /home/hwt/桌面/sources/实验和项目类/os区域赛/rcore-lab/vendor/riscv/src/register/mhpmcounterx.rs:80:1
   |
80 | regh!(0xB9B, mhpmcounter27h, __read_mhpmcounter27h, __write_mhpmcounter27h);
   | --------------------------------------------------------------------------- in this macro invocation
   |
   = help: consider using a Cargo feature instead
   = help: or consider adding in `Cargo.toml` the `check-cfg` lint config for the lint:
            [lints.rust]
            unexpected_cfgs = { level = "warn", check-cfg = ['cfg(riscv32)'] }
   = help: or consider adding `println!("cargo::rustc-check-cfg=cfg(riscv32)");` to the top of the `build.rs`
   = note: see <https://doc.rust-lang.org/nightly/rustc/check-cfg/cargo-specifics.html> for more information about checking conditional configuration
   = note: this warning originates in the macro `read_csr_rv32` which comes from the expansion of the macro `regh` (in Nightly builds, run with -Z macro-backtrace for more info)

warning: unexpected `cfg` condition name: `riscv32`
  --> /home/hwt/桌面/sources/实验和项目类/os区域赛/rcore-lab/vendor/riscv/src/register/macros.rs:43:27
   |
43 |                 #[cfg(all(riscv32, not(feature = "inline-asm")))]
   |                           ^^^^^^^ help: there is a config with a similar name: `riscv`
   |
  ::: /home/hwt/桌面/sources/实验和项目类/os区域赛/rcore-lab/vendor/riscv/src/register/mhpmcounterx.rs:80:1
   |
80 | regh!(0xB9B, mhpmcounter27h, __read_mhpmcounter27h, __write_mhpmcounter27h);
   | --------------------------------------------------------------------------- in this macro invocation
   |
   = help: consider using a Cargo feature instead
   = help: or consider adding in `Cargo.toml` the `check-cfg` lint config for the lint:
            [lints.rust]
            unexpected_cfgs = { level = "warn", check-cfg = ['cfg(riscv32)'] }
   = help: or consider adding `println!("cargo::rustc-check-cfg=cfg(riscv32)");` to the top of the `build.rs`
   = note: see <https://doc.rust-lang.org/nightly/rustc/check-cfg/cargo-specifics.html> for more information about checking conditional configuration
   = note: this warning originates in the macro `read_csr_rv32` which comes from the expansion of the macro `regh` (in Nightly builds, run with -Z macro-backtrace for more info)

warning: unexpected `cfg` condition name: `riscv32`
  --> /home/hwt/桌面/sources/实验和项目类/os区域赛/rcore-lab/vendor/riscv/src/register/macros.rs:52:27
   |
52 |                 #[cfg(not(riscv32))]
   |                           ^^^^^^^ help: there is a config with a similar name: `riscv`
   |
  ::: /home/hwt/桌面/sources/实验和项目类/os区域赛/rcore-lab/vendor/riscv/src/register/mhpmcounterx.rs:80:1
   |
80 | regh!(0xB9B, mhpmcounter27h, __read_mhpmcounter27h, __write_mhpmcounter27h);
   | --------------------------------------------------------------------------- in this macro invocation
   |
   = help: consider using a Cargo feature instead
   = help: or consider adding in `Cargo.toml` the `check-cfg` lint config for the lint:
            [lints.rust]
            unexpected_cfgs = { level = "warn", check-cfg = ['cfg(riscv32)'] }
   = help: or consider adding `println!("cargo::rustc-check-cfg=cfg(riscv32)");` to the top of the `build.rs`
   = note: see <https://doc.rust-lang.org/nightly/rustc/check-cfg/cargo-specifics.html> for more information about checking conditional configuration
   = note: this warning originates in the macro `read_csr_rv32` which comes from the expansion of the macro `regh` (in Nightly builds, run with -Z macro-backtrace for more info)

warning: unexpected `cfg` condition name: `riscv32`
   --> /home/hwt/桌面/sources/实验和项目类/os区域赛/rcore-lab/vendor/riscv/src/register/macros.rs:130:27
    |
130 |                 #[cfg(all(riscv32, feature = "inline-asm"))]
    |                           ^^^^^^^ help: there is a config with a similar name: `riscv`
    |
   ::: /home/hwt/桌面/sources/实验和项目类/os区域赛/rcore-lab/vendor/riscv/src/register/mhpmcounterx.rs:80:1
    |
80  | regh!(0xB9B, mhpmcounter27h, __read_mhpmcounter27h, __write_mhpmcounter27h);
    | --------------------------------------------------------------------------- in this macro invocation
    |
    = help: consider using a Cargo feature instead
    = help: or consider adding in `Cargo.toml` the `check-cfg` lint config for the lint:
             [lints.rust]
             unexpected_cfgs = { level = "warn", check-cfg = ['cfg(riscv32)'] }
    = help: or consider adding `println!("cargo::rustc-check-cfg=cfg(riscv32)");` to the top of the `build.rs`
    = note: see <https://doc.rust-lang.org/nightly/rustc/check-cfg/cargo-specifics.html> for more information about checking conditional configuration
    = note: this warning originates in the macro `write_csr_rv32` which comes from the expansion of the macro `regh` (in Nightly builds, run with -Z macro-backtrace for more info)

warning: unexpected `cfg` condition name: `riscv32`
   --> /home/hwt/桌面/sources/实验和项目类/os区域赛/rcore-lab/vendor/riscv/src/register/macros.rs:133:27
    |
133 |                 #[cfg(all(riscv32, not(feature = "inline-asm")))]
    |                           ^^^^^^^ help: there is a config with a similar name: `riscv`
    |
   ::: /home/hwt/桌面/sources/实验和项目类/os区域赛/rcore-lab/vendor/riscv/src/register/mhpmcounterx.rs:80:1
    |
80  | regh!(0xB9B, mhpmcounter27h, __read_mhpmcounter27h, __write_mhpmcounter27h);
    | --------------------------------------------------------------------------- in this macro invocation
    |
    = help: consider using a Cargo feature instead
    = help: or consider adding in `Cargo.toml` the `check-cfg` lint config for the lint:
             [lints.rust]
             unexpected_cfgs = { level = "warn", check-cfg = ['cfg(riscv32)'] }
    = help: or consider adding `println!("cargo::rustc-check-cfg=cfg(riscv32)");` to the top of the `build.rs`
    = note: see <https://doc.rust-lang.org/nightly/rustc/check-cfg/cargo-specifics.html> for more information about checking conditional configuration
    = note: this warning originates in the macro `write_csr_rv32` which comes from the expansion of the macro `regh` (in Nightly builds, run with -Z macro-backtrace for more info)

warning: unexpected `cfg` condition name: `riscv32`
   --> /home/hwt/桌面/sources/实验和项目类/os区域赛/rcore-lab/vendor/riscv/src/register/macros.rs:142:27
    |
142 |                 #[cfg(not(riscv32))]
    |                           ^^^^^^^ help: there is a config with a similar name: `riscv`
    |
   ::: /home/hwt/桌面/sources/实验和项目类/os区域赛/rcore-lab/vendor/riscv/src/register/mhpmcounterx.rs:80:1
    |
80  | regh!(0xB9B, mhpmcounter27h, __read_mhpmcounter27h, __write_mhpmcounter27h);
    | --------------------------------------------------------------------------- in this macro invocation
    |
    = help: consider using a Cargo feature instead
    = help: or consider adding in `Cargo.toml` the `check-cfg` lint config for the lint:
             [lints.rust]
             unexpected_cfgs = { level = "warn", check-cfg = ['cfg(riscv32)'] }
    = help: or consider adding `println!("cargo::rustc-check-cfg=cfg(riscv32)");` to the top of the `build.rs`
    = note: see <https://doc.rust-lang.org/nightly/rustc/check-cfg/cargo-specifics.html> for more information about checking conditional configuration
    = note: this warning originates in the macro `write_csr_rv32` which comes from the expansion of the macro `regh` (in Nightly builds, run with -Z macro-backtrace for more info)

warning: unexpected `cfg` condition name: `riscv32`
  --> /home/hwt/桌面/sources/实验和项目类/os区域赛/rcore-lab/vendor/riscv/src/register/macros.rs:36:27
   |
36 |                 #[cfg(all(riscv32, feature = "inline-asm"))]
   |                           ^^^^^^^ help: there is a config with a similar name: `riscv`
   |
  ::: /home/hwt/桌面/sources/实验和项目类/os区域赛/rcore-lab/vendor/riscv/src/register/mhpmcounterx.rs:81:1
   |
81 | regh!(0xB9C, mhpmcounter28h, __read_mhpmcounter28h, __write_mhpmcounter28h);
   | --------------------------------------------------------------------------- in this macro invocation
   |
   = help: consider using a Cargo feature instead
   = help: or consider adding in `Cargo.toml` the `check-cfg` lint config for the lint:
            [lints.rust]
            unexpected_cfgs = { level = "warn", check-cfg = ['cfg(riscv32)'] }
   = help: or consider adding `println!("cargo::rustc-check-cfg=cfg(riscv32)");` to the top of the `build.rs`
   = note: see <https://doc.rust-lang.org/nightly/rustc/check-cfg/cargo-specifics.html> for more information about checking conditional configuration
   = note: this warning originates in the macro `read_csr_rv32` which comes from the expansion of the macro `regh` (in Nightly builds, run with -Z macro-backtrace for more info)

warning: unexpected `cfg` condition name: `riscv32`
  --> /home/hwt/桌面/sources/实验和项目类/os区域赛/rcore-lab/vendor/riscv/src/register/macros.rs:43:27
   |
43 |                 #[cfg(all(riscv32, not(feature = "inline-asm")))]
   |                           ^^^^^^^ help: there is a config with a similar name: `riscv`
   |
  ::: /home/hwt/桌面/sources/实验和项目类/os区域赛/rcore-lab/vendor/riscv/src/register/mhpmcounterx.rs:81:1
   |
81 | regh!(0xB9C, mhpmcounter28h, __read_mhpmcounter28h, __write_mhpmcounter28h);
   | --------------------------------------------------------------------------- in this macro invocation
   |
   = help: consider using a Cargo feature instead
   = help: or consider adding in `Cargo.toml` the `check-cfg` lint config for the lint:
            [lints.rust]
            unexpected_cfgs = { level = "warn", check-cfg = ['cfg(riscv32)'] }
   = help: or consider adding `println!("cargo::rustc-check-cfg=cfg(riscv32)");` to the top of the `build.rs`
   = note: see <https://doc.rust-lang.org/nightly/rustc/check-cfg/cargo-specifics.html> for more information about checking conditional configuration
   = note: this warning originates in the macro `read_csr_rv32` which comes from the expansion of the macro `regh` (in Nightly builds, run with -Z macro-backtrace for more info)

warning: unexpected `cfg` condition name: `riscv32`
  --> /home/hwt/桌面/sources/实验和项目类/os区域赛/rcore-lab/vendor/riscv/src/register/macros.rs:52:27
   |
52 |                 #[cfg(not(riscv32))]
   |                           ^^^^^^^ help: there is a config with a similar name: `riscv`
   |
  ::: /home/hwt/桌面/sources/实验和项目类/os区域赛/rcore-lab/vendor/riscv/src/register/mhpmcounterx.rs:81:1
   |
81 | regh!(0xB9C, mhpmcounter28h, __read_mhpmcounter28h, __write_mhpmcounter28h);
   | --------------------------------------------------------------------------- in this macro invocation
   |
   = help: consider using a Cargo feature instead
   = help: or consider adding in `Cargo.toml` the `check-cfg` lint config for the lint:
            [lints.rust]
            unexpected_cfgs = { level = "warn", check-cfg = ['cfg(riscv32)'] }
   = help: or consider adding `println!("cargo::rustc-check-cfg=cfg(riscv32)");` to the top of the `build.rs`
   = note: see <https://doc.rust-lang.org/nightly/rustc/check-cfg/cargo-specifics.html> for more information about checking conditional configuration
   = note: this warning originates in the macro `read_csr_rv32` which comes from the expansion of the macro `regh` (in Nightly builds, run with -Z macro-backtrace for more info)

warning: unexpected `cfg` condition name: `riscv32`
   --> /home/hwt/桌面/sources/实验和项目类/os区域赛/rcore-lab/vendor/riscv/src/register/macros.rs:130:27
    |
130 |                 #[cfg(all(riscv32, feature = "inline-asm"))]
    |                           ^^^^^^^ help: there is a config with a similar name: `riscv`
    |
   ::: /home/hwt/桌面/sources/实验和项目类/os区域赛/rcore-lab/vendor/riscv/src/register/mhpmcounterx.rs:81:1
    |
81  | regh!(0xB9C, mhpmcounter28h, __read_mhpmcounter28h, __write_mhpmcounter28h);
    | --------------------------------------------------------------------------- in this macro invocation
    |
    = help: consider using a Cargo feature instead
    = help: or consider adding in `Cargo.toml` the `check-cfg` lint config for the lint:
             [lints.rust]
             unexpected_cfgs = { level = "warn", check-cfg = ['cfg(riscv32)'] }
    = help: or consider adding `println!("cargo::rustc-check-cfg=cfg(riscv32)");` to the top of the `build.rs`
    = note: see <https://doc.rust-lang.org/nightly/rustc/check-cfg/cargo-specifics.html> for more information about checking conditional configuration
    = note: this warning originates in the macro `write_csr_rv32` which comes from the expansion of the macro `regh` (in Nightly builds, run with -Z macro-backtrace for more info)

warning: unexpected `cfg` condition name: `riscv32`
   --> /home/hwt/桌面/sources/实验和项目类/os区域赛/rcore-lab/vendor/riscv/src/register/macros.rs:133:27
    |
133 |                 #[cfg(all(riscv32, not(feature = "inline-asm")))]
    |                           ^^^^^^^ help: there is a config with a similar name: `riscv`
    |
   ::: /home/hwt/桌面/sources/实验和项目类/os区域赛/rcore-lab/vendor/riscv/src/register/mhpmcounterx.rs:81:1
    |
81  | regh!(0xB9C, mhpmcounter28h, __read_mhpmcounter28h, __write_mhpmcounter28h);
    | --------------------------------------------------------------------------- in this macro invocation
    |
    = help: consider using a Cargo feature instead
    = help: or consider adding in `Cargo.toml` the `check-cfg` lint config for the lint:
             [lints.rust]
             unexpected_cfgs = { level = "warn", check-cfg = ['cfg(riscv32)'] }
    = help: or consider adding `println!("cargo::rustc-check-cfg=cfg(riscv32)");` to the top of the `build.rs`
    = note: see <https://doc.rust-lang.org/nightly/rustc/check-cfg/cargo-specifics.html> for more information about checking conditional configuration
    = note: this warning originates in the macro `write_csr_rv32` which comes from the expansion of the macro `regh` (in Nightly builds, run with -Z macro-backtrace for more info)

warning: unexpected `cfg` condition name: `riscv32`
   --> /home/hwt/桌面/sources/实验和项目类/os区域赛/rcore-lab/vendor/riscv/src/register/macros.rs:142:27
    |
142 |                 #[cfg(not(riscv32))]
    |                           ^^^^^^^ help: there is a config with a similar name: `riscv`
    |
   ::: /home/hwt/桌面/sources/实验和项目类/os区域赛/rcore-lab/vendor/riscv/src/register/mhpmcounterx.rs:81:1
    |
81  | regh!(0xB9C, mhpmcounter28h, __read_mhpmcounter28h, __write_mhpmcounter28h);
    | --------------------------------------------------------------------------- in this macro invocation
    |
    = help: consider using a Cargo feature instead
    = help: or consider adding in `Cargo.toml` the `check-cfg` lint config for the lint:
             [lints.rust]
             unexpected_cfgs = { level = "warn", check-cfg = ['cfg(riscv32)'] }
    = help: or consider adding `println!("cargo::rustc-check-cfg=cfg(riscv32)");` to the top of the `build.rs`
    = note: see <https://doc.rust-lang.org/nightly/rustc/check-cfg/cargo-specifics.html> for more information about checking conditional configuration
    = note: this warning originates in the macro `write_csr_rv32` which comes from the expansion of the macro `regh` (in Nightly builds, run with -Z macro-backtrace for more info)

warning: unexpected `cfg` condition name: `riscv32`
  --> /home/hwt/桌面/sources/实验和项目类/os区域赛/rcore-lab/vendor/riscv/src/register/macros.rs:36:27
   |
36 |                 #[cfg(all(riscv32, feature = "inline-asm"))]
   |                           ^^^^^^^ help: there is a config with a similar name: `riscv`
   |
  ::: /home/hwt/桌面/sources/实验和项目类/os区域赛/rcore-lab/vendor/riscv/src/register/mhpmcounterx.rs:82:1
   |
82 | regh!(0xB9D, mhpmcounter29h, __read_mhpmcounter29h, __write_mhpmcounter29h);
   | --------------------------------------------------------------------------- in this macro invocation
   |
   = help: consider using a Cargo feature instead
   = help: or consider adding in `Cargo.toml` the `check-cfg` lint config for the lint:
            [lints.rust]
            unexpected_cfgs = { level = "warn", check-cfg = ['cfg(riscv32)'] }
   = help: or consider adding `println!("cargo::rustc-check-cfg=cfg(riscv32)");` to the top of the `build.rs`
   = note: see <https://doc.rust-lang.org/nightly/rustc/check-cfg/cargo-specifics.html> for more information about checking conditional configuration
   = note: this warning originates in the macro `read_csr_rv32` which comes from the expansion of the macro `regh` (in Nightly builds, run with -Z macro-backtrace for more info)

warning: unexpected `cfg` condition name: `riscv32`
  --> /home/hwt/桌面/sources/实验和项目类/os区域赛/rcore-lab/vendor/riscv/src/register/macros.rs:43:27
   |
43 |                 #[cfg(all(riscv32, not(feature = "inline-asm")))]
   |                           ^^^^^^^ help: there is a config with a similar name: `riscv`
   |
  ::: /home/hwt/桌面/sources/实验和项目类/os区域赛/rcore-lab/vendor/riscv/src/register/mhpmcounterx.rs:82:1
   |
82 | regh!(0xB9D, mhpmcounter29h, __read_mhpmcounter29h, __write_mhpmcounter29h);
   | --------------------------------------------------------------------------- in this macro invocation
   |
   = help: consider using a Cargo feature instead
   = help: or consider adding in `Cargo.toml` the `check-cfg` lint config for the lint:
            [lints.rust]
            unexpected_cfgs = { level = "warn", check-cfg = ['cfg(riscv32)'] }
   = help: or consider adding `println!("cargo::rustc-check-cfg=cfg(riscv32)");` to the top of the `build.rs`
   = note: see <https://doc.rust-lang.org/nightly/rustc/check-cfg/cargo-specifics.html> for more information about checking conditional configuration
   = note: this warning originates in the macro `read_csr_rv32` which comes from the expansion of the macro `regh` (in Nightly builds, run with -Z macro-backtrace for more info)

warning: unexpected `cfg` condition name: `riscv32`
  --> /home/hwt/桌面/sources/实验和项目类/os区域赛/rcore-lab/vendor/riscv/src/register/macros.rs:52:27
   |
52 |                 #[cfg(not(riscv32))]
   |                           ^^^^^^^ help: there is a config with a similar name: `riscv`
   |
  ::: /home/hwt/桌面/sources/实验和项目类/os区域赛/rcore-lab/vendor/riscv/src/register/mhpmcounterx.rs:82:1
   |
82 | regh!(0xB9D, mhpmcounter29h, __read_mhpmcounter29h, __write_mhpmcounter29h);
   | --------------------------------------------------------------------------- in this macro invocation
   |
   = help: consider using a Cargo feature instead
   = help: or consider adding in `Cargo.toml` the `check-cfg` lint config for the lint:
            [lints.rust]
            unexpected_cfgs = { level = "warn", check-cfg = ['cfg(riscv32)'] }
   = help: or consider adding `println!("cargo::rustc-check-cfg=cfg(riscv32)");` to the top of the `build.rs`
   = note: see <https://doc.rust-lang.org/nightly/rustc/check-cfg/cargo-specifics.html> for more information about checking conditional configuration
   = note: this warning originates in the macro `read_csr_rv32` which comes from the expansion of the macro `regh` (in Nightly builds, run with -Z macro-backtrace for more info)

warning: unexpected `cfg` condition name: `riscv32`
   --> /home/hwt/桌面/sources/实验和项目类/os区域赛/rcore-lab/vendor/riscv/src/register/macros.rs:130:27
    |
130 |                 #[cfg(all(riscv32, feature = "inline-asm"))]
    |                           ^^^^^^^ help: there is a config with a similar name: `riscv`
    |
   ::: /home/hwt/桌面/sources/实验和项目类/os区域赛/rcore-lab/vendor/riscv/src/register/mhpmcounterx.rs:82:1
    |
82  | regh!(0xB9D, mhpmcounter29h, __read_mhpmcounter29h, __write_mhpmcounter29h);
    | --------------------------------------------------------------------------- in this macro invocation
    |
    = help: consider using a Cargo feature instead
    = help: or consider adding in `Cargo.toml` the `check-cfg` lint config for the lint:
             [lints.rust]
             unexpected_cfgs = { level = "warn", check-cfg = ['cfg(riscv32)'] }
    = help: or consider adding `println!("cargo::rustc-check-cfg=cfg(riscv32)");` to the top of the `build.rs`
    = note: see <https://doc.rust-lang.org/nightly/rustc/check-cfg/cargo-specifics.html> for more information about checking conditional configuration
    = note: this warning originates in the macro `write_csr_rv32` which comes from the expansion of the macro `regh` (in Nightly builds, run with -Z macro-backtrace for more info)

warning: unexpected `cfg` condition name: `riscv32`
   --> /home/hwt/桌面/sources/实验和项目类/os区域赛/rcore-lab/vendor/riscv/src/register/macros.rs:133:27
    |
133 |                 #[cfg(all(riscv32, not(feature = "inline-asm")))]
    |                           ^^^^^^^ help: there is a config with a similar name: `riscv`
    |
   ::: /home/hwt/桌面/sources/实验和项目类/os区域赛/rcore-lab/vendor/riscv/src/register/mhpmcounterx.rs:82:1
    |
82  | regh!(0xB9D, mhpmcounter29h, __read_mhpmcounter29h, __write_mhpmcounter29h);
    | --------------------------------------------------------------------------- in this macro invocation
    |
    = help: consider using a Cargo feature instead
    = help: or consider adding in `Cargo.toml` the `check-cfg` lint config for the lint:
             [lints.rust]
             unexpected_cfgs = { level = "warn", check-cfg = ['cfg(riscv32)'] }
    = help: or consider adding `println!("cargo::rustc-check-cfg=cfg(riscv32)");` to the top of the `build.rs`
    = note: see <https://doc.rust-lang.org/nightly/rustc/check-cfg/cargo-specifics.html> for more information about checking conditional configuration
    = note: this warning originates in the macro `write_csr_rv32` which comes from the expansion of the macro `regh` (in Nightly builds, run with -Z macro-backtrace for more info)

warning: unexpected `cfg` condition name: `riscv32`
   --> /home/hwt/桌面/sources/实验和项目类/os区域赛/rcore-lab/vendor/riscv/src/register/macros.rs:142:27
    |
142 |                 #[cfg(not(riscv32))]
    |                           ^^^^^^^ help: there is a config with a similar name: `riscv`
    |
   ::: /home/hwt/桌面/sources/实验和项目类/os区域赛/rcore-lab/vendor/riscv/src/register/mhpmcounterx.rs:82:1
    |
82  | regh!(0xB9D, mhpmcounter29h, __read_mhpmcounter29h, __write_mhpmcounter29h);
    | --------------------------------------------------------------------------- in this macro invocation
    |
    = help: consider using a Cargo feature instead
    = help: or consider adding in `Cargo.toml` the `check-cfg` lint config for the lint:
             [lints.rust]
             unexpected_cfgs = { level = "warn", check-cfg = ['cfg(riscv32)'] }
    = help: or consider adding `println!("cargo::rustc-check-cfg=cfg(riscv32)");` to the top of the `build.rs`
    = note: see <https://doc.rust-lang.org/nightly/rustc/check-cfg/cargo-specifics.html> for more information about checking conditional configuration
    = note: this warning originates in the macro `write_csr_rv32` which comes from the expansion of the macro `regh` (in Nightly builds, run with -Z macro-backtrace for more info)

warning: unexpected `cfg` condition name: `riscv32`
  --> /home/hwt/桌面/sources/实验和项目类/os区域赛/rcore-lab/vendor/riscv/src/register/macros.rs:36:27
   |
36 |                 #[cfg(all(riscv32, feature = "inline-asm"))]
   |                           ^^^^^^^ help: there is a config with a similar name: `riscv`
   |
  ::: /home/hwt/桌面/sources/实验和项目类/os区域赛/rcore-lab/vendor/riscv/src/register/mhpmcounterx.rs:83:1
   |
83 | regh!(0xB9E, mhpmcounter30h, __read_mhpmcounter30h, __write_mhpmcounter30h);
   | --------------------------------------------------------------------------- in this macro invocation
   |
   = help: consider using a Cargo feature instead
   = help: or consider adding in `Cargo.toml` the `check-cfg` lint config for the lint:
            [lints.rust]
            unexpected_cfgs = { level = "warn", check-cfg = ['cfg(riscv32)'] }
   = help: or consider adding `println!("cargo::rustc-check-cfg=cfg(riscv32)");` to the top of the `build.rs`
   = note: see <https://doc.rust-lang.org/nightly/rustc/check-cfg/cargo-specifics.html> for more information about checking conditional configuration
   = note: this warning originates in the macro `read_csr_rv32` which comes from the expansion of the macro `regh` (in Nightly builds, run with -Z macro-backtrace for more info)

warning: unexpected `cfg` condition name: `riscv32`
  --> /home/hwt/桌面/sources/实验和项目类/os区域赛/rcore-lab/vendor/riscv/src/register/macros.rs:43:27
   |
43 |                 #[cfg(all(riscv32, not(feature = "inline-asm")))]
   |                           ^^^^^^^ help: there is a config with a similar name: `riscv`
   |
  ::: /home/hwt/桌面/sources/实验和项目类/os区域赛/rcore-lab/vendor/riscv/src/register/mhpmcounterx.rs:83:1
   |
83 | regh!(0xB9E, mhpmcounter30h, __read_mhpmcounter30h, __write_mhpmcounter30h);
   | --------------------------------------------------------------------------- in this macro invocation
   |
   = help: consider using a Cargo feature instead
   = help: or consider adding in `Cargo.toml` the `check-cfg` lint config for the lint:
            [lints.rust]
            unexpected_cfgs = { level = "warn", check-cfg = ['cfg(riscv32)'] }
   = help: or consider adding `println!("cargo::rustc-check-cfg=cfg(riscv32)");` to the top of the `build.rs`
   = note: see <https://doc.rust-lang.org/nightly/rustc/check-cfg/cargo-specifics.html> for more information about checking conditional configuration
   = note: this warning originates in the macro `read_csr_rv32` which comes from the expansion of the macro `regh` (in Nightly builds, run with -Z macro-backtrace for more info)

warning: unexpected `cfg` condition name: `riscv32`
  --> /home/hwt/桌面/sources/实验和项目类/os区域赛/rcore-lab/vendor/riscv/src/register/macros.rs:52:27
   |
52 |                 #[cfg(not(riscv32))]
   |                           ^^^^^^^ help: there is a config with a similar name: `riscv`
   |
  ::: /home/hwt/桌面/sources/实验和项目类/os区域赛/rcore-lab/vendor/riscv/src/register/mhpmcounterx.rs:83:1
   |
83 | regh!(0xB9E, mhpmcounter30h, __read_mhpmcounter30h, __write_mhpmcounter30h);
   | --------------------------------------------------------------------------- in this macro invocation
   |
   = help: consider using a Cargo feature instead
   = help: or consider adding in `Cargo.toml` the `check-cfg` lint config for the lint:
            [lints.rust]
            unexpected_cfgs = { level = "warn", check-cfg = ['cfg(riscv32)'] }
   = help: or consider adding `println!("cargo::rustc-check-cfg=cfg(riscv32)");` to the top of the `build.rs`
   = note: see <https://doc.rust-lang.org/nightly/rustc/check-cfg/cargo-specifics.html> for more information about checking conditional configuration
   = note: this warning originates in the macro `read_csr_rv32` which comes from the expansion of the macro `regh` (in Nightly builds, run with -Z macro-backtrace for more info)

warning: unexpected `cfg` condition name: `riscv32`
   --> /home/hwt/桌面/sources/实验和项目类/os区域赛/rcore-lab/vendor/riscv/src/register/macros.rs:130:27
    |
130 |                 #[cfg(all(riscv32, feature = "inline-asm"))]
    |                           ^^^^^^^ help: there is a config with a similar name: `riscv`
    |
   ::: /home/hwt/桌面/sources/实验和项目类/os区域赛/rcore-lab/vendor/riscv/src/register/mhpmcounterx.rs:83:1
    |
83  | regh!(0xB9E, mhpmcounter30h, __read_mhpmcounter30h, __write_mhpmcounter30h);
    | --------------------------------------------------------------------------- in this macro invocation
    |
    = help: consider using a Cargo feature instead
    = help: or consider adding in `Cargo.toml` the `check-cfg` lint config for the lint:
             [lints.rust]
             unexpected_cfgs = { level = "warn", check-cfg = ['cfg(riscv32)'] }
    = help: or consider adding `println!("cargo::rustc-check-cfg=cfg(riscv32)");` to the top of the `build.rs`
    = note: see <https://doc.rust-lang.org/nightly/rustc/check-cfg/cargo-specifics.html> for more information about checking conditional configuration
    = note: this warning originates in the macro `write_csr_rv32` which comes from the expansion of the macro `regh` (in Nightly builds, run with -Z macro-backtrace for more info)

warning: unexpected `cfg` condition name: `riscv32`
   --> /home/hwt/桌面/sources/实验和项目类/os区域赛/rcore-lab/vendor/riscv/src/register/macros.rs:133:27
    |
133 |                 #[cfg(all(riscv32, not(feature = "inline-asm")))]
    |                           ^^^^^^^ help: there is a config with a similar name: `riscv`
    |
   ::: /home/hwt/桌面/sources/实验和项目类/os区域赛/rcore-lab/vendor/riscv/src/register/mhpmcounterx.rs:83:1
    |
83  | regh!(0xB9E, mhpmcounter30h, __read_mhpmcounter30h, __write_mhpmcounter30h);
    | --------------------------------------------------------------------------- in this macro invocation
    |
    = help: consider using a Cargo feature instead
    = help: or consider adding in `Cargo.toml` the `check-cfg` lint config for the lint:
             [lints.rust]
             unexpected_cfgs = { level = "warn", check-cfg = ['cfg(riscv32)'] }
    = help: or consider adding `println!("cargo::rustc-check-cfg=cfg(riscv32)");` to the top of the `build.rs`
    = note: see <https://doc.rust-lang.org/nightly/rustc/check-cfg/cargo-specifics.html> for more information about checking conditional configuration
    = note: this warning originates in the macro `write_csr_rv32` which comes from the expansion of the macro `regh` (in Nightly builds, run with -Z macro-backtrace for more info)

warning: unexpected `cfg` condition name: `riscv32`
   --> /home/hwt/桌面/sources/实验和项目类/os区域赛/rcore-lab/vendor/riscv/src/register/macros.rs:142:27
    |
142 |                 #[cfg(not(riscv32))]
    |                           ^^^^^^^ help: there is a config with a similar name: `riscv`
    |
   ::: /home/hwt/桌面/sources/实验和项目类/os区域赛/rcore-lab/vendor/riscv/src/register/mhpmcounterx.rs:83:1
    |
83  | regh!(0xB9E, mhpmcounter30h, __read_mhpmcounter30h, __write_mhpmcounter30h);
    | --------------------------------------------------------------------------- in this macro invocation
    |
    = help: consider using a Cargo feature instead
    = help: or consider adding in `Cargo.toml` the `check-cfg` lint config for the lint:
             [lints.rust]
             unexpected_cfgs = { level = "warn", check-cfg = ['cfg(riscv32)'] }
    = help: or consider adding `println!("cargo::rustc-check-cfg=cfg(riscv32)");` to the top of the `build.rs`
    = note: see <https://doc.rust-lang.org/nightly/rustc/check-cfg/cargo-specifics.html> for more information about checking conditional configuration
    = note: this warning originates in the macro `write_csr_rv32` which comes from the expansion of the macro `regh` (in Nightly builds, run with -Z macro-backtrace for more info)

warning: unexpected `cfg` condition name: `riscv32`
  --> /home/hwt/桌面/sources/实验和项目类/os区域赛/rcore-lab/vendor/riscv/src/register/macros.rs:36:27
   |
36 |                 #[cfg(all(riscv32, feature = "inline-asm"))]
   |                           ^^^^^^^ help: there is a config with a similar name: `riscv`
   |
  ::: /home/hwt/桌面/sources/实验和项目类/os区域赛/rcore-lab/vendor/riscv/src/register/mhpmcounterx.rs:84:1
   |
84 | regh!(0xB9F, mhpmcounter31h, __read_mhpmcounter31h, __write_mhpmcounter31h);
   | --------------------------------------------------------------------------- in this macro invocation
   |
   = help: consider using a Cargo feature instead
   = help: or consider adding in `Cargo.toml` the `check-cfg` lint config for the lint:
            [lints.rust]
            unexpected_cfgs = { level = "warn", check-cfg = ['cfg(riscv32)'] }
   = help: or consider adding `println!("cargo::rustc-check-cfg=cfg(riscv32)");` to the top of the `build.rs`
   = note: see <https://doc.rust-lang.org/nightly/rustc/check-cfg/cargo-specifics.html> for more information about checking conditional configuration
   = note: this warning originates in the macro `read_csr_rv32` which comes from the expansion of the macro `regh` (in Nightly builds, run with -Z macro-backtrace for more info)

warning: unexpected `cfg` condition name: `riscv32`
  --> /home/hwt/桌面/sources/实验和项目类/os区域赛/rcore-lab/vendor/riscv/src/register/macros.rs:43:27
   |
43 |                 #[cfg(all(riscv32, not(feature = "inline-asm")))]
   |                           ^^^^^^^ help: there is a config with a similar name: `riscv`
   |
  ::: /home/hwt/桌面/sources/实验和项目类/os区域赛/rcore-lab/vendor/riscv/src/register/mhpmcounterx.rs:84:1
   |
84 | regh!(0xB9F, mhpmcounter31h, __read_mhpmcounter31h, __write_mhpmcounter31h);
   | --------------------------------------------------------------------------- in this macro invocation
   |
   = help: consider using a Cargo feature instead
   = help: or consider adding in `Cargo.toml` the `check-cfg` lint config for the lint:
            [lints.rust]
            unexpected_cfgs = { level = "warn", check-cfg = ['cfg(riscv32)'] }
   = help: or consider adding `println!("cargo::rustc-check-cfg=cfg(riscv32)");` to the top of the `build.rs`
   = note: see <https://doc.rust-lang.org/nightly/rustc/check-cfg/cargo-specifics.html> for more information about checking conditional configuration
   = note: this warning originates in the macro `read_csr_rv32` which comes from the expansion of the macro `regh` (in Nightly builds, run with -Z macro-backtrace for more info)

warning: unexpected `cfg` condition name: `riscv32`
  --> /home/hwt/桌面/sources/实验和项目类/os区域赛/rcore-lab/vendor/riscv/src/register/macros.rs:52:27
   |
52 |                 #[cfg(not(riscv32))]
   |                           ^^^^^^^ help: there is a config with a similar name: `riscv`
   |
  ::: /home/hwt/桌面/sources/实验和项目类/os区域赛/rcore-lab/vendor/riscv/src/register/mhpmcounterx.rs:84:1
   |
84 | regh!(0xB9F, mhpmcounter31h, __read_mhpmcounter31h, __write_mhpmcounter31h);
   | --------------------------------------------------------------------------- in this macro invocation
   |
   = help: consider using a Cargo feature instead
   = help: or consider adding in `Cargo.toml` the `check-cfg` lint config for the lint:
            [lints.rust]
            unexpected_cfgs = { level = "warn", check-cfg = ['cfg(riscv32)'] }
   = help: or consider adding `println!("cargo::rustc-check-cfg=cfg(riscv32)");` to the top of the `build.rs`
   = note: see <https://doc.rust-lang.org/nightly/rustc/check-cfg/cargo-specifics.html> for more information about checking conditional configuration
   = note: this warning originates in the macro `read_csr_rv32` which comes from the expansion of the macro `regh` (in Nightly builds, run with -Z macro-backtrace for more info)

warning: unexpected `cfg` condition name: `riscv32`
   --> /home/hwt/桌面/sources/实验和项目类/os区域赛/rcore-lab/vendor/riscv/src/register/macros.rs:130:27
    |
130 |                 #[cfg(all(riscv32, feature = "inline-asm"))]
    |                           ^^^^^^^ help: there is a config with a similar name: `riscv`
    |
   ::: /home/hwt/桌面/sources/实验和项目类/os区域赛/rcore-lab/vendor/riscv/src/register/mhpmcounterx.rs:84:1
    |
84  | regh!(0xB9F, mhpmcounter31h, __read_mhpmcounter31h, __write_mhpmcounter31h);
    | --------------------------------------------------------------------------- in this macro invocation
    |
    = help: consider using a Cargo feature instead
    = help: or consider adding in `Cargo.toml` the `check-cfg` lint config for the lint:
             [lints.rust]
             unexpected_cfgs = { level = "warn", check-cfg = ['cfg(riscv32)'] }
    = help: or consider adding `println!("cargo::rustc-check-cfg=cfg(riscv32)");` to the top of the `build.rs`
    = note: see <https://doc.rust-lang.org/nightly/rustc/check-cfg/cargo-specifics.html> for more information about checking conditional configuration
    = note: this warning originates in the macro `write_csr_rv32` which comes from the expansion of the macro `regh` (in Nightly builds, run with -Z macro-backtrace for more info)

warning: unexpected `cfg` condition name: `riscv32`
   --> /home/hwt/桌面/sources/实验和项目类/os区域赛/rcore-lab/vendor/riscv/src/register/macros.rs:133:27
    |
133 |                 #[cfg(all(riscv32, not(feature = "inline-asm")))]
    |                           ^^^^^^^ help: there is a config with a similar name: `riscv`
    |
   ::: /home/hwt/桌面/sources/实验和项目类/os区域赛/rcore-lab/vendor/riscv/src/register/mhpmcounterx.rs:84:1
    |
84  | regh!(0xB9F, mhpmcounter31h, __read_mhpmcounter31h, __write_mhpmcounter31h);
    | --------------------------------------------------------------------------- in this macro invocation
    |
    = help: consider using a Cargo feature instead
    = help: or consider adding in `Cargo.toml` the `check-cfg` lint config for the lint:
             [lints.rust]
             unexpected_cfgs = { level = "warn", check-cfg = ['cfg(riscv32)'] }
    = help: or consider adding `println!("cargo::rustc-check-cfg=cfg(riscv32)");` to the top of the `build.rs`
    = note: see <https://doc.rust-lang.org/nightly/rustc/check-cfg/cargo-specifics.html> for more information about checking conditional configuration
    = note: this warning originates in the macro `write_csr_rv32` which comes from the expansion of the macro `regh` (in Nightly builds, run with -Z macro-backtrace for more info)

warning: unexpected `cfg` condition name: `riscv32`
   --> /home/hwt/桌面/sources/实验和项目类/os区域赛/rcore-lab/vendor/riscv/src/register/macros.rs:142:27
    |
142 |                 #[cfg(not(riscv32))]
    |                           ^^^^^^^ help: there is a config with a similar name: `riscv`
    |
   ::: /home/hwt/桌面/sources/实验和项目类/os区域赛/rcore-lab/vendor/riscv/src/register/mhpmcounterx.rs:84:1
    |
84  | regh!(0xB9F, mhpmcounter31h, __read_mhpmcounter31h, __write_mhpmcounter31h);
    | --------------------------------------------------------------------------- in this macro invocation
    |
    = help: consider using a Cargo feature instead
    = help: or consider adding in `Cargo.toml` the `check-cfg` lint config for the lint:
             [lints.rust]
             unexpected_cfgs = { level = "warn", check-cfg = ['cfg(riscv32)'] }
    = help: or consider adding `println!("cargo::rustc-check-cfg=cfg(riscv32)");` to the top of the `build.rs`
    = note: see <https://doc.rust-lang.org/nightly/rustc/check-cfg/cargo-specifics.html> for more information about checking conditional configuration
    = note: this warning originates in the macro `write_csr_rv32` which comes from the expansion of the macro `regh` (in Nightly builds, run with -Z macro-backtrace for more info)

warning: unexpected `cfg` condition name: `riscv32`
   --> /home/hwt/桌面/sources/实验和项目类/os区域赛/rcore-lab/vendor/riscv/src/register/macros.rs:258:23
    |
258 |                 #[cfg(riscv32)]
    |                       ^^^^^^^ help: there is a config with a similar name: `riscv`
    |
   ::: /home/hwt/桌面/sources/实验和项目类/os区域赛/rcore-lab/vendor/riscv/src/register/minstret.rs:4:1
    |
4   | read_composite_csr!(super::minstreth::read(), read());
    | ----------------------------------------------------- in this macro invocation
    |
    = help: consider using a Cargo feature instead
    = help: or consider adding in `Cargo.toml` the `check-cfg` lint config for the lint:
             [lints.rust]
             unexpected_cfgs = { level = "warn", check-cfg = ['cfg(riscv32)'] }
    = help: or consider adding `println!("cargo::rustc-check-cfg=cfg(riscv32)");` to the top of the `build.rs`
    = note: see <https://doc.rust-lang.org/nightly/rustc/check-cfg/cargo-specifics.html> for more information about checking conditional configuration
    = note: this warning originates in the macro `read_composite_csr` (in Nightly builds, run with -Z macro-backtrace for more info)

warning: unexpected `cfg` condition name: `riscv32`
   --> /home/hwt/桌面/sources/实验和项目类/os区域赛/rcore-lab/vendor/riscv/src/register/macros.rs:267:27
    |
267 |                 #[cfg(not(riscv32))]
    |                           ^^^^^^^ help: there is a config with a similar name: `riscv`
    |
   ::: /home/hwt/桌面/sources/实验和项目类/os区域赛/rcore-lab/vendor/riscv/src/register/minstret.rs:4:1
    |
4   | read_composite_csr!(super::minstreth::read(), read());
    | ----------------------------------------------------- in this macro invocation
    |
    = help: consider using a Cargo feature instead
    = help: or consider adding in `Cargo.toml` the `check-cfg` lint config for the lint:
             [lints.rust]
             unexpected_cfgs = { level = "warn", check-cfg = ['cfg(riscv32)'] }
    = help: or consider adding `println!("cargo::rustc-check-cfg=cfg(riscv32)");` to the top of the `build.rs`
    = note: see <https://doc.rust-lang.org/nightly/rustc/check-cfg/cargo-specifics.html> for more information about checking conditional configuration
    = note: this warning originates in the macro `read_composite_csr` (in Nightly builds, run with -Z macro-backtrace for more info)

warning: unexpected `cfg` condition name: `riscv32`
  --> /home/hwt/桌面/sources/实验和项目类/os区域赛/rcore-lab/vendor/riscv/src/register/macros.rs:36:27
   |
36 |                 #[cfg(all(riscv32, feature = "inline-asm"))]
   |                           ^^^^^^^ help: there is a config with a similar name: `riscv`
   |
  ::: /home/hwt/桌面/sources/实验和项目类/os区域赛/rcore-lab/vendor/riscv/src/register/mcycleh.rs:3:1
   |
3  | read_csr_as_usize_rv32!(0xB80, __read_mcycleh);
   | ---------------------------------------------- in this macro invocation
   |
   = help: consider using a Cargo feature instead
   = help: or consider adding in `Cargo.toml` the `check-cfg` lint config for the lint:
            [lints.rust]
            unexpected_cfgs = { level = "warn", check-cfg = ['cfg(riscv32)'] }
   = help: or consider adding `println!("cargo::rustc-check-cfg=cfg(riscv32)");` to the top of the `build.rs`
   = note: see <https://doc.rust-lang.org/nightly/rustc/check-cfg/cargo-specifics.html> for more information about checking conditional configuration
   = note: this warning originates in the macro `read_csr_rv32` which comes from the expansion of the macro `read_csr_as_usize_rv32` (in Nightly builds, run with -Z macro-backtrace for more info)

warning: unexpected `cfg` condition name: `riscv32`
  --> /home/hwt/桌面/sources/实验和项目类/os区域赛/rcore-lab/vendor/riscv/src/register/macros.rs:43:27
   |
43 |                 #[cfg(all(riscv32, not(feature = "inline-asm")))]
   |                           ^^^^^^^ help: there is a config with a similar name: `riscv`
   |
  ::: /home/hwt/桌面/sources/实验和项目类/os区域赛/rcore-lab/vendor/riscv/src/register/mcycleh.rs:3:1
   |
3  | read_csr_as_usize_rv32!(0xB80, __read_mcycleh);
   | ---------------------------------------------- in this macro invocation
   |
   = help: consider using a Cargo feature instead
   = help: or consider adding in `Cargo.toml` the `check-cfg` lint config for the lint:
            [lints.rust]
            unexpected_cfgs = { level = "warn", check-cfg = ['cfg(riscv32)'] }
   = help: or consider adding `println!("cargo::rustc-check-cfg=cfg(riscv32)");` to the top of the `build.rs`
   = note: see <https://doc.rust-lang.org/nightly/rustc/check-cfg/cargo-specifics.html> for more information about checking conditional configuration
   = note: this warning originates in the macro `read_csr_rv32` which comes from the expansion of the macro `read_csr_as_usize_rv32` (in Nightly builds, run with -Z macro-backtrace for more info)

warning: unexpected `cfg` condition name: `riscv32`
  --> /home/hwt/桌面/sources/实验和项目类/os区域赛/rcore-lab/vendor/riscv/src/register/macros.rs:52:27
   |
52 |                 #[cfg(not(riscv32))]
   |                           ^^^^^^^ help: there is a config with a similar name: `riscv`
   |
  ::: /home/hwt/桌面/sources/实验和项目类/os区域赛/rcore-lab/vendor/riscv/src/register/mcycleh.rs:3:1
   |
3  | read_csr_as_usize_rv32!(0xB80, __read_mcycleh);
   | ---------------------------------------------- in this macro invocation
   |
   = help: consider using a Cargo feature instead
   = help: or consider adding in `Cargo.toml` the `check-cfg` lint config for the lint:
            [lints.rust]
            unexpected_cfgs = { level = "warn", check-cfg = ['cfg(riscv32)'] }
   = help: or consider adding `println!("cargo::rustc-check-cfg=cfg(riscv32)");` to the top of the `build.rs`
   = note: see <https://doc.rust-lang.org/nightly/rustc/check-cfg/cargo-specifics.html> for more information about checking conditional configuration
   = note: this warning originates in the macro `read_csr_rv32` which comes from the expansion of the macro `read_csr_as_usize_rv32` (in Nightly builds, run with -Z macro-backtrace for more info)

warning: unexpected `cfg` condition name: `riscv32`
  --> /home/hwt/桌面/sources/实验和项目类/os区域赛/rcore-lab/vendor/riscv/src/register/macros.rs:36:27
   |
36 |                 #[cfg(all(riscv32, feature = "inline-asm"))]
   |                           ^^^^^^^ help: there is a config with a similar name: `riscv`
   |
  ::: /home/hwt/桌面/sources/实验和项目类/os区域赛/rcore-lab/vendor/riscv/src/register/minstreth.rs:3:1
   |
3  | read_csr_as_usize_rv32!(0xB82, __read_minstreth);
   | ------------------------------------------------ in this macro invocation
   |
   = help: consider using a Cargo feature instead
   = help: or consider adding in `Cargo.toml` the `check-cfg` lint config for the lint:
            [lints.rust]
            unexpected_cfgs = { level = "warn", check-cfg = ['cfg(riscv32)'] }
   = help: or consider adding `println!("cargo::rustc-check-cfg=cfg(riscv32)");` to the top of the `build.rs`
   = note: see <https://doc.rust-lang.org/nightly/rustc/check-cfg/cargo-specifics.html> for more information about checking conditional configuration
   = note: this warning originates in the macro `read_csr_rv32` which comes from the expansion of the macro `read_csr_as_usize_rv32` (in Nightly builds, run with -Z macro-backtrace for more info)

warning: unexpected `cfg` condition name: `riscv32`
  --> /home/hwt/桌面/sources/实验和项目类/os区域赛/rcore-lab/vendor/riscv/src/register/macros.rs:43:27
   |
43 |                 #[cfg(all(riscv32, not(feature = "inline-asm")))]
   |                           ^^^^^^^ help: there is a config with a similar name: `riscv`
   |
  ::: /home/hwt/桌面/sources/实验和项目类/os区域赛/rcore-lab/vendor/riscv/src/register/minstreth.rs:3:1
   |
3  | read_csr_as_usize_rv32!(0xB82, __read_minstreth);
   | ------------------------------------------------ in this macro invocation
   |
   = help: consider using a Cargo feature instead
   = help: or consider adding in `Cargo.toml` the `check-cfg` lint config for the lint:
            [lints.rust]
            unexpected_cfgs = { level = "warn", check-cfg = ['cfg(riscv32)'] }
   = help: or consider adding `println!("cargo::rustc-check-cfg=cfg(riscv32)");` to the top of the `build.rs`
   = note: see <https://doc.rust-lang.org/nightly/rustc/check-cfg/cargo-specifics.html> for more information about checking conditional configuration
   = note: this warning originates in the macro `read_csr_rv32` which comes from the expansion of the macro `read_csr_as_usize_rv32` (in Nightly builds, run with -Z macro-backtrace for more info)

warning: unexpected `cfg` condition name: `riscv32`
  --> /home/hwt/桌面/sources/实验和项目类/os区域赛/rcore-lab/vendor/riscv/src/register/macros.rs:52:27
   |
52 |                 #[cfg(not(riscv32))]
   |                           ^^^^^^^ help: there is a config with a similar name: `riscv`
   |
  ::: /home/hwt/桌面/sources/实验和项目类/os区域赛/rcore-lab/vendor/riscv/src/register/minstreth.rs:3:1
   |
3  | read_csr_as_usize_rv32!(0xB82, __read_minstreth);
   | ------------------------------------------------ in this macro invocation
   |
   = help: consider using a Cargo feature instead
   = help: or consider adding in `Cargo.toml` the `check-cfg` lint config for the lint:
            [lints.rust]
            unexpected_cfgs = { level = "warn", check-cfg = ['cfg(riscv32)'] }
   = help: or consider adding `println!("cargo::rustc-check-cfg=cfg(riscv32)");` to the top of the `build.rs`
   = note: see <https://doc.rust-lang.org/nightly/rustc/check-cfg/cargo-specifics.html> for more information about checking conditional configuration
   = note: this warning originates in the macro `read_csr_rv32` which comes from the expansion of the macro `read_csr_as_usize_rv32` (in Nightly builds, run with -Z macro-backtrace for more info)

warning: unexpected `cfg` condition name: `riscv32`
   --> /home/hwt/桌面/sources/实验和项目类/os区域赛/rcore-lab/vendor/riscv/src/register/macros.rs:258:23
    |
258 |                 #[cfg(riscv32)]
    |                       ^^^^^^^ help: there is a config with a similar name: `riscv`
    |
   ::: /home/hwt/桌面/sources/实验和项目类/os区域赛/rcore-lab/vendor/riscv/src/register/hypervisorx64/htimedelta.rs:2:1
    |
2   | read_composite_csr!(super::htimedeltah::read(), read());
    | ------------------------------------------------------- in this macro invocation
    |
    = help: consider using a Cargo feature instead
    = help: or consider adding in `Cargo.toml` the `check-cfg` lint config for the lint:
             [lints.rust]
             unexpected_cfgs = { level = "warn", check-cfg = ['cfg(riscv32)'] }
    = help: or consider adding `println!("cargo::rustc-check-cfg=cfg(riscv32)");` to the top of the `build.rs`
    = note: see <https://doc.rust-lang.org/nightly/rustc/check-cfg/cargo-specifics.html> for more information about checking conditional configuration
    = note: this warning originates in the macro `read_composite_csr` (in Nightly builds, run with -Z macro-backtrace for more info)

warning: unexpected `cfg` condition name: `riscv32`
   --> /home/hwt/桌面/sources/实验和项目类/os区域赛/rcore-lab/vendor/riscv/src/register/macros.rs:267:27
    |
267 |                 #[cfg(not(riscv32))]
    |                           ^^^^^^^ help: there is a config with a similar name: `riscv`
    |
   ::: /home/hwt/桌面/sources/实验和项目类/os区域赛/rcore-lab/vendor/riscv/src/register/hypervisorx64/htimedelta.rs:2:1
    |
2   | read_composite_csr!(super::htimedeltah::read(), read());
    | ------------------------------------------------------- in this macro invocation
    |
    = help: consider using a Cargo feature instead
    = help: or consider adding in `Cargo.toml` the `check-cfg` lint config for the lint:
             [lints.rust]
             unexpected_cfgs = { level = "warn", check-cfg = ['cfg(riscv32)'] }
    = help: or consider adding `println!("cargo::rustc-check-cfg=cfg(riscv32)");` to the top of the `build.rs`
    = note: see <https://doc.rust-lang.org/nightly/rustc/check-cfg/cargo-specifics.html> for more information about checking conditional configuration
    = note: this warning originates in the macro `read_composite_csr` (in Nightly builds, run with -Z macro-backtrace for more info)

warning: `riscv` (lib) generated 430 warnings
   Compiling os v0.1.0 (/home/hwt/桌面/sources/实验和项目类/os区域赛/rcore-lab/os)
    Finished `release` profile [optimized] target(s) in 3.21s
qemu-system-riscv64: terminating on signal 15 from pid 792105 (timeout)
